[2025-05-07 16:34:14] local.ERROR: Maximum retries of 10000 reached without finding a unique value {"exception":"[object] (OverflowException(code: 0): Maximum retries of 10000 reached without finding a unique value at C:\\Users\\Domain\\Desktop\\Laravel\\inventory\\vendor\\fakerphp\\faker\\src\\Faker\\UniqueGenerator.php:80)
[stacktrace]
#0 C:\\Users\\Domain\\Desktop\\Laravel\\inventory\\database\\factories\\AssetsFactory.php(26): Faker\\UniqueGenerator->__call('randomElement', Array)
#1 C:\\Users\\Domain\\Desktop\\Laravel\\inventory\\vendor\\laravel\\framework\\src\\Illuminate\\Database\\Eloquent\\Factories\\Factory.php(467): Database\\Factories\\AssetsFactory->definition()
#2 C:\\Users\\Domain\\Desktop\\Laravel\\inventory\\vendor\\laravel\\framework\\src\\Illuminate\\Database\\Eloquent\\Factories\\Factory.php(446): Illuminate\\Database\\Eloquent\\Factories\\Factory->getRawAttributes(NULL)
#3 C:\\Users\\Domain\\Desktop\\Laravel\\inventory\\vendor\\laravel\\framework\\src\\Illuminate\\Database\\Eloquent\\Factories\\Factory.php(430): Illuminate\\Database\\Eloquent\\Factories\\Factory->getExpandedAttributes(NULL)
#4 C:\\Users\\Domain\\Desktop\\Laravel\\inventory\\vendor\\laravel\\framework\\src\\Illuminate\\Database\\Eloquent\\Concerns\\GuardsAttributes.php(149): Illuminate\\Database\\Eloquent\\Factories\\Factory->Illuminate\\Database\\Eloquent\\Factories\\{closure}()
#5 C:\\Users\\Domain\\Desktop\\Laravel\\inventory\\vendor\\laravel\\framework\\src\\Illuminate\\Database\\Eloquent\\Factories\\Factory.php(429): Illuminate\\Database\\Eloquent\\Model::unguarded(Object(Closure))
#6 C:\\Users\\Domain\\Desktop\\Laravel\\inventory\\vendor\\laravel\\framework\\src\\Illuminate\\Database\\Eloquent\\Factories\\Factory.php(413): Illuminate\\Database\\Eloquent\\Factories\\Factory->makeInstance(NULL)
#7 [internal function]: Illuminate\\Database\\Eloquent\\Factories\\Factory->Illuminate\\Database\\Eloquent\\Factories\\{closure}(64)
#8 C:\\Users\\Domain\\Desktop\\Laravel\\inventory\\vendor\\laravel\\framework\\src\\Illuminate\\Database\\Eloquent\\Factories\\Factory.php(412): array_map(Object(Closure), Array)
#9 C:\\Users\\Domain\\Desktop\\Laravel\\inventory\\vendor\\laravel\\framework\\src\\Illuminate\\Database\\Eloquent\\Factories\\Factory.php(299): Illuminate\\Database\\Eloquent\\Factories\\Factory->make(Array, NULL)
#10 C:\\Users\\Domain\\Desktop\\Laravel\\inventory\\database\\seeders\\AssetsSeeder.php(28): Illuminate\\Database\\Eloquent\\Factories\\Factory->create()
#11 C:\\Users\\Domain\\Desktop\\Laravel\\inventory\\vendor\\laravel\\framework\\src\\Illuminate\\Container\\BoundMethod.php(36): Database\\Seeders\\AssetsSeeder->run()
#12 C:\\Users\\Domain\\Desktop\\Laravel\\inventory\\vendor\\laravel\\framework\\src\\Illuminate\\Container\\Util.php(43): Illuminate\\Container\\BoundMethod::Illuminate\\Container\\{closure}()
#13 C:\\Users\\Domain\\Desktop\\Laravel\\inventory\\vendor\\laravel\\framework\\src\\Illuminate\\Container\\BoundMethod.php(96): Illuminate\\Container\\Util::unwrapIfClosure(Object(Closure))
#14 C:\\Users\\Domain\\Desktop\\Laravel\\inventory\\vendor\\laravel\\framework\\src\\Illuminate\\Container\\BoundMethod.php(35): Illuminate\\Container\\BoundMethod::callBoundMethod(Object(Illuminate\\Foundation\\Application), Array, Object(Closure))
#15 C:\\Users\\Domain\\Desktop\\Laravel\\inventory\\vendor\\laravel\\framework\\src\\Illuminate\\Container\\Container.php(754): Illuminate\\Container\\BoundMethod::call(Object(Illuminate\\Foundation\\Application), Array, Array, NULL)
#16 C:\\Users\\Domain\\Desktop\\Laravel\\inventory\\vendor\\laravel\\framework\\src\\Illuminate\\Database\\Seeder.php(188): Illuminate\\Container\\Container->call(Array, Array)
#17 C:\\Users\\Domain\\Desktop\\Laravel\\inventory\\vendor\\laravel\\framework\\src\\Illuminate\\Database\\Seeder.php(197): Illuminate\\Database\\Seeder->Illuminate\\Database\\{closure}()
#18 C:\\Users\\Domain\\Desktop\\Laravel\\inventory\\vendor\\laravel\\framework\\src\\Illuminate\\Database\\Seeder.php(61): Illuminate\\Database\\Seeder->__invoke(Array)
#19 C:\\Users\\Domain\\Desktop\\Laravel\\inventory\\database\\seeders\\DatabaseSeeder.php(24): Illuminate\\Database\\Seeder->call('Database\\\\Seeder...')
#20 C:\\Users\\Domain\\Desktop\\Laravel\\inventory\\vendor\\laravel\\framework\\src\\Illuminate\\Container\\BoundMethod.php(36): Database\\Seeders\\DatabaseSeeder->run()
#21 C:\\Users\\Domain\\Desktop\\Laravel\\inventory\\vendor\\laravel\\framework\\src\\Illuminate\\Container\\Util.php(43): Illuminate\\Container\\BoundMethod::Illuminate\\Container\\{closure}()
#22 C:\\Users\\Domain\\Desktop\\Laravel\\inventory\\vendor\\laravel\\framework\\src\\Illuminate\\Container\\BoundMethod.php(96): Illuminate\\Container\\Util::unwrapIfClosure(Object(Closure))
#23 C:\\Users\\Domain\\Desktop\\Laravel\\inventory\\vendor\\laravel\\framework\\src\\Illuminate\\Container\\BoundMethod.php(35): Illuminate\\Container\\BoundMethod::callBoundMethod(Object(Illuminate\\Foundation\\Application), Array, Object(Closure))
#24 C:\\Users\\Domain\\Desktop\\Laravel\\inventory\\vendor\\laravel\\framework\\src\\Illuminate\\Container\\Container.php(754): Illuminate\\Container\\BoundMethod::call(Object(Illuminate\\Foundation\\Application), Array, Array, NULL)
#25 C:\\Users\\Domain\\Desktop\\Laravel\\inventory\\vendor\\laravel\\framework\\src\\Illuminate\\Database\\Seeder.php(188): Illuminate\\Container\\Container->call(Array, Array)
#26 C:\\Users\\Domain\\Desktop\\Laravel\\inventory\\vendor\\laravel\\framework\\src\\Illuminate\\Database\\Seeder.php(197): Illuminate\\Database\\Seeder->Illuminate\\Database\\{closure}()
#27 C:\\Users\\Domain\\Desktop\\Laravel\\inventory\\vendor\\laravel\\framework\\src\\Illuminate\\Database\\Console\\Seeds\\SeedCommand.php(71): Illuminate\\Database\\Seeder->__invoke()
#28 C:\\Users\\Domain\\Desktop\\Laravel\\inventory\\vendor\\laravel\\framework\\src\\Illuminate\\Database\\Eloquent\\Concerns\\GuardsAttributes.php(155): Illuminate\\Database\\Console\\Seeds\\SeedCommand->Illuminate\\Database\\Console\\Seeds\\{closure}()
#29 C:\\Users\\Domain\\Desktop\\Laravel\\inventory\\vendor\\laravel\\framework\\src\\Illuminate\\Database\\Console\\Seeds\\SeedCommand.php(70): Illuminate\\Database\\Eloquent\\Model::unguarded(Object(Closure))
#30 C:\\Users\\Domain\\Desktop\\Laravel\\inventory\\vendor\\laravel\\framework\\src\\Illuminate\\Container\\BoundMethod.php(36): Illuminate\\Database\\Console\\Seeds\\SeedCommand->handle()
#31 C:\\Users\\Domain\\Desktop\\Laravel\\inventory\\vendor\\laravel\\framework\\src\\Illuminate\\Container\\Util.php(43): Illuminate\\Container\\BoundMethod::Illuminate\\Container\\{closure}()
#32 C:\\Users\\Domain\\Desktop\\Laravel\\inventory\\vendor\\laravel\\framework\\src\\Illuminate\\Container\\BoundMethod.php(96): Illuminate\\Container\\Util::unwrapIfClosure(Object(Closure))
#33 C:\\Users\\Domain\\Desktop\\Laravel\\inventory\\vendor\\laravel\\framework\\src\\Illuminate\\Container\\BoundMethod.php(35): Illuminate\\Container\\BoundMethod::callBoundMethod(Object(Illuminate\\Foundation\\Application), Array, Object(Closure))
#34 C:\\Users\\Domain\\Desktop\\Laravel\\inventory\\vendor\\laravel\\framework\\src\\Illuminate\\Container\\Container.php(754): Illuminate\\Container\\BoundMethod::call(Object(Illuminate\\Foundation\\Application), Array, Array, NULL)
#35 C:\\Users\\Domain\\Desktop\\Laravel\\inventory\\vendor\\laravel\\framework\\src\\Illuminate\\Console\\Command.php(211): Illuminate\\Container\\Container->call(Array)
#36 C:\\Users\\Domain\\Desktop\\Laravel\\inventory\\vendor\\symfony\\console\\Command\\Command.php(279): Illuminate\\Console\\Command->execute(Object(Symfony\\Component\\Console\\Input\\ArrayInput), Object(Illuminate\\Console\\OutputStyle))
#37 C:\\Users\\Domain\\Desktop\\Laravel\\inventory\\vendor\\laravel\\framework\\src\\Illuminate\\Console\\Command.php(180): Symfony\\Component\\Console\\Command\\Command->run(Object(Symfony\\Component\\Console\\Input\\ArrayInput), Object(Illuminate\\Console\\OutputStyle))
#38 C:\\Users\\Domain\\Desktop\\Laravel\\inventory\\vendor\\laravel\\framework\\src\\Illuminate\\Console\\Concerns\\CallsCommands.php(68): Illuminate\\Console\\Command->run(Object(Symfony\\Component\\Console\\Input\\ArrayInput), Object(Illuminate\\Console\\OutputStyle))
#39 C:\\Users\\Domain\\Desktop\\Laravel\\inventory\\vendor\\laravel\\framework\\src\\Illuminate\\Console\\Concerns\\CallsCommands.php(29): Illuminate\\Console\\Command->runCommand('db:seed', Array, Object(Illuminate\\Console\\OutputStyle))
#40 C:\\Users\\Domain\\Desktop\\Laravel\\inventory\\vendor\\laravel\\framework\\src\\Illuminate\\Database\\Console\\Migrations\\FreshCommand.php(121): Illuminate\\Console\\Command->call('db:seed', Array)
#41 C:\\Users\\Domain\\Desktop\\Laravel\\inventory\\vendor\\laravel\\framework\\src\\Illuminate\\Database\\Console\\Migrations\\FreshCommand.php(97): Illuminate\\Database\\Console\\Migrations\\FreshCommand->runSeeder(NULL)
#42 C:\\Users\\Domain\\Desktop\\Laravel\\inventory\\vendor\\laravel\\framework\\src\\Illuminate\\Container\\BoundMethod.php(36): Illuminate\\Database\\Console\\Migrations\\FreshCommand->handle()
#43 C:\\Users\\Domain\\Desktop\\Laravel\\inventory\\vendor\\laravel\\framework\\src\\Illuminate\\Container\\Util.php(43): Illuminate\\Container\\BoundMethod::Illuminate\\Container\\{closure}()
#44 C:\\Users\\Domain\\Desktop\\Laravel\\inventory\\vendor\\laravel\\framework\\src\\Illuminate\\Container\\BoundMethod.php(96): Illuminate\\Container\\Util::unwrapIfClosure(Object(Closure))
#45 C:\\Users\\Domain\\Desktop\\Laravel\\inventory\\vendor\\laravel\\framework\\src\\Illuminate\\Container\\BoundMethod.php(35): Illuminate\\Container\\BoundMethod::callBoundMethod(Object(Illuminate\\Foundation\\Application), Array, Object(Closure))
#46 C:\\Users\\Domain\\Desktop\\Laravel\\inventory\\vendor\\laravel\\framework\\src\\Illuminate\\Container\\Container.php(754): Illuminate\\Container\\BoundMethod::call(Object(Illuminate\\Foundation\\Application), Array, Array, NULL)
#47 C:\\Users\\Domain\\Desktop\\Laravel\\inventory\\vendor\\laravel\\framework\\src\\Illuminate\\Console\\Command.php(211): Illuminate\\Container\\Container->call(Array)
#48 C:\\Users\\Domain\\Desktop\\Laravel\\inventory\\vendor\\symfony\\console\\Command\\Command.php(279): Illuminate\\Console\\Command->execute(Object(Symfony\\Component\\Console\\Input\\ArgvInput), Object(Illuminate\\Console\\OutputStyle))
#49 C:\\Users\\Domain\\Desktop\\Laravel\\inventory\\vendor\\laravel\\framework\\src\\Illuminate\\Console\\Command.php(180): Symfony\\Component\\Console\\Command\\Command->run(Object(Symfony\\Component\\Console\\Input\\ArgvInput), Object(Illuminate\\Console\\OutputStyle))
#50 C:\\Users\\Domain\\Desktop\\Laravel\\inventory\\vendor\\symfony\\console\\Application.php(1094): Illuminate\\Console\\Command->run(Object(Symfony\\Component\\Console\\Input\\ArgvInput), Object(Symfony\\Component\\Console\\Output\\ConsoleOutput))
#51 C:\\Users\\Domain\\Desktop\\Laravel\\inventory\\vendor\\symfony\\console\\Application.php(342): Symfony\\Component\\Console\\Application->doRunCommand(Object(Illuminate\\Database\\Console\\Migrations\\FreshCommand), Object(Symfony\\Component\\Console\\Input\\ArgvInput), Object(Symfony\\Component\\Console\\Output\\ConsoleOutput))
#52 C:\\Users\\Domain\\Desktop\\Laravel\\inventory\\vendor\\symfony\\console\\Application.php(193): Symfony\\Component\\Console\\Application->doRun(Object(Symfony\\Component\\Console\\Input\\ArgvInput), Object(Symfony\\Component\\Console\\Output\\ConsoleOutput))
#53 C:\\Users\\Domain\\Desktop\\Laravel\\inventory\\vendor\\laravel\\framework\\src\\Illuminate\\Foundation\\Console\\Kernel.php(197): Symfony\\Component\\Console\\Application->run(Object(Symfony\\Component\\Console\\Input\\ArgvInput), Object(Symfony\\Component\\Console\\Output\\ConsoleOutput))
#54 C:\\Users\\Domain\\Desktop\\Laravel\\inventory\\vendor\\laravel\\framework\\src\\Illuminate\\Foundation\\Application.php(1234): Illuminate\\Foundation\\Console\\Kernel->handle(Object(Symfony\\Component\\Console\\Input\\ArgvInput), Object(Symfony\\Component\\Console\\Output\\ConsoleOutput))
#55 C:\\Users\\Domain\\Desktop\\Laravel\\inventory\\artisan(16): Illuminate\\Foundation\\Application->handleCommand(Object(Symfony\\Component\\Console\\Input\\ArgvInput))
#56 {main}
"} 
[2025-05-07 16:34:36] local.ERROR: Maximum retries of 10000 reached without finding a unique value {"exception":"[object] (OverflowException(code: 0): Maximum retries of 10000 reached without finding a unique value at C:\\Users\\Domain\\Desktop\\Laravel\\inventory\\vendor\\fakerphp\\faker\\src\\Faker\\UniqueGenerator.php:80)
[stacktrace]
#0 C:\\Users\\Domain\\Desktop\\Laravel\\inventory\\database\\factories\\AssetsFactory.php(26): Faker\\UniqueGenerator->__call('randomElement', Array)
#1 C:\\Users\\Domain\\Desktop\\Laravel\\inventory\\vendor\\laravel\\framework\\src\\Illuminate\\Database\\Eloquent\\Factories\\Factory.php(467): Database\\Factories\\AssetsFactory->definition()
#2 C:\\Users\\Domain\\Desktop\\Laravel\\inventory\\vendor\\laravel\\framework\\src\\Illuminate\\Database\\Eloquent\\Factories\\Factory.php(446): Illuminate\\Database\\Eloquent\\Factories\\Factory->getRawAttributes(NULL)
#3 C:\\Users\\Domain\\Desktop\\Laravel\\inventory\\vendor\\laravel\\framework\\src\\Illuminate\\Database\\Eloquent\\Factories\\Factory.php(430): Illuminate\\Database\\Eloquent\\Factories\\Factory->getExpandedAttributes(NULL)
#4 C:\\Users\\Domain\\Desktop\\Laravel\\inventory\\vendor\\laravel\\framework\\src\\Illuminate\\Database\\Eloquent\\Concerns\\GuardsAttributes.php(149): Illuminate\\Database\\Eloquent\\Factories\\Factory->Illuminate\\Database\\Eloquent\\Factories\\{closure}()
#5 C:\\Users\\Domain\\Desktop\\Laravel\\inventory\\vendor\\laravel\\framework\\src\\Illuminate\\Database\\Eloquent\\Factories\\Factory.php(429): Illuminate\\Database\\Eloquent\\Model::unguarded(Object(Closure))
#6 C:\\Users\\Domain\\Desktop\\Laravel\\inventory\\vendor\\laravel\\framework\\src\\Illuminate\\Database\\Eloquent\\Factories\\Factory.php(413): Illuminate\\Database\\Eloquent\\Factories\\Factory->makeInstance(NULL)
#7 [internal function]: Illuminate\\Database\\Eloquent\\Factories\\Factory->Illuminate\\Database\\Eloquent\\Factories\\{closure}(64)
#8 C:\\Users\\Domain\\Desktop\\Laravel\\inventory\\vendor\\laravel\\framework\\src\\Illuminate\\Database\\Eloquent\\Factories\\Factory.php(412): array_map(Object(Closure), Array)
#9 C:\\Users\\Domain\\Desktop\\Laravel\\inventory\\vendor\\laravel\\framework\\src\\Illuminate\\Database\\Eloquent\\Factories\\Factory.php(299): Illuminate\\Database\\Eloquent\\Factories\\Factory->make(Array, NULL)
#10 C:\\Users\\Domain\\Desktop\\Laravel\\inventory\\database\\seeders\\AssetsSeeder.php(28): Illuminate\\Database\\Eloquent\\Factories\\Factory->create()
#11 C:\\Users\\Domain\\Desktop\\Laravel\\inventory\\vendor\\laravel\\framework\\src\\Illuminate\\Container\\BoundMethod.php(36): Database\\Seeders\\AssetsSeeder->run()
#12 C:\\Users\\Domain\\Desktop\\Laravel\\inventory\\vendor\\laravel\\framework\\src\\Illuminate\\Container\\Util.php(43): Illuminate\\Container\\BoundMethod::Illuminate\\Container\\{closure}()
#13 C:\\Users\\Domain\\Desktop\\Laravel\\inventory\\vendor\\laravel\\framework\\src\\Illuminate\\Container\\BoundMethod.php(96): Illuminate\\Container\\Util::unwrapIfClosure(Object(Closure))
#14 C:\\Users\\Domain\\Desktop\\Laravel\\inventory\\vendor\\laravel\\framework\\src\\Illuminate\\Container\\BoundMethod.php(35): Illuminate\\Container\\BoundMethod::callBoundMethod(Object(Illuminate\\Foundation\\Application), Array, Object(Closure))
#15 C:\\Users\\Domain\\Desktop\\Laravel\\inventory\\vendor\\laravel\\framework\\src\\Illuminate\\Container\\Container.php(754): Illuminate\\Container\\BoundMethod::call(Object(Illuminate\\Foundation\\Application), Array, Array, NULL)
#16 C:\\Users\\Domain\\Desktop\\Laravel\\inventory\\vendor\\laravel\\framework\\src\\Illuminate\\Database\\Seeder.php(188): Illuminate\\Container\\Container->call(Array, Array)
#17 C:\\Users\\Domain\\Desktop\\Laravel\\inventory\\vendor\\laravel\\framework\\src\\Illuminate\\Database\\Seeder.php(197): Illuminate\\Database\\Seeder->Illuminate\\Database\\{closure}()
#18 C:\\Users\\Domain\\Desktop\\Laravel\\inventory\\vendor\\laravel\\framework\\src\\Illuminate\\Database\\Seeder.php(61): Illuminate\\Database\\Seeder->__invoke(Array)
#19 C:\\Users\\Domain\\Desktop\\Laravel\\inventory\\database\\seeders\\DatabaseSeeder.php(24): Illuminate\\Database\\Seeder->call('Database\\\\Seeder...')
#20 C:\\Users\\Domain\\Desktop\\Laravel\\inventory\\vendor\\laravel\\framework\\src\\Illuminate\\Container\\BoundMethod.php(36): Database\\Seeders\\DatabaseSeeder->run()
#21 C:\\Users\\Domain\\Desktop\\Laravel\\inventory\\vendor\\laravel\\framework\\src\\Illuminate\\Container\\Util.php(43): Illuminate\\Container\\BoundMethod::Illuminate\\Container\\{closure}()
#22 C:\\Users\\Domain\\Desktop\\Laravel\\inventory\\vendor\\laravel\\framework\\src\\Illuminate\\Container\\BoundMethod.php(96): Illuminate\\Container\\Util::unwrapIfClosure(Object(Closure))
#23 C:\\Users\\Domain\\Desktop\\Laravel\\inventory\\vendor\\laravel\\framework\\src\\Illuminate\\Container\\BoundMethod.php(35): Illuminate\\Container\\BoundMethod::callBoundMethod(Object(Illuminate\\Foundation\\Application), Array, Object(Closure))
#24 C:\\Users\\Domain\\Desktop\\Laravel\\inventory\\vendor\\laravel\\framework\\src\\Illuminate\\Container\\Container.php(754): Illuminate\\Container\\BoundMethod::call(Object(Illuminate\\Foundation\\Application), Array, Array, NULL)
#25 C:\\Users\\Domain\\Desktop\\Laravel\\inventory\\vendor\\laravel\\framework\\src\\Illuminate\\Database\\Seeder.php(188): Illuminate\\Container\\Container->call(Array, Array)
#26 C:\\Users\\Domain\\Desktop\\Laravel\\inventory\\vendor\\laravel\\framework\\src\\Illuminate\\Database\\Seeder.php(197): Illuminate\\Database\\Seeder->Illuminate\\Database\\{closure}()
#27 C:\\Users\\Domain\\Desktop\\Laravel\\inventory\\vendor\\laravel\\framework\\src\\Illuminate\\Database\\Console\\Seeds\\SeedCommand.php(71): Illuminate\\Database\\Seeder->__invoke()
#28 C:\\Users\\Domain\\Desktop\\Laravel\\inventory\\vendor\\laravel\\framework\\src\\Illuminate\\Database\\Eloquent\\Concerns\\GuardsAttributes.php(155): Illuminate\\Database\\Console\\Seeds\\SeedCommand->Illuminate\\Database\\Console\\Seeds\\{closure}()
#29 C:\\Users\\Domain\\Desktop\\Laravel\\inventory\\vendor\\laravel\\framework\\src\\Illuminate\\Database\\Console\\Seeds\\SeedCommand.php(70): Illuminate\\Database\\Eloquent\\Model::unguarded(Object(Closure))
#30 C:\\Users\\Domain\\Desktop\\Laravel\\inventory\\vendor\\laravel\\framework\\src\\Illuminate\\Container\\BoundMethod.php(36): Illuminate\\Database\\Console\\Seeds\\SeedCommand->handle()
#31 C:\\Users\\Domain\\Desktop\\Laravel\\inventory\\vendor\\laravel\\framework\\src\\Illuminate\\Container\\Util.php(43): Illuminate\\Container\\BoundMethod::Illuminate\\Container\\{closure}()
#32 C:\\Users\\Domain\\Desktop\\Laravel\\inventory\\vendor\\laravel\\framework\\src\\Illuminate\\Container\\BoundMethod.php(96): Illuminate\\Container\\Util::unwrapIfClosure(Object(Closure))
#33 C:\\Users\\Domain\\Desktop\\Laravel\\inventory\\vendor\\laravel\\framework\\src\\Illuminate\\Container\\BoundMethod.php(35): Illuminate\\Container\\BoundMethod::callBoundMethod(Object(Illuminate\\Foundation\\Application), Array, Object(Closure))
#34 C:\\Users\\Domain\\Desktop\\Laravel\\inventory\\vendor\\laravel\\framework\\src\\Illuminate\\Container\\Container.php(754): Illuminate\\Container\\BoundMethod::call(Object(Illuminate\\Foundation\\Application), Array, Array, NULL)
#35 C:\\Users\\Domain\\Desktop\\Laravel\\inventory\\vendor\\laravel\\framework\\src\\Illuminate\\Console\\Command.php(211): Illuminate\\Container\\Container->call(Array)
#36 C:\\Users\\Domain\\Desktop\\Laravel\\inventory\\vendor\\symfony\\console\\Command\\Command.php(279): Illuminate\\Console\\Command->execute(Object(Symfony\\Component\\Console\\Input\\ArrayInput), Object(Illuminate\\Console\\OutputStyle))
#37 C:\\Users\\Domain\\Desktop\\Laravel\\inventory\\vendor\\laravel\\framework\\src\\Illuminate\\Console\\Command.php(180): Symfony\\Component\\Console\\Command\\Command->run(Object(Symfony\\Component\\Console\\Input\\ArrayInput), Object(Illuminate\\Console\\OutputStyle))
#38 C:\\Users\\Domain\\Desktop\\Laravel\\inventory\\vendor\\laravel\\framework\\src\\Illuminate\\Console\\Concerns\\CallsCommands.php(68): Illuminate\\Console\\Command->run(Object(Symfony\\Component\\Console\\Input\\ArrayInput), Object(Illuminate\\Console\\OutputStyle))
#39 C:\\Users\\Domain\\Desktop\\Laravel\\inventory\\vendor\\laravel\\framework\\src\\Illuminate\\Console\\Concerns\\CallsCommands.php(29): Illuminate\\Console\\Command->runCommand('db:seed', Array, Object(Illuminate\\Console\\OutputStyle))
#40 C:\\Users\\Domain\\Desktop\\Laravel\\inventory\\vendor\\laravel\\framework\\src\\Illuminate\\Database\\Console\\Migrations\\FreshCommand.php(121): Illuminate\\Console\\Command->call('db:seed', Array)
#41 C:\\Users\\Domain\\Desktop\\Laravel\\inventory\\vendor\\laravel\\framework\\src\\Illuminate\\Database\\Console\\Migrations\\FreshCommand.php(97): Illuminate\\Database\\Console\\Migrations\\FreshCommand->runSeeder(NULL)
#42 C:\\Users\\Domain\\Desktop\\Laravel\\inventory\\vendor\\laravel\\framework\\src\\Illuminate\\Container\\BoundMethod.php(36): Illuminate\\Database\\Console\\Migrations\\FreshCommand->handle()
#43 C:\\Users\\Domain\\Desktop\\Laravel\\inventory\\vendor\\laravel\\framework\\src\\Illuminate\\Container\\Util.php(43): Illuminate\\Container\\BoundMethod::Illuminate\\Container\\{closure}()
#44 C:\\Users\\Domain\\Desktop\\Laravel\\inventory\\vendor\\laravel\\framework\\src\\Illuminate\\Container\\BoundMethod.php(96): Illuminate\\Container\\Util::unwrapIfClosure(Object(Closure))
#45 C:\\Users\\Domain\\Desktop\\Laravel\\inventory\\vendor\\laravel\\framework\\src\\Illuminate\\Container\\BoundMethod.php(35): Illuminate\\Container\\BoundMethod::callBoundMethod(Object(Illuminate\\Foundation\\Application), Array, Object(Closure))
#46 C:\\Users\\Domain\\Desktop\\Laravel\\inventory\\vendor\\laravel\\framework\\src\\Illuminate\\Container\\Container.php(754): Illuminate\\Container\\BoundMethod::call(Object(Illuminate\\Foundation\\Application), Array, Array, NULL)
#47 C:\\Users\\Domain\\Desktop\\Laravel\\inventory\\vendor\\laravel\\framework\\src\\Illuminate\\Console\\Command.php(211): Illuminate\\Container\\Container->call(Array)
#48 C:\\Users\\Domain\\Desktop\\Laravel\\inventory\\vendor\\symfony\\console\\Command\\Command.php(279): Illuminate\\Console\\Command->execute(Object(Symfony\\Component\\Console\\Input\\ArgvInput), Object(Illuminate\\Console\\OutputStyle))
#49 C:\\Users\\Domain\\Desktop\\Laravel\\inventory\\vendor\\laravel\\framework\\src\\Illuminate\\Console\\Command.php(180): Symfony\\Component\\Console\\Command\\Command->run(Object(Symfony\\Component\\Console\\Input\\ArgvInput), Object(Illuminate\\Console\\OutputStyle))
#50 C:\\Users\\Domain\\Desktop\\Laravel\\inventory\\vendor\\symfony\\console\\Application.php(1094): Illuminate\\Console\\Command->run(Object(Symfony\\Component\\Console\\Input\\ArgvInput), Object(Symfony\\Component\\Console\\Output\\ConsoleOutput))
#51 C:\\Users\\Domain\\Desktop\\Laravel\\inventory\\vendor\\symfony\\console\\Application.php(342): Symfony\\Component\\Console\\Application->doRunCommand(Object(Illuminate\\Database\\Console\\Migrations\\FreshCommand), Object(Symfony\\Component\\Console\\Input\\ArgvInput), Object(Symfony\\Component\\Console\\Output\\ConsoleOutput))
#52 C:\\Users\\Domain\\Desktop\\Laravel\\inventory\\vendor\\symfony\\console\\Application.php(193): Symfony\\Component\\Console\\Application->doRun(Object(Symfony\\Component\\Console\\Input\\ArgvInput), Object(Symfony\\Component\\Console\\Output\\ConsoleOutput))
#53 C:\\Users\\Domain\\Desktop\\Laravel\\inventory\\vendor\\laravel\\framework\\src\\Illuminate\\Foundation\\Console\\Kernel.php(197): Symfony\\Component\\Console\\Application->run(Object(Symfony\\Component\\Console\\Input\\ArgvInput), Object(Symfony\\Component\\Console\\Output\\ConsoleOutput))
#54 C:\\Users\\Domain\\Desktop\\Laravel\\inventory\\vendor\\laravel\\framework\\src\\Illuminate\\Foundation\\Application.php(1234): Illuminate\\Foundation\\Console\\Kernel->handle(Object(Symfony\\Component\\Console\\Input\\ArgvInput), Object(Symfony\\Component\\Console\\Output\\ConsoleOutput))
#55 C:\\Users\\Domain\\Desktop\\Laravel\\inventory\\artisan(16): Illuminate\\Foundation\\Application->handleCommand(Object(Symfony\\Component\\Console\\Input\\ArgvInput))
#56 {main}
"} 
[2025-05-07 16:38:02] local.ERROR: There are no commands defined in the "clear" namespace. {"exception":"[object] (Symfony\\Component\\Console\\Exception\\NamespaceNotFoundException(code: 0): There are no commands defined in the \"clear\" namespace. at C:\\Users\\Domain\\Desktop\\Laravel\\inventory\\vendor\\symfony\\console\\Application.php:660)
[stacktrace]
#0 C:\\Users\\Domain\\Desktop\\Laravel\\inventory\\vendor\\symfony\\console\\Application.php(709): Symfony\\Component\\Console\\Application->findNamespace('clear')
#1 C:\\Users\\Domain\\Desktop\\Laravel\\inventory\\vendor\\symfony\\console\\Application.php(284): Symfony\\Component\\Console\\Application->find('clear:cache')
#2 C:\\Users\\Domain\\Desktop\\Laravel\\inventory\\vendor\\symfony\\console\\Application.php(193): Symfony\\Component\\Console\\Application->doRun(Object(Symfony\\Component\\Console\\Input\\ArgvInput), Object(Symfony\\Component\\Console\\Output\\ConsoleOutput))
#3 C:\\Users\\Domain\\Desktop\\Laravel\\inventory\\vendor\\laravel\\framework\\src\\Illuminate\\Foundation\\Console\\Kernel.php(197): Symfony\\Component\\Console\\Application->run(Object(Symfony\\Component\\Console\\Input\\ArgvInput), Object(Symfony\\Component\\Console\\Output\\ConsoleOutput))
#4 C:\\Users\\Domain\\Desktop\\Laravel\\inventory\\vendor\\laravel\\framework\\src\\Illuminate\\Foundation\\Application.php(1234): Illuminate\\Foundation\\Console\\Kernel->handle(Object(Symfony\\Component\\Console\\Input\\ArgvInput), Object(Symfony\\Component\\Console\\Output\\ConsoleOutput))
#5 C:\\Users\\Domain\\Desktop\\Laravel\\inventory\\artisan(16): Illuminate\\Foundation\\Application->handleCommand(Object(Symfony\\Component\\Console\\Input\\ArgvInput))
#6 {main}
"} 
[2025-05-07 16:51:32] local.ERROR: SQLSTATE[23000]: Integrity constraint violation: 1062 Duplicate entry 'mohdizwanmanda@gmail.com' for key 'users_email_unique' (Connection: mysql, SQL: insert into `users` (`name`, `email`, `password`, `branch_id`, `access_level_id`, `updated_at`, `created_at`) values (MOHD IZWAN BIN MANDA, mohdizwanmanda@gmail.com, $2y$12$04l2cJxvuV1SuttktQi78OMnK5wbiteF/tbC506Zs2JGJ5otM6Zqq, 1, 2, 2025-05-07 16:51:32, 2025-05-07 16:51:32)) {"exception":"[object] (Illuminate\\Database\\UniqueConstraintViolationException(code: 23000): SQLSTATE[23000]: Integrity constraint violation: 1062 Duplicate entry 'mohdizwanmanda@gmail.com' for key 'users_email_unique' (Connection: mysql, SQL: insert into `users` (`name`, `email`, `password`, `branch_id`, `access_level_id`, `updated_at`, `created_at`) values (MOHD IZWAN BIN MANDA, mohdizwanmanda@gmail.com, $2y$12$04l2cJxvuV1SuttktQi78OMnK5wbiteF/tbC506Zs2JGJ5otM6Zqq, 1, 2, 2025-05-07 16:51:32, 2025-05-07 16:51:32)) at C:\\Users\\Domain\\Desktop\\Laravel\\inventory\\vendor\\laravel\\framework\\src\\Illuminate\\Database\\Connection.php:817)
[stacktrace]
#0 C:\\Users\\Domain\\Desktop\\Laravel\\inventory\\vendor\\laravel\\framework\\src\\Illuminate\\Database\\Connection.php(776): Illuminate\\Database\\Connection->runQueryCallback('insert into `us...', Array, Object(Closure))
#1 C:\\Users\\Domain\\Desktop\\Laravel\\inventory\\vendor\\laravel\\framework\\src\\Illuminate\\Database\\MySqlConnection.php(42): Illuminate\\Database\\Connection->run('insert into `us...', Array, Object(Closure))
#2 C:\\Users\\Domain\\Desktop\\Laravel\\inventory\\vendor\\laravel\\framework\\src\\Illuminate\\Database\\Query\\Processors\\MySqlProcessor.php(35): Illuminate\\Database\\MySqlConnection->insert('insert into `us...', Array, 'id')
#3 C:\\Users\\Domain\\Desktop\\Laravel\\inventory\\vendor\\laravel\\framework\\src\\Illuminate\\Database\\Query\\Builder.php(3779): Illuminate\\Database\\Query\\Processors\\MySqlProcessor->processInsertGetId(Object(Illuminate\\Database\\Query\\Builder), 'insert into `us...', Array, 'id')
#4 C:\\Users\\Domain\\Desktop\\Laravel\\inventory\\vendor\\laravel\\framework\\src\\Illuminate\\Database\\Eloquent\\Builder.php(2204): Illuminate\\Database\\Query\\Builder->insertGetId(Array, 'id')
#5 C:\\Users\\Domain\\Desktop\\Laravel\\inventory\\vendor\\laravel\\framework\\src\\Illuminate\\Database\\Eloquent\\Model.php(1408): Illuminate\\Database\\Eloquent\\Builder->__call('insertGetId', Array)
#6 C:\\Users\\Domain\\Desktop\\Laravel\\inventory\\vendor\\laravel\\framework\\src\\Illuminate\\Database\\Eloquent\\Model.php(1373): Illuminate\\Database\\Eloquent\\Model->insertAndSetId(Object(Illuminate\\Database\\Eloquent\\Builder), Array)
#7 C:\\Users\\Domain\\Desktop\\Laravel\\inventory\\vendor\\laravel\\framework\\src\\Illuminate\\Database\\Eloquent\\Model.php(1212): Illuminate\\Database\\Eloquent\\Model->performInsert(Object(Illuminate\\Database\\Eloquent\\Builder))
#8 C:\\Users\\Domain\\Desktop\\Laravel\\inventory\\vendor\\laravel\\framework\\src\\Illuminate\\Database\\Eloquent\\Builder.php(1188): Illuminate\\Database\\Eloquent\\Model->save()
#9 C:\\Users\\Domain\\Desktop\\Laravel\\inventory\\vendor\\laravel\\framework\\src\\Illuminate\\Support\\helpers.php(399): Illuminate\\Database\\Eloquent\\Builder->Illuminate\\Database\\Eloquent\\{closure}(Object(App\\Models\\User))
#10 C:\\Users\\Domain\\Desktop\\Laravel\\inventory\\vendor\\laravel\\framework\\src\\Illuminate\\Database\\Eloquent\\Builder.php(1187): tap(Object(App\\Models\\User), Object(Closure))
#11 C:\\Users\\Domain\\Desktop\\Laravel\\inventory\\vendor\\laravel\\framework\\src\\Illuminate\\Support\\Traits\\ForwardsCalls.php(23): Illuminate\\Database\\Eloquent\\Builder->create(Array)
#12 C:\\Users\\Domain\\Desktop\\Laravel\\inventory\\vendor\\laravel\\framework\\src\\Illuminate\\Database\\Eloquent\\Model.php(2449): Illuminate\\Database\\Eloquent\\Model->forwardCallTo(Object(Illuminate\\Database\\Eloquent\\Builder), 'create', Array)
#13 C:\\Users\\Domain\\Desktop\\Laravel\\inventory\\vendor\\laravel\\framework\\src\\Illuminate\\Database\\Eloquent\\Model.php(2465): Illuminate\\Database\\Eloquent\\Model->__call('create', Array)
#14 C:\\Users\\Domain\\Desktop\\Laravel\\inventory\\database\\seeders\\UserSeeder.php(17): Illuminate\\Database\\Eloquent\\Model::__callStatic('create', Array)
#15 C:\\Users\\Domain\\Desktop\\Laravel\\inventory\\vendor\\laravel\\framework\\src\\Illuminate\\Container\\BoundMethod.php(36): Database\\Seeders\\UserSeeder->run()
#16 C:\\Users\\Domain\\Desktop\\Laravel\\inventory\\vendor\\laravel\\framework\\src\\Illuminate\\Container\\Util.php(43): Illuminate\\Container\\BoundMethod::Illuminate\\Container\\{closure}()
#17 C:\\Users\\Domain\\Desktop\\Laravel\\inventory\\vendor\\laravel\\framework\\src\\Illuminate\\Container\\BoundMethod.php(96): Illuminate\\Container\\Util::unwrapIfClosure(Object(Closure))
#18 C:\\Users\\Domain\\Desktop\\Laravel\\inventory\\vendor\\laravel\\framework\\src\\Illuminate\\Container\\BoundMethod.php(35): Illuminate\\Container\\BoundMethod::callBoundMethod(Object(Illuminate\\Foundation\\Application), Array, Object(Closure))
#19 C:\\Users\\Domain\\Desktop\\Laravel\\inventory\\vendor\\laravel\\framework\\src\\Illuminate\\Container\\Container.php(754): Illuminate\\Container\\BoundMethod::call(Object(Illuminate\\Foundation\\Application), Array, Array, NULL)
#20 C:\\Users\\Domain\\Desktop\\Laravel\\inventory\\vendor\\laravel\\framework\\src\\Illuminate\\Database\\Seeder.php(188): Illuminate\\Container\\Container->call(Array, Array)
#21 C:\\Users\\Domain\\Desktop\\Laravel\\inventory\\vendor\\laravel\\framework\\src\\Illuminate\\Database\\Seeder.php(197): Illuminate\\Database\\Seeder->Illuminate\\Database\\{closure}()
#22 C:\\Users\\Domain\\Desktop\\Laravel\\inventory\\vendor\\laravel\\framework\\src\\Illuminate\\Database\\Seeder.php(61): Illuminate\\Database\\Seeder->__invoke(Array)
#23 C:\\Users\\Domain\\Desktop\\Laravel\\inventory\\database\\seeders\\DatabaseSeeder.php(18): Illuminate\\Database\\Seeder->call('Database\\\\Seeder...')
#24 C:\\Users\\Domain\\Desktop\\Laravel\\inventory\\vendor\\laravel\\framework\\src\\Illuminate\\Container\\BoundMethod.php(36): Database\\Seeders\\DatabaseSeeder->run()
#25 C:\\Users\\Domain\\Desktop\\Laravel\\inventory\\vendor\\laravel\\framework\\src\\Illuminate\\Container\\Util.php(43): Illuminate\\Container\\BoundMethod::Illuminate\\Container\\{closure}()
#26 C:\\Users\\Domain\\Desktop\\Laravel\\inventory\\vendor\\laravel\\framework\\src\\Illuminate\\Container\\BoundMethod.php(96): Illuminate\\Container\\Util::unwrapIfClosure(Object(Closure))
#27 C:\\Users\\Domain\\Desktop\\Laravel\\inventory\\vendor\\laravel\\framework\\src\\Illuminate\\Container\\BoundMethod.php(35): Illuminate\\Container\\BoundMethod::callBoundMethod(Object(Illuminate\\Foundation\\Application), Array, Object(Closure))
#28 C:\\Users\\Domain\\Desktop\\Laravel\\inventory\\vendor\\laravel\\framework\\src\\Illuminate\\Container\\Container.php(754): Illuminate\\Container\\BoundMethod::call(Object(Illuminate\\Foundation\\Application), Array, Array, NULL)
#29 C:\\Users\\Domain\\Desktop\\Laravel\\inventory\\vendor\\laravel\\framework\\src\\Illuminate\\Database\\Seeder.php(188): Illuminate\\Container\\Container->call(Array, Array)
#30 C:\\Users\\Domain\\Desktop\\Laravel\\inventory\\vendor\\laravel\\framework\\src\\Illuminate\\Database\\Seeder.php(197): Illuminate\\Database\\Seeder->Illuminate\\Database\\{closure}()
#31 C:\\Users\\Domain\\Desktop\\Laravel\\inventory\\vendor\\laravel\\framework\\src\\Illuminate\\Database\\Console\\Seeds\\SeedCommand.php(71): Illuminate\\Database\\Seeder->__invoke()
#32 C:\\Users\\Domain\\Desktop\\Laravel\\inventory\\vendor\\laravel\\framework\\src\\Illuminate\\Database\\Eloquent\\Concerns\\GuardsAttributes.php(155): Illuminate\\Database\\Console\\Seeds\\SeedCommand->Illuminate\\Database\\Console\\Seeds\\{closure}()
#33 C:\\Users\\Domain\\Desktop\\Laravel\\inventory\\vendor\\laravel\\framework\\src\\Illuminate\\Database\\Console\\Seeds\\SeedCommand.php(70): Illuminate\\Database\\Eloquent\\Model::unguarded(Object(Closure))
#34 C:\\Users\\Domain\\Desktop\\Laravel\\inventory\\vendor\\laravel\\framework\\src\\Illuminate\\Container\\BoundMethod.php(36): Illuminate\\Database\\Console\\Seeds\\SeedCommand->handle()
#35 C:\\Users\\Domain\\Desktop\\Laravel\\inventory\\vendor\\laravel\\framework\\src\\Illuminate\\Container\\Util.php(43): Illuminate\\Container\\BoundMethod::Illuminate\\Container\\{closure}()
#36 C:\\Users\\Domain\\Desktop\\Laravel\\inventory\\vendor\\laravel\\framework\\src\\Illuminate\\Container\\BoundMethod.php(96): Illuminate\\Container\\Util::unwrapIfClosure(Object(Closure))
#37 C:\\Users\\Domain\\Desktop\\Laravel\\inventory\\vendor\\laravel\\framework\\src\\Illuminate\\Container\\BoundMethod.php(35): Illuminate\\Container\\BoundMethod::callBoundMethod(Object(Illuminate\\Foundation\\Application), Array, Object(Closure))
#38 C:\\Users\\Domain\\Desktop\\Laravel\\inventory\\vendor\\laravel\\framework\\src\\Illuminate\\Container\\Container.php(754): Illuminate\\Container\\BoundMethod::call(Object(Illuminate\\Foundation\\Application), Array, Array, NULL)
#39 C:\\Users\\Domain\\Desktop\\Laravel\\inventory\\vendor\\laravel\\framework\\src\\Illuminate\\Console\\Command.php(211): Illuminate\\Container\\Container->call(Array)
#40 C:\\Users\\Domain\\Desktop\\Laravel\\inventory\\vendor\\symfony\\console\\Command\\Command.php(279): Illuminate\\Console\\Command->execute(Object(Symfony\\Component\\Console\\Input\\ArgvInput), Object(Illuminate\\Console\\OutputStyle))
#41 C:\\Users\\Domain\\Desktop\\Laravel\\inventory\\vendor\\laravel\\framework\\src\\Illuminate\\Console\\Command.php(180): Symfony\\Component\\Console\\Command\\Command->run(Object(Symfony\\Component\\Console\\Input\\ArgvInput), Object(Illuminate\\Console\\OutputStyle))
#42 C:\\Users\\Domain\\Desktop\\Laravel\\inventory\\vendor\\symfony\\console\\Application.php(1094): Illuminate\\Console\\Command->run(Object(Symfony\\Component\\Console\\Input\\ArgvInput), Object(Symfony\\Component\\Console\\Output\\ConsoleOutput))
#43 C:\\Users\\Domain\\Desktop\\Laravel\\inventory\\vendor\\symfony\\console\\Application.php(342): Symfony\\Component\\Console\\Application->doRunCommand(Object(Illuminate\\Database\\Console\\Seeds\\SeedCommand), Object(Symfony\\Component\\Console\\Input\\ArgvInput), Object(Symfony\\Component\\Console\\Output\\ConsoleOutput))
#44 C:\\Users\\Domain\\Desktop\\Laravel\\inventory\\vendor\\symfony\\console\\Application.php(193): Symfony\\Component\\Console\\Application->doRun(Object(Symfony\\Component\\Console\\Input\\ArgvInput), Object(Symfony\\Component\\Console\\Output\\ConsoleOutput))
#45 C:\\Users\\Domain\\Desktop\\Laravel\\inventory\\vendor\\laravel\\framework\\src\\Illuminate\\Foundation\\Console\\Kernel.php(197): Symfony\\Component\\Console\\Application->run(Object(Symfony\\Component\\Console\\Input\\ArgvInput), Object(Symfony\\Component\\Console\\Output\\ConsoleOutput))
#46 C:\\Users\\Domain\\Desktop\\Laravel\\inventory\\vendor\\laravel\\framework\\src\\Illuminate\\Foundation\\Application.php(1234): Illuminate\\Foundation\\Console\\Kernel->handle(Object(Symfony\\Component\\Console\\Input\\ArgvInput), Object(Symfony\\Component\\Console\\Output\\ConsoleOutput))
#47 C:\\Users\\Domain\\Desktop\\Laravel\\inventory\\artisan(16): Illuminate\\Foundation\\Application->handleCommand(Object(Symfony\\Component\\Console\\Input\\ArgvInput))
#48 {main}

[previous exception] [object] (PDOException(code: 23000): SQLSTATE[23000]: Integrity constraint violation: 1062 Duplicate entry 'mohdizwanmanda@gmail.com' for key 'users_email_unique' at C:\\Users\\Domain\\Desktop\\Laravel\\inventory\\vendor\\laravel\\framework\\src\\Illuminate\\Database\\MySqlConnection.php:53)
[stacktrace]
#0 C:\\Users\\Domain\\Desktop\\Laravel\\inventory\\vendor\\laravel\\framework\\src\\Illuminate\\Database\\MySqlConnection.php(53): PDOStatement->execute()
#1 C:\\Users\\Domain\\Desktop\\Laravel\\inventory\\vendor\\laravel\\framework\\src\\Illuminate\\Database\\Connection.php(809): Illuminate\\Database\\MySqlConnection->Illuminate\\Database\\{closure}('insert into `us...', Array)
#2 C:\\Users\\Domain\\Desktop\\Laravel\\inventory\\vendor\\laravel\\framework\\src\\Illuminate\\Database\\Connection.php(776): Illuminate\\Database\\Connection->runQueryCallback('insert into `us...', Array, Object(Closure))
#3 C:\\Users\\Domain\\Desktop\\Laravel\\inventory\\vendor\\laravel\\framework\\src\\Illuminate\\Database\\MySqlConnection.php(42): Illuminate\\Database\\Connection->run('insert into `us...', Array, Object(Closure))
#4 C:\\Users\\Domain\\Desktop\\Laravel\\inventory\\vendor\\laravel\\framework\\src\\Illuminate\\Database\\Query\\Processors\\MySqlProcessor.php(35): Illuminate\\Database\\MySqlConnection->insert('insert into `us...', Array, 'id')
#5 C:\\Users\\Domain\\Desktop\\Laravel\\inventory\\vendor\\laravel\\framework\\src\\Illuminate\\Database\\Query\\Builder.php(3779): Illuminate\\Database\\Query\\Processors\\MySqlProcessor->processInsertGetId(Object(Illuminate\\Database\\Query\\Builder), 'insert into `us...', Array, 'id')
#6 C:\\Users\\Domain\\Desktop\\Laravel\\inventory\\vendor\\laravel\\framework\\src\\Illuminate\\Database\\Eloquent\\Builder.php(2204): Illuminate\\Database\\Query\\Builder->insertGetId(Array, 'id')
#7 C:\\Users\\Domain\\Desktop\\Laravel\\inventory\\vendor\\laravel\\framework\\src\\Illuminate\\Database\\Eloquent\\Model.php(1408): Illuminate\\Database\\Eloquent\\Builder->__call('insertGetId', Array)
#8 C:\\Users\\Domain\\Desktop\\Laravel\\inventory\\vendor\\laravel\\framework\\src\\Illuminate\\Database\\Eloquent\\Model.php(1373): Illuminate\\Database\\Eloquent\\Model->insertAndSetId(Object(Illuminate\\Database\\Eloquent\\Builder), Array)
#9 C:\\Users\\Domain\\Desktop\\Laravel\\inventory\\vendor\\laravel\\framework\\src\\Illuminate\\Database\\Eloquent\\Model.php(1212): Illuminate\\Database\\Eloquent\\Model->performInsert(Object(Illuminate\\Database\\Eloquent\\Builder))
#10 C:\\Users\\Domain\\Desktop\\Laravel\\inventory\\vendor\\laravel\\framework\\src\\Illuminate\\Database\\Eloquent\\Builder.php(1188): Illuminate\\Database\\Eloquent\\Model->save()
#11 C:\\Users\\Domain\\Desktop\\Laravel\\inventory\\vendor\\laravel\\framework\\src\\Illuminate\\Support\\helpers.php(399): Illuminate\\Database\\Eloquent\\Builder->Illuminate\\Database\\Eloquent\\{closure}(Object(App\\Models\\User))
#12 C:\\Users\\Domain\\Desktop\\Laravel\\inventory\\vendor\\laravel\\framework\\src\\Illuminate\\Database\\Eloquent\\Builder.php(1187): tap(Object(App\\Models\\User), Object(Closure))
#13 C:\\Users\\Domain\\Desktop\\Laravel\\inventory\\vendor\\laravel\\framework\\src\\Illuminate\\Support\\Traits\\ForwardsCalls.php(23): Illuminate\\Database\\Eloquent\\Builder->create(Array)
#14 C:\\Users\\Domain\\Desktop\\Laravel\\inventory\\vendor\\laravel\\framework\\src\\Illuminate\\Database\\Eloquent\\Model.php(2449): Illuminate\\Database\\Eloquent\\Model->forwardCallTo(Object(Illuminate\\Database\\Eloquent\\Builder), 'create', Array)
#15 C:\\Users\\Domain\\Desktop\\Laravel\\inventory\\vendor\\laravel\\framework\\src\\Illuminate\\Database\\Eloquent\\Model.php(2465): Illuminate\\Database\\Eloquent\\Model->__call('create', Array)
#16 C:\\Users\\Domain\\Desktop\\Laravel\\inventory\\database\\seeders\\UserSeeder.php(17): Illuminate\\Database\\Eloquent\\Model::__callStatic('create', Array)
#17 C:\\Users\\Domain\\Desktop\\Laravel\\inventory\\vendor\\laravel\\framework\\src\\Illuminate\\Container\\BoundMethod.php(36): Database\\Seeders\\UserSeeder->run()
#18 C:\\Users\\Domain\\Desktop\\Laravel\\inventory\\vendor\\laravel\\framework\\src\\Illuminate\\Container\\Util.php(43): Illuminate\\Container\\BoundMethod::Illuminate\\Container\\{closure}()
#19 C:\\Users\\Domain\\Desktop\\Laravel\\inventory\\vendor\\laravel\\framework\\src\\Illuminate\\Container\\BoundMethod.php(96): Illuminate\\Container\\Util::unwrapIfClosure(Object(Closure))
#20 C:\\Users\\Domain\\Desktop\\Laravel\\inventory\\vendor\\laravel\\framework\\src\\Illuminate\\Container\\BoundMethod.php(35): Illuminate\\Container\\BoundMethod::callBoundMethod(Object(Illuminate\\Foundation\\Application), Array, Object(Closure))
#21 C:\\Users\\Domain\\Desktop\\Laravel\\inventory\\vendor\\laravel\\framework\\src\\Illuminate\\Container\\Container.php(754): Illuminate\\Container\\BoundMethod::call(Object(Illuminate\\Foundation\\Application), Array, Array, NULL)
#22 C:\\Users\\Domain\\Desktop\\Laravel\\inventory\\vendor\\laravel\\framework\\src\\Illuminate\\Database\\Seeder.php(188): Illuminate\\Container\\Container->call(Array, Array)
#23 C:\\Users\\Domain\\Desktop\\Laravel\\inventory\\vendor\\laravel\\framework\\src\\Illuminate\\Database\\Seeder.php(197): Illuminate\\Database\\Seeder->Illuminate\\Database\\{closure}()
#24 C:\\Users\\Domain\\Desktop\\Laravel\\inventory\\vendor\\laravel\\framework\\src\\Illuminate\\Database\\Seeder.php(61): Illuminate\\Database\\Seeder->__invoke(Array)
#25 C:\\Users\\Domain\\Desktop\\Laravel\\inventory\\database\\seeders\\DatabaseSeeder.php(18): Illuminate\\Database\\Seeder->call('Database\\\\Seeder...')
#26 C:\\Users\\Domain\\Desktop\\Laravel\\inventory\\vendor\\laravel\\framework\\src\\Illuminate\\Container\\BoundMethod.php(36): Database\\Seeders\\DatabaseSeeder->run()
#27 C:\\Users\\Domain\\Desktop\\Laravel\\inventory\\vendor\\laravel\\framework\\src\\Illuminate\\Container\\Util.php(43): Illuminate\\Container\\BoundMethod::Illuminate\\Container\\{closure}()
#28 C:\\Users\\Domain\\Desktop\\Laravel\\inventory\\vendor\\laravel\\framework\\src\\Illuminate\\Container\\BoundMethod.php(96): Illuminate\\Container\\Util::unwrapIfClosure(Object(Closure))
#29 C:\\Users\\Domain\\Desktop\\Laravel\\inventory\\vendor\\laravel\\framework\\src\\Illuminate\\Container\\BoundMethod.php(35): Illuminate\\Container\\BoundMethod::callBoundMethod(Object(Illuminate\\Foundation\\Application), Array, Object(Closure))
#30 C:\\Users\\Domain\\Desktop\\Laravel\\inventory\\vendor\\laravel\\framework\\src\\Illuminate\\Container\\Container.php(754): Illuminate\\Container\\BoundMethod::call(Object(Illuminate\\Foundation\\Application), Array, Array, NULL)
#31 C:\\Users\\Domain\\Desktop\\Laravel\\inventory\\vendor\\laravel\\framework\\src\\Illuminate\\Database\\Seeder.php(188): Illuminate\\Container\\Container->call(Array, Array)
#32 C:\\Users\\Domain\\Desktop\\Laravel\\inventory\\vendor\\laravel\\framework\\src\\Illuminate\\Database\\Seeder.php(197): Illuminate\\Database\\Seeder->Illuminate\\Database\\{closure}()
#33 C:\\Users\\Domain\\Desktop\\Laravel\\inventory\\vendor\\laravel\\framework\\src\\Illuminate\\Database\\Console\\Seeds\\SeedCommand.php(71): Illuminate\\Database\\Seeder->__invoke()
#34 C:\\Users\\Domain\\Desktop\\Laravel\\inventory\\vendor\\laravel\\framework\\src\\Illuminate\\Database\\Eloquent\\Concerns\\GuardsAttributes.php(155): Illuminate\\Database\\Console\\Seeds\\SeedCommand->Illuminate\\Database\\Console\\Seeds\\{closure}()
#35 C:\\Users\\Domain\\Desktop\\Laravel\\inventory\\vendor\\laravel\\framework\\src\\Illuminate\\Database\\Console\\Seeds\\SeedCommand.php(70): Illuminate\\Database\\Eloquent\\Model::unguarded(Object(Closure))
#36 C:\\Users\\Domain\\Desktop\\Laravel\\inventory\\vendor\\laravel\\framework\\src\\Illuminate\\Container\\BoundMethod.php(36): Illuminate\\Database\\Console\\Seeds\\SeedCommand->handle()
#37 C:\\Users\\Domain\\Desktop\\Laravel\\inventory\\vendor\\laravel\\framework\\src\\Illuminate\\Container\\Util.php(43): Illuminate\\Container\\BoundMethod::Illuminate\\Container\\{closure}()
#38 C:\\Users\\Domain\\Desktop\\Laravel\\inventory\\vendor\\laravel\\framework\\src\\Illuminate\\Container\\BoundMethod.php(96): Illuminate\\Container\\Util::unwrapIfClosure(Object(Closure))
#39 C:\\Users\\Domain\\Desktop\\Laravel\\inventory\\vendor\\laravel\\framework\\src\\Illuminate\\Container\\BoundMethod.php(35): Illuminate\\Container\\BoundMethod::callBoundMethod(Object(Illuminate\\Foundation\\Application), Array, Object(Closure))
#40 C:\\Users\\Domain\\Desktop\\Laravel\\inventory\\vendor\\laravel\\framework\\src\\Illuminate\\Container\\Container.php(754): Illuminate\\Container\\BoundMethod::call(Object(Illuminate\\Foundation\\Application), Array, Array, NULL)
#41 C:\\Users\\Domain\\Desktop\\Laravel\\inventory\\vendor\\laravel\\framework\\src\\Illuminate\\Console\\Command.php(211): Illuminate\\Container\\Container->call(Array)
#42 C:\\Users\\Domain\\Desktop\\Laravel\\inventory\\vendor\\symfony\\console\\Command\\Command.php(279): Illuminate\\Console\\Command->execute(Object(Symfony\\Component\\Console\\Input\\ArgvInput), Object(Illuminate\\Console\\OutputStyle))
#43 C:\\Users\\Domain\\Desktop\\Laravel\\inventory\\vendor\\laravel\\framework\\src\\Illuminate\\Console\\Command.php(180): Symfony\\Component\\Console\\Command\\Command->run(Object(Symfony\\Component\\Console\\Input\\ArgvInput), Object(Illuminate\\Console\\OutputStyle))
#44 C:\\Users\\Domain\\Desktop\\Laravel\\inventory\\vendor\\symfony\\console\\Application.php(1094): Illuminate\\Console\\Command->run(Object(Symfony\\Component\\Console\\Input\\ArgvInput), Object(Symfony\\Component\\Console\\Output\\ConsoleOutput))
#45 C:\\Users\\Domain\\Desktop\\Laravel\\inventory\\vendor\\symfony\\console\\Application.php(342): Symfony\\Component\\Console\\Application->doRunCommand(Object(Illuminate\\Database\\Console\\Seeds\\SeedCommand), Object(Symfony\\Component\\Console\\Input\\ArgvInput), Object(Symfony\\Component\\Console\\Output\\ConsoleOutput))
#46 C:\\Users\\Domain\\Desktop\\Laravel\\inventory\\vendor\\symfony\\console\\Application.php(193): Symfony\\Component\\Console\\Application->doRun(Object(Symfony\\Component\\Console\\Input\\ArgvInput), Object(Symfony\\Component\\Console\\Output\\ConsoleOutput))
#47 C:\\Users\\Domain\\Desktop\\Laravel\\inventory\\vendor\\laravel\\framework\\src\\Illuminate\\Foundation\\Console\\Kernel.php(197): Symfony\\Component\\Console\\Application->run(Object(Symfony\\Component\\Console\\Input\\ArgvInput), Object(Symfony\\Component\\Console\\Output\\ConsoleOutput))
#48 C:\\Users\\Domain\\Desktop\\Laravel\\inventory\\vendor\\laravel\\framework\\src\\Illuminate\\Foundation\\Application.php(1234): Illuminate\\Foundation\\Console\\Kernel->handle(Object(Symfony\\Component\\Console\\Input\\ArgvInput), Object(Symfony\\Component\\Console\\Output\\ConsoleOutput))
#49 C:\\Users\\Domain\\Desktop\\Laravel\\inventory\\artisan(16): Illuminate\\Foundation\\Application->handleCommand(Object(Symfony\\Component\\Console\\Input\\ArgvInput))
#50 {main}
"} 
[2025-05-07 17:08:21] local.ERROR: Class "App\Providers\AssetsBranch" not found {"exception":"[object] (Error(code: 0): Class \"App\\Providers\\AssetsBranch\" not found at C:\\Users\\Domain\\Desktop\\Laravel\\inventory\\app\\Providers\\AppServiceProvider.php:27)
[stacktrace]
#0 C:\\Users\\Domain\\Desktop\\Laravel\\inventory\\vendor\\laravel\\framework\\src\\Illuminate\\Container\\BoundMethod.php(36): App\\Providers\\AppServiceProvider->boot()
#1 C:\\Users\\Domain\\Desktop\\Laravel\\inventory\\vendor\\laravel\\framework\\src\\Illuminate\\Container\\Util.php(43): Illuminate\\Container\\BoundMethod::Illuminate\\Container\\{closure}()
#2 C:\\Users\\Domain\\Desktop\\Laravel\\inventory\\vendor\\laravel\\framework\\src\\Illuminate\\Container\\BoundMethod.php(96): Illuminate\\Container\\Util::unwrapIfClosure(Object(Closure))
#3 C:\\Users\\Domain\\Desktop\\Laravel\\inventory\\vendor\\laravel\\framework\\src\\Illuminate\\Container\\BoundMethod.php(35): Illuminate\\Container\\BoundMethod::callBoundMethod(Object(Illuminate\\Foundation\\Application), Array, Object(Closure))
#4 C:\\Users\\Domain\\Desktop\\Laravel\\inventory\\vendor\\laravel\\framework\\src\\Illuminate\\Container\\Container.php(754): Illuminate\\Container\\BoundMethod::call(Object(Illuminate\\Foundation\\Application), Array, Array, NULL)
#5 C:\\Users\\Domain\\Desktop\\Laravel\\inventory\\vendor\\laravel\\framework\\src\\Illuminate\\Foundation\\Application.php(1150): Illuminate\\Container\\Container->call(Array)
#6 C:\\Users\\Domain\\Desktop\\Laravel\\inventory\\vendor\\laravel\\framework\\src\\Illuminate\\Foundation\\Application.php(1131): Illuminate\\Foundation\\Application->bootProvider(Object(App\\Providers\\AppServiceProvider))
#7 [internal function]: Illuminate\\Foundation\\Application->Illuminate\\Foundation\\{closure}(Object(App\\Providers\\AppServiceProvider), 'App\\\\Providers\\\\A...')
#8 C:\\Users\\Domain\\Desktop\\Laravel\\inventory\\vendor\\laravel\\framework\\src\\Illuminate\\Foundation\\Application.php(1130): array_walk(Array, Object(Closure))
#9 C:\\Users\\Domain\\Desktop\\Laravel\\inventory\\vendor\\laravel\\framework\\src\\Illuminate\\Foundation\\Bootstrap\\BootProviders.php(17): Illuminate\\Foundation\\Application->boot()
#10 C:\\Users\\Domain\\Desktop\\Laravel\\inventory\\vendor\\laravel\\framework\\src\\Illuminate\\Foundation\\Application.php(341): Illuminate\\Foundation\\Bootstrap\\BootProviders->bootstrap(Object(Illuminate\\Foundation\\Application))
#11 C:\\Users\\Domain\\Desktop\\Laravel\\inventory\\vendor\\laravel\\framework\\src\\Illuminate\\Foundation\\Http\\Kernel.php(186): Illuminate\\Foundation\\Application->bootstrapWith(Array)
#12 C:\\Users\\Domain\\Desktop\\Laravel\\inventory\\vendor\\laravel\\framework\\src\\Illuminate\\Foundation\\Http\\Kernel.php(170): Illuminate\\Foundation\\Http\\Kernel->bootstrap()
#13 C:\\Users\\Domain\\Desktop\\Laravel\\inventory\\vendor\\laravel\\framework\\src\\Illuminate\\Foundation\\Http\\Kernel.php(144): Illuminate\\Foundation\\Http\\Kernel->sendRequestThroughRouter(Object(Illuminate\\Http\\Request))
#14 C:\\Users\\Domain\\Desktop\\Laravel\\inventory\\vendor\\laravel\\framework\\src\\Illuminate\\Foundation\\Application.php(1219): Illuminate\\Foundation\\Http\\Kernel->handle(Object(Illuminate\\Http\\Request))
#15 C:\\Users\\Domain\\Desktop\\Laravel\\inventory\\public\\index.php(20): Illuminate\\Foundation\\Application->handleRequest(Object(Illuminate\\Http\\Request))
#16 C:\\Users\\Domain\\Desktop\\Laravel\\inventory\\vendor\\laravel\\framework\\src\\Illuminate\\Foundation\\resources\\server.php(23): require_once('C:\\\\Users\\\\Domain...')
#17 {main}
"} 
[2025-05-07 17:08:30] local.ERROR: Class "App\Providers\AssetsBranch" not found {"exception":"[object] (Error(code: 0): Class \"App\\Providers\\AssetsBranch\" not found at C:\\Users\\Domain\\Desktop\\Laravel\\inventory\\app\\Providers\\AppServiceProvider.php:27)
[stacktrace]
#0 C:\\Users\\Domain\\Desktop\\Laravel\\inventory\\vendor\\laravel\\framework\\src\\Illuminate\\Container\\BoundMethod.php(36): App\\Providers\\AppServiceProvider->boot()
#1 C:\\Users\\Domain\\Desktop\\Laravel\\inventory\\vendor\\laravel\\framework\\src\\Illuminate\\Container\\Util.php(43): Illuminate\\Container\\BoundMethod::Illuminate\\Container\\{closure}()
#2 C:\\Users\\Domain\\Desktop\\Laravel\\inventory\\vendor\\laravel\\framework\\src\\Illuminate\\Container\\BoundMethod.php(96): Illuminate\\Container\\Util::unwrapIfClosure(Object(Closure))
#3 C:\\Users\\Domain\\Desktop\\Laravel\\inventory\\vendor\\laravel\\framework\\src\\Illuminate\\Container\\BoundMethod.php(35): Illuminate\\Container\\BoundMethod::callBoundMethod(Object(Illuminate\\Foundation\\Application), Array, Object(Closure))
#4 C:\\Users\\Domain\\Desktop\\Laravel\\inventory\\vendor\\laravel\\framework\\src\\Illuminate\\Container\\Container.php(754): Illuminate\\Container\\BoundMethod::call(Object(Illuminate\\Foundation\\Application), Array, Array, NULL)
#5 C:\\Users\\Domain\\Desktop\\Laravel\\inventory\\vendor\\laravel\\framework\\src\\Illuminate\\Foundation\\Application.php(1150): Illuminate\\Container\\Container->call(Array)
#6 C:\\Users\\Domain\\Desktop\\Laravel\\inventory\\vendor\\laravel\\framework\\src\\Illuminate\\Foundation\\Application.php(1131): Illuminate\\Foundation\\Application->bootProvider(Object(App\\Providers\\AppServiceProvider))
#7 [internal function]: Illuminate\\Foundation\\Application->Illuminate\\Foundation\\{closure}(Object(App\\Providers\\AppServiceProvider), 'App\\\\Providers\\\\A...')
#8 C:\\Users\\Domain\\Desktop\\Laravel\\inventory\\vendor\\laravel\\framework\\src\\Illuminate\\Foundation\\Application.php(1130): array_walk(Array, Object(Closure))
#9 C:\\Users\\Domain\\Desktop\\Laravel\\inventory\\vendor\\laravel\\framework\\src\\Illuminate\\Foundation\\Bootstrap\\BootProviders.php(17): Illuminate\\Foundation\\Application->boot()
#10 C:\\Users\\Domain\\Desktop\\Laravel\\inventory\\vendor\\laravel\\framework\\src\\Illuminate\\Foundation\\Application.php(341): Illuminate\\Foundation\\Bootstrap\\BootProviders->bootstrap(Object(Illuminate\\Foundation\\Application))
#11 C:\\Users\\Domain\\Desktop\\Laravel\\inventory\\vendor\\laravel\\framework\\src\\Illuminate\\Foundation\\Console\\Kernel.php(473): Illuminate\\Foundation\\Application->bootstrapWith(Array)
#12 C:\\Users\\Domain\\Desktop\\Laravel\\inventory\\vendor\\laravel\\framework\\src\\Illuminate\\Foundation\\Console\\Kernel.php(195): Illuminate\\Foundation\\Console\\Kernel->bootstrap()
#13 Command line code(1): Illuminate\\Foundation\\Console\\Kernel->handle(Object(Symfony\\Component\\Console\\Input\\ArgvInput), Object(Symfony\\Component\\Console\\Output\\ConsoleOutput))
#14 {main}
"} 
[2025-05-07 17:29:45] local.ERROR: Class "App\Providers\AssetsBranchValues" not found {"exception":"[object] (Error(code: 0): Class \"App\\Providers\\AssetsBranchValues\" not found at C:\\Users\\Domain\\Desktop\\Laravel\\inventory\\app\\Providers\\AppServiceProvider.php:36)
[stacktrace]
#0 C:\\Users\\Domain\\Desktop\\Laravel\\inventory\\vendor\\laravel\\framework\\src\\Illuminate\\Container\\BoundMethod.php(36): App\\Providers\\AppServiceProvider->boot()
#1 C:\\Users\\Domain\\Desktop\\Laravel\\inventory\\vendor\\laravel\\framework\\src\\Illuminate\\Container\\Util.php(43): Illuminate\\Container\\BoundMethod::Illuminate\\Container\\{closure}()
#2 C:\\Users\\Domain\\Desktop\\Laravel\\inventory\\vendor\\laravel\\framework\\src\\Illuminate\\Container\\BoundMethod.php(96): Illuminate\\Container\\Util::unwrapIfClosure(Object(Closure))
#3 C:\\Users\\Domain\\Desktop\\Laravel\\inventory\\vendor\\laravel\\framework\\src\\Illuminate\\Container\\BoundMethod.php(35): Illuminate\\Container\\BoundMethod::callBoundMethod(Object(Illuminate\\Foundation\\Application), Array, Object(Closure))
#4 C:\\Users\\Domain\\Desktop\\Laravel\\inventory\\vendor\\laravel\\framework\\src\\Illuminate\\Container\\Container.php(754): Illuminate\\Container\\BoundMethod::call(Object(Illuminate\\Foundation\\Application), Array, Array, NULL)
#5 C:\\Users\\Domain\\Desktop\\Laravel\\inventory\\vendor\\laravel\\framework\\src\\Illuminate\\Foundation\\Application.php(1150): Illuminate\\Container\\Container->call(Array)
#6 C:\\Users\\Domain\\Desktop\\Laravel\\inventory\\vendor\\laravel\\framework\\src\\Illuminate\\Foundation\\Application.php(1131): Illuminate\\Foundation\\Application->bootProvider(Object(App\\Providers\\AppServiceProvider))
#7 [internal function]: Illuminate\\Foundation\\Application->Illuminate\\Foundation\\{closure}(Object(App\\Providers\\AppServiceProvider), 'App\\\\Providers\\\\A...')
#8 C:\\Users\\Domain\\Desktop\\Laravel\\inventory\\vendor\\laravel\\framework\\src\\Illuminate\\Foundation\\Application.php(1130): array_walk(Array, Object(Closure))
#9 C:\\Users\\Domain\\Desktop\\Laravel\\inventory\\vendor\\laravel\\framework\\src\\Illuminate\\Foundation\\Bootstrap\\BootProviders.php(17): Illuminate\\Foundation\\Application->boot()
#10 C:\\Users\\Domain\\Desktop\\Laravel\\inventory\\vendor\\laravel\\framework\\src\\Illuminate\\Foundation\\Application.php(341): Illuminate\\Foundation\\Bootstrap\\BootProviders->bootstrap(Object(Illuminate\\Foundation\\Application))
#11 C:\\Users\\Domain\\Desktop\\Laravel\\inventory\\vendor\\laravel\\framework\\src\\Illuminate\\Foundation\\Http\\Kernel.php(186): Illuminate\\Foundation\\Application->bootstrapWith(Array)
#12 C:\\Users\\Domain\\Desktop\\Laravel\\inventory\\vendor\\laravel\\framework\\src\\Illuminate\\Foundation\\Http\\Kernel.php(170): Illuminate\\Foundation\\Http\\Kernel->bootstrap()
#13 C:\\Users\\Domain\\Desktop\\Laravel\\inventory\\vendor\\laravel\\framework\\src\\Illuminate\\Foundation\\Http\\Kernel.php(144): Illuminate\\Foundation\\Http\\Kernel->sendRequestThroughRouter(Object(Illuminate\\Http\\Request))
#14 C:\\Users\\Domain\\Desktop\\Laravel\\inventory\\vendor\\laravel\\framework\\src\\Illuminate\\Foundation\\Application.php(1219): Illuminate\\Foundation\\Http\\Kernel->handle(Object(Illuminate\\Http\\Request))
#15 C:\\Users\\Domain\\Desktop\\Laravel\\inventory\\public\\index.php(20): Illuminate\\Foundation\\Application->handleRequest(Object(Illuminate\\Http\\Request))
#16 C:\\Users\\Domain\\Desktop\\Laravel\\inventory\\vendor\\laravel\\framework\\src\\Illuminate\\Foundation\\resources\\server.php(23): require_once('C:\\\\Users\\\\Domain...')
#17 {main}
"} 
[2025-05-07 17:49:10] local.ERROR: Class "App\Providers\AccessLevel" not found {"exception":"[object] (Error(code: 0): Class \"App\\Providers\\AccessLevel\" not found at C:\\Users\\Domain\\Desktop\\Laravel\\inventory\\app\\Providers\\AppServiceProvider.php:39)
[stacktrace]
#0 C:\\Users\\Domain\\Desktop\\Laravel\\inventory\\vendor\\laravel\\framework\\src\\Illuminate\\Container\\BoundMethod.php(36): App\\Providers\\AppServiceProvider->boot()
#1 C:\\Users\\Domain\\Desktop\\Laravel\\inventory\\vendor\\laravel\\framework\\src\\Illuminate\\Container\\Util.php(43): Illuminate\\Container\\BoundMethod::Illuminate\\Container\\{closure}()
#2 C:\\Users\\Domain\\Desktop\\Laravel\\inventory\\vendor\\laravel\\framework\\src\\Illuminate\\Container\\BoundMethod.php(96): Illuminate\\Container\\Util::unwrapIfClosure(Object(Closure))
#3 C:\\Users\\Domain\\Desktop\\Laravel\\inventory\\vendor\\laravel\\framework\\src\\Illuminate\\Container\\BoundMethod.php(35): Illuminate\\Container\\BoundMethod::callBoundMethod(Object(Illuminate\\Foundation\\Application), Array, Object(Closure))
#4 C:\\Users\\Domain\\Desktop\\Laravel\\inventory\\vendor\\laravel\\framework\\src\\Illuminate\\Container\\Container.php(754): Illuminate\\Container\\BoundMethod::call(Object(Illuminate\\Foundation\\Application), Array, Array, NULL)
#5 C:\\Users\\Domain\\Desktop\\Laravel\\inventory\\vendor\\laravel\\framework\\src\\Illuminate\\Foundation\\Application.php(1150): Illuminate\\Container\\Container->call(Array)
#6 C:\\Users\\Domain\\Desktop\\Laravel\\inventory\\vendor\\laravel\\framework\\src\\Illuminate\\Foundation\\Application.php(1131): Illuminate\\Foundation\\Application->bootProvider(Object(App\\Providers\\AppServiceProvider))
#7 [internal function]: Illuminate\\Foundation\\Application->Illuminate\\Foundation\\{closure}(Object(App\\Providers\\AppServiceProvider), 'App\\\\Providers\\\\A...')
#8 C:\\Users\\Domain\\Desktop\\Laravel\\inventory\\vendor\\laravel\\framework\\src\\Illuminate\\Foundation\\Application.php(1130): array_walk(Array, Object(Closure))
#9 C:\\Users\\Domain\\Desktop\\Laravel\\inventory\\vendor\\laravel\\framework\\src\\Illuminate\\Foundation\\Bootstrap\\BootProviders.php(17): Illuminate\\Foundation\\Application->boot()
#10 C:\\Users\\Domain\\Desktop\\Laravel\\inventory\\vendor\\laravel\\framework\\src\\Illuminate\\Foundation\\Application.php(341): Illuminate\\Foundation\\Bootstrap\\BootProviders->bootstrap(Object(Illuminate\\Foundation\\Application))
#11 C:\\Users\\Domain\\Desktop\\Laravel\\inventory\\vendor\\laravel\\framework\\src\\Illuminate\\Foundation\\Http\\Kernel.php(186): Illuminate\\Foundation\\Application->bootstrapWith(Array)
#12 C:\\Users\\Domain\\Desktop\\Laravel\\inventory\\vendor\\laravel\\framework\\src\\Illuminate\\Foundation\\Http\\Kernel.php(170): Illuminate\\Foundation\\Http\\Kernel->bootstrap()
#13 C:\\Users\\Domain\\Desktop\\Laravel\\inventory\\vendor\\laravel\\framework\\src\\Illuminate\\Foundation\\Http\\Kernel.php(144): Illuminate\\Foundation\\Http\\Kernel->sendRequestThroughRouter(Object(Illuminate\\Http\\Request))
#14 C:\\Users\\Domain\\Desktop\\Laravel\\inventory\\vendor\\laravel\\framework\\src\\Illuminate\\Foundation\\Application.php(1219): Illuminate\\Foundation\\Http\\Kernel->handle(Object(Illuminate\\Http\\Request))
#15 C:\\Users\\Domain\\Desktop\\Laravel\\inventory\\public\\index.php(20): Illuminate\\Foundation\\Application->handleRequest(Object(Illuminate\\Http\\Request))
#16 C:\\Users\\Domain\\Desktop\\Laravel\\inventory\\vendor\\laravel\\framework\\src\\Illuminate\\Foundation\\resources\\server.php(23): require_once('C:\\\\Users\\\\Domain...')
#17 {main}
"} 
[2025-05-07 18:14:54] local.ERROR: Attempt to read property "id" on null {"exception":"[object] (ErrorException(code: 0): Attempt to read property \"id\" on null at C:\\Users\\Domain\\Desktop\\Laravel\\inventory\\database\\factories\\AssetsFactory.php:95)
[stacktrace]
#0 C:\\Users\\Domain\\Desktop\\Laravel\\inventory\\vendor\\laravel\\framework\\src\\Illuminate\\Foundation\\Bootstrap\\HandleExceptions.php(256): Illuminate\\Foundation\\Bootstrap\\HandleExceptions->handleError(2, 'Attempt to read...', 'C:\\\\Users\\\\Domain...', 95)
#1 C:\\Users\\Domain\\Desktop\\Laravel\\inventory\\database\\factories\\AssetsFactory.php(95): Illuminate\\Foundation\\Bootstrap\\HandleExceptions->Illuminate\\Foundation\\Bootstrap\\{closure}(2, 'Attempt to read...', 'C:\\\\Users\\\\Domain...', 95)
#2 C:\\Users\\Domain\\Desktop\\Laravel\\inventory\\vendor\\laravel\\framework\\src\\Illuminate\\Database\\Eloquent\\Factories\\Factory.php(467): Database\\Factories\\AssetsFactory->definition()
#3 C:\\Users\\Domain\\Desktop\\Laravel\\inventory\\vendor\\laravel\\framework\\src\\Illuminate\\Database\\Eloquent\\Factories\\Factory.php(446): Illuminate\\Database\\Eloquent\\Factories\\Factory->getRawAttributes(NULL)
#4 C:\\Users\\Domain\\Desktop\\Laravel\\inventory\\vendor\\laravel\\framework\\src\\Illuminate\\Database\\Eloquent\\Factories\\Factory.php(430): Illuminate\\Database\\Eloquent\\Factories\\Factory->getExpandedAttributes(NULL)
#5 C:\\Users\\Domain\\Desktop\\Laravel\\inventory\\vendor\\laravel\\framework\\src\\Illuminate\\Database\\Eloquent\\Concerns\\GuardsAttributes.php(149): Illuminate\\Database\\Eloquent\\Factories\\Factory->Illuminate\\Database\\Eloquent\\Factories\\{closure}()
#6 C:\\Users\\Domain\\Desktop\\Laravel\\inventory\\vendor\\laravel\\framework\\src\\Illuminate\\Database\\Eloquent\\Factories\\Factory.php(429): Illuminate\\Database\\Eloquent\\Model::unguarded(Object(Closure))
#7 C:\\Users\\Domain\\Desktop\\Laravel\\inventory\\vendor\\laravel\\framework\\src\\Illuminate\\Database\\Eloquent\\Factories\\Factory.php(413): Illuminate\\Database\\Eloquent\\Factories\\Factory->makeInstance(NULL)
#8 [internal function]: Illuminate\\Database\\Eloquent\\Factories\\Factory->Illuminate\\Database\\Eloquent\\Factories\\{closure}(1)
#9 C:\\Users\\Domain\\Desktop\\Laravel\\inventory\\vendor\\laravel\\framework\\src\\Illuminate\\Database\\Eloquent\\Factories\\Factory.php(412): array_map(Object(Closure), Array)
#10 C:\\Users\\Domain\\Desktop\\Laravel\\inventory\\vendor\\laravel\\framework\\src\\Illuminate\\Database\\Eloquent\\Factories\\Factory.php(299): Illuminate\\Database\\Eloquent\\Factories\\Factory->make(Array, NULL)
#11 C:\\Users\\Domain\\Desktop\\Laravel\\inventory\\database\\seeders\\AssetsSeeder.php(28): Illuminate\\Database\\Eloquent\\Factories\\Factory->create()
#12 C:\\Users\\Domain\\Desktop\\Laravel\\inventory\\vendor\\laravel\\framework\\src\\Illuminate\\Container\\BoundMethod.php(36): Database\\Seeders\\AssetsSeeder->run()
#13 C:\\Users\\Domain\\Desktop\\Laravel\\inventory\\vendor\\laravel\\framework\\src\\Illuminate\\Container\\Util.php(43): Illuminate\\Container\\BoundMethod::Illuminate\\Container\\{closure}()
#14 C:\\Users\\Domain\\Desktop\\Laravel\\inventory\\vendor\\laravel\\framework\\src\\Illuminate\\Container\\BoundMethod.php(96): Illuminate\\Container\\Util::unwrapIfClosure(Object(Closure))
#15 C:\\Users\\Domain\\Desktop\\Laravel\\inventory\\vendor\\laravel\\framework\\src\\Illuminate\\Container\\BoundMethod.php(35): Illuminate\\Container\\BoundMethod::callBoundMethod(Object(Illuminate\\Foundation\\Application), Array, Object(Closure))
#16 C:\\Users\\Domain\\Desktop\\Laravel\\inventory\\vendor\\laravel\\framework\\src\\Illuminate\\Container\\Container.php(754): Illuminate\\Container\\BoundMethod::call(Object(Illuminate\\Foundation\\Application), Array, Array, NULL)
#17 C:\\Users\\Domain\\Desktop\\Laravel\\inventory\\vendor\\laravel\\framework\\src\\Illuminate\\Database\\Seeder.php(188): Illuminate\\Container\\Container->call(Array, Array)
#18 C:\\Users\\Domain\\Desktop\\Laravel\\inventory\\vendor\\laravel\\framework\\src\\Illuminate\\Database\\Seeder.php(197): Illuminate\\Database\\Seeder->Illuminate\\Database\\{closure}()
#19 C:\\Users\\Domain\\Desktop\\Laravel\\inventory\\vendor\\laravel\\framework\\src\\Illuminate\\Database\\Seeder.php(61): Illuminate\\Database\\Seeder->__invoke(Array)
#20 C:\\Users\\Domain\\Desktop\\Laravel\\inventory\\database\\seeders\\DatabaseSeeder.php(24): Illuminate\\Database\\Seeder->call('Database\\\\Seeder...')
#21 C:\\Users\\Domain\\Desktop\\Laravel\\inventory\\vendor\\laravel\\framework\\src\\Illuminate\\Container\\BoundMethod.php(36): Database\\Seeders\\DatabaseSeeder->run()
#22 C:\\Users\\Domain\\Desktop\\Laravel\\inventory\\vendor\\laravel\\framework\\src\\Illuminate\\Container\\Util.php(43): Illuminate\\Container\\BoundMethod::Illuminate\\Container\\{closure}()
#23 C:\\Users\\Domain\\Desktop\\Laravel\\inventory\\vendor\\laravel\\framework\\src\\Illuminate\\Container\\BoundMethod.php(96): Illuminate\\Container\\Util::unwrapIfClosure(Object(Closure))
#24 C:\\Users\\Domain\\Desktop\\Laravel\\inventory\\vendor\\laravel\\framework\\src\\Illuminate\\Container\\BoundMethod.php(35): Illuminate\\Container\\BoundMethod::callBoundMethod(Object(Illuminate\\Foundation\\Application), Array, Object(Closure))
#25 C:\\Users\\Domain\\Desktop\\Laravel\\inventory\\vendor\\laravel\\framework\\src\\Illuminate\\Container\\Container.php(754): Illuminate\\Container\\BoundMethod::call(Object(Illuminate\\Foundation\\Application), Array, Array, NULL)
#26 C:\\Users\\Domain\\Desktop\\Laravel\\inventory\\vendor\\laravel\\framework\\src\\Illuminate\\Database\\Seeder.php(188): Illuminate\\Container\\Container->call(Array, Array)
#27 C:\\Users\\Domain\\Desktop\\Laravel\\inventory\\vendor\\laravel\\framework\\src\\Illuminate\\Database\\Seeder.php(197): Illuminate\\Database\\Seeder->Illuminate\\Database\\{closure}()
#28 C:\\Users\\Domain\\Desktop\\Laravel\\inventory\\vendor\\laravel\\framework\\src\\Illuminate\\Database\\Console\\Seeds\\SeedCommand.php(71): Illuminate\\Database\\Seeder->__invoke()
#29 C:\\Users\\Domain\\Desktop\\Laravel\\inventory\\vendor\\laravel\\framework\\src\\Illuminate\\Database\\Eloquent\\Concerns\\GuardsAttributes.php(155): Illuminate\\Database\\Console\\Seeds\\SeedCommand->Illuminate\\Database\\Console\\Seeds\\{closure}()
#30 C:\\Users\\Domain\\Desktop\\Laravel\\inventory\\vendor\\laravel\\framework\\src\\Illuminate\\Database\\Console\\Seeds\\SeedCommand.php(70): Illuminate\\Database\\Eloquent\\Model::unguarded(Object(Closure))
#31 C:\\Users\\Domain\\Desktop\\Laravel\\inventory\\vendor\\laravel\\framework\\src\\Illuminate\\Container\\BoundMethod.php(36): Illuminate\\Database\\Console\\Seeds\\SeedCommand->handle()
#32 C:\\Users\\Domain\\Desktop\\Laravel\\inventory\\vendor\\laravel\\framework\\src\\Illuminate\\Container\\Util.php(43): Illuminate\\Container\\BoundMethod::Illuminate\\Container\\{closure}()
#33 C:\\Users\\Domain\\Desktop\\Laravel\\inventory\\vendor\\laravel\\framework\\src\\Illuminate\\Container\\BoundMethod.php(96): Illuminate\\Container\\Util::unwrapIfClosure(Object(Closure))
#34 C:\\Users\\Domain\\Desktop\\Laravel\\inventory\\vendor\\laravel\\framework\\src\\Illuminate\\Container\\BoundMethod.php(35): Illuminate\\Container\\BoundMethod::callBoundMethod(Object(Illuminate\\Foundation\\Application), Array, Object(Closure))
#35 C:\\Users\\Domain\\Desktop\\Laravel\\inventory\\vendor\\laravel\\framework\\src\\Illuminate\\Container\\Container.php(754): Illuminate\\Container\\BoundMethod::call(Object(Illuminate\\Foundation\\Application), Array, Array, NULL)
#36 C:\\Users\\Domain\\Desktop\\Laravel\\inventory\\vendor\\laravel\\framework\\src\\Illuminate\\Console\\Command.php(211): Illuminate\\Container\\Container->call(Array)
#37 C:\\Users\\Domain\\Desktop\\Laravel\\inventory\\vendor\\symfony\\console\\Command\\Command.php(279): Illuminate\\Console\\Command->execute(Object(Symfony\\Component\\Console\\Input\\ArrayInput), Object(Illuminate\\Console\\OutputStyle))
#38 C:\\Users\\Domain\\Desktop\\Laravel\\inventory\\vendor\\laravel\\framework\\src\\Illuminate\\Console\\Command.php(180): Symfony\\Component\\Console\\Command\\Command->run(Object(Symfony\\Component\\Console\\Input\\ArrayInput), Object(Illuminate\\Console\\OutputStyle))
#39 C:\\Users\\Domain\\Desktop\\Laravel\\inventory\\vendor\\laravel\\framework\\src\\Illuminate\\Console\\Concerns\\CallsCommands.php(68): Illuminate\\Console\\Command->run(Object(Symfony\\Component\\Console\\Input\\ArrayInput), Object(Illuminate\\Console\\OutputStyle))
#40 C:\\Users\\Domain\\Desktop\\Laravel\\inventory\\vendor\\laravel\\framework\\src\\Illuminate\\Console\\Concerns\\CallsCommands.php(29): Illuminate\\Console\\Command->runCommand('db:seed', Array, Object(Illuminate\\Console\\OutputStyle))
#41 C:\\Users\\Domain\\Desktop\\Laravel\\inventory\\vendor\\laravel\\framework\\src\\Illuminate\\Database\\Console\\Migrations\\FreshCommand.php(121): Illuminate\\Console\\Command->call('db:seed', Array)
#42 C:\\Users\\Domain\\Desktop\\Laravel\\inventory\\vendor\\laravel\\framework\\src\\Illuminate\\Database\\Console\\Migrations\\FreshCommand.php(97): Illuminate\\Database\\Console\\Migrations\\FreshCommand->runSeeder(NULL)
#43 C:\\Users\\Domain\\Desktop\\Laravel\\inventory\\vendor\\laravel\\framework\\src\\Illuminate\\Container\\BoundMethod.php(36): Illuminate\\Database\\Console\\Migrations\\FreshCommand->handle()
#44 C:\\Users\\Domain\\Desktop\\Laravel\\inventory\\vendor\\laravel\\framework\\src\\Illuminate\\Container\\Util.php(43): Illuminate\\Container\\BoundMethod::Illuminate\\Container\\{closure}()
#45 C:\\Users\\Domain\\Desktop\\Laravel\\inventory\\vendor\\laravel\\framework\\src\\Illuminate\\Container\\BoundMethod.php(96): Illuminate\\Container\\Util::unwrapIfClosure(Object(Closure))
#46 C:\\Users\\Domain\\Desktop\\Laravel\\inventory\\vendor\\laravel\\framework\\src\\Illuminate\\Container\\BoundMethod.php(35): Illuminate\\Container\\BoundMethod::callBoundMethod(Object(Illuminate\\Foundation\\Application), Array, Object(Closure))
#47 C:\\Users\\Domain\\Desktop\\Laravel\\inventory\\vendor\\laravel\\framework\\src\\Illuminate\\Container\\Container.php(754): Illuminate\\Container\\BoundMethod::call(Object(Illuminate\\Foundation\\Application), Array, Array, NULL)
#48 C:\\Users\\Domain\\Desktop\\Laravel\\inventory\\vendor\\laravel\\framework\\src\\Illuminate\\Console\\Command.php(211): Illuminate\\Container\\Container->call(Array)
#49 C:\\Users\\Domain\\Desktop\\Laravel\\inventory\\vendor\\symfony\\console\\Command\\Command.php(279): Illuminate\\Console\\Command->execute(Object(Symfony\\Component\\Console\\Input\\ArgvInput), Object(Illuminate\\Console\\OutputStyle))
#50 C:\\Users\\Domain\\Desktop\\Laravel\\inventory\\vendor\\laravel\\framework\\src\\Illuminate\\Console\\Command.php(180): Symfony\\Component\\Console\\Command\\Command->run(Object(Symfony\\Component\\Console\\Input\\ArgvInput), Object(Illuminate\\Console\\OutputStyle))
#51 C:\\Users\\Domain\\Desktop\\Laravel\\inventory\\vendor\\symfony\\console\\Application.php(1094): Illuminate\\Console\\Command->run(Object(Symfony\\Component\\Console\\Input\\ArgvInput), Object(Symfony\\Component\\Console\\Output\\ConsoleOutput))
#52 C:\\Users\\Domain\\Desktop\\Laravel\\inventory\\vendor\\symfony\\console\\Application.php(342): Symfony\\Component\\Console\\Application->doRunCommand(Object(Illuminate\\Database\\Console\\Migrations\\FreshCommand), Object(Symfony\\Component\\Console\\Input\\ArgvInput), Object(Symfony\\Component\\Console\\Output\\ConsoleOutput))
#53 C:\\Users\\Domain\\Desktop\\Laravel\\inventory\\vendor\\symfony\\console\\Application.php(193): Symfony\\Component\\Console\\Application->doRun(Object(Symfony\\Component\\Console\\Input\\ArgvInput), Object(Symfony\\Component\\Console\\Output\\ConsoleOutput))
#54 C:\\Users\\Domain\\Desktop\\Laravel\\inventory\\vendor\\laravel\\framework\\src\\Illuminate\\Foundation\\Console\\Kernel.php(197): Symfony\\Component\\Console\\Application->run(Object(Symfony\\Component\\Console\\Input\\ArgvInput), Object(Symfony\\Component\\Console\\Output\\ConsoleOutput))
#55 C:\\Users\\Domain\\Desktop\\Laravel\\inventory\\vendor\\laravel\\framework\\src\\Illuminate\\Foundation\\Application.php(1234): Illuminate\\Foundation\\Console\\Kernel->handle(Object(Symfony\\Component\\Console\\Input\\ArgvInput), Object(Symfony\\Component\\Console\\Output\\ConsoleOutput))
#56 C:\\Users\\Domain\\Desktop\\Laravel\\inventory\\artisan(16): Illuminate\\Foundation\\Application->handleCommand(Object(Symfony\\Component\\Console\\Input\\ArgvInput))
#57 {main}
"} 
[2025-05-07 18:15:49] local.ERROR: Attempt to read property "id" on null {"exception":"[object] (ErrorException(code: 0): Attempt to read property \"id\" on null at C:\\Users\\Domain\\Desktop\\Laravel\\inventory\\database\\factories\\AssetsFactory.php:95)
[stacktrace]
#0 C:\\Users\\Domain\\Desktop\\Laravel\\inventory\\vendor\\laravel\\framework\\src\\Illuminate\\Foundation\\Bootstrap\\HandleExceptions.php(256): Illuminate\\Foundation\\Bootstrap\\HandleExceptions->handleError(2, 'Attempt to read...', 'C:\\\\Users\\\\Domain...', 95)
#1 C:\\Users\\Domain\\Desktop\\Laravel\\inventory\\database\\factories\\AssetsFactory.php(95): Illuminate\\Foundation\\Bootstrap\\HandleExceptions->Illuminate\\Foundation\\Bootstrap\\{closure}(2, 'Attempt to read...', 'C:\\\\Users\\\\Domain...', 95)
#2 C:\\Users\\Domain\\Desktop\\Laravel\\inventory\\vendor\\laravel\\framework\\src\\Illuminate\\Database\\Eloquent\\Factories\\Factory.php(467): Database\\Factories\\AssetsFactory->definition()
#3 C:\\Users\\Domain\\Desktop\\Laravel\\inventory\\vendor\\laravel\\framework\\src\\Illuminate\\Database\\Eloquent\\Factories\\Factory.php(446): Illuminate\\Database\\Eloquent\\Factories\\Factory->getRawAttributes(NULL)
#4 C:\\Users\\Domain\\Desktop\\Laravel\\inventory\\vendor\\laravel\\framework\\src\\Illuminate\\Database\\Eloquent\\Factories\\Factory.php(430): Illuminate\\Database\\Eloquent\\Factories\\Factory->getExpandedAttributes(NULL)
#5 C:\\Users\\Domain\\Desktop\\Laravel\\inventory\\vendor\\laravel\\framework\\src\\Illuminate\\Database\\Eloquent\\Concerns\\GuardsAttributes.php(149): Illuminate\\Database\\Eloquent\\Factories\\Factory->Illuminate\\Database\\Eloquent\\Factories\\{closure}()
#6 C:\\Users\\Domain\\Desktop\\Laravel\\inventory\\vendor\\laravel\\framework\\src\\Illuminate\\Database\\Eloquent\\Factories\\Factory.php(429): Illuminate\\Database\\Eloquent\\Model::unguarded(Object(Closure))
#7 C:\\Users\\Domain\\Desktop\\Laravel\\inventory\\vendor\\laravel\\framework\\src\\Illuminate\\Database\\Eloquent\\Factories\\Factory.php(413): Illuminate\\Database\\Eloquent\\Factories\\Factory->makeInstance(NULL)
#8 [internal function]: Illuminate\\Database\\Eloquent\\Factories\\Factory->Illuminate\\Database\\Eloquent\\Factories\\{closure}(1)
#9 C:\\Users\\Domain\\Desktop\\Laravel\\inventory\\vendor\\laravel\\framework\\src\\Illuminate\\Database\\Eloquent\\Factories\\Factory.php(412): array_map(Object(Closure), Array)
#10 C:\\Users\\Domain\\Desktop\\Laravel\\inventory\\vendor\\laravel\\framework\\src\\Illuminate\\Database\\Eloquent\\Factories\\Factory.php(299): Illuminate\\Database\\Eloquent\\Factories\\Factory->make(Array, NULL)
#11 C:\\Users\\Domain\\Desktop\\Laravel\\inventory\\database\\seeders\\AssetsSeeder.php(28): Illuminate\\Database\\Eloquent\\Factories\\Factory->create()
#12 C:\\Users\\Domain\\Desktop\\Laravel\\inventory\\vendor\\laravel\\framework\\src\\Illuminate\\Container\\BoundMethod.php(36): Database\\Seeders\\AssetsSeeder->run()
#13 C:\\Users\\Domain\\Desktop\\Laravel\\inventory\\vendor\\laravel\\framework\\src\\Illuminate\\Container\\Util.php(43): Illuminate\\Container\\BoundMethod::Illuminate\\Container\\{closure}()
#14 C:\\Users\\Domain\\Desktop\\Laravel\\inventory\\vendor\\laravel\\framework\\src\\Illuminate\\Container\\BoundMethod.php(96): Illuminate\\Container\\Util::unwrapIfClosure(Object(Closure))
#15 C:\\Users\\Domain\\Desktop\\Laravel\\inventory\\vendor\\laravel\\framework\\src\\Illuminate\\Container\\BoundMethod.php(35): Illuminate\\Container\\BoundMethod::callBoundMethod(Object(Illuminate\\Foundation\\Application), Array, Object(Closure))
#16 C:\\Users\\Domain\\Desktop\\Laravel\\inventory\\vendor\\laravel\\framework\\src\\Illuminate\\Container\\Container.php(754): Illuminate\\Container\\BoundMethod::call(Object(Illuminate\\Foundation\\Application), Array, Array, NULL)
#17 C:\\Users\\Domain\\Desktop\\Laravel\\inventory\\vendor\\laravel\\framework\\src\\Illuminate\\Database\\Seeder.php(188): Illuminate\\Container\\Container->call(Array, Array)
#18 C:\\Users\\Domain\\Desktop\\Laravel\\inventory\\vendor\\laravel\\framework\\src\\Illuminate\\Database\\Seeder.php(197): Illuminate\\Database\\Seeder->Illuminate\\Database\\{closure}()
#19 C:\\Users\\Domain\\Desktop\\Laravel\\inventory\\vendor\\laravel\\framework\\src\\Illuminate\\Database\\Seeder.php(61): Illuminate\\Database\\Seeder->__invoke(Array)
#20 C:\\Users\\Domain\\Desktop\\Laravel\\inventory\\database\\seeders\\DatabaseSeeder.php(24): Illuminate\\Database\\Seeder->call('Database\\\\Seeder...')
#21 C:\\Users\\Domain\\Desktop\\Laravel\\inventory\\vendor\\laravel\\framework\\src\\Illuminate\\Container\\BoundMethod.php(36): Database\\Seeders\\DatabaseSeeder->run()
#22 C:\\Users\\Domain\\Desktop\\Laravel\\inventory\\vendor\\laravel\\framework\\src\\Illuminate\\Container\\Util.php(43): Illuminate\\Container\\BoundMethod::Illuminate\\Container\\{closure}()
#23 C:\\Users\\Domain\\Desktop\\Laravel\\inventory\\vendor\\laravel\\framework\\src\\Illuminate\\Container\\BoundMethod.php(96): Illuminate\\Container\\Util::unwrapIfClosure(Object(Closure))
#24 C:\\Users\\Domain\\Desktop\\Laravel\\inventory\\vendor\\laravel\\framework\\src\\Illuminate\\Container\\BoundMethod.php(35): Illuminate\\Container\\BoundMethod::callBoundMethod(Object(Illuminate\\Foundation\\Application), Array, Object(Closure))
#25 C:\\Users\\Domain\\Desktop\\Laravel\\inventory\\vendor\\laravel\\framework\\src\\Illuminate\\Container\\Container.php(754): Illuminate\\Container\\BoundMethod::call(Object(Illuminate\\Foundation\\Application), Array, Array, NULL)
#26 C:\\Users\\Domain\\Desktop\\Laravel\\inventory\\vendor\\laravel\\framework\\src\\Illuminate\\Database\\Seeder.php(188): Illuminate\\Container\\Container->call(Array, Array)
#27 C:\\Users\\Domain\\Desktop\\Laravel\\inventory\\vendor\\laravel\\framework\\src\\Illuminate\\Database\\Seeder.php(197): Illuminate\\Database\\Seeder->Illuminate\\Database\\{closure}()
#28 C:\\Users\\Domain\\Desktop\\Laravel\\inventory\\vendor\\laravel\\framework\\src\\Illuminate\\Database\\Console\\Seeds\\SeedCommand.php(71): Illuminate\\Database\\Seeder->__invoke()
#29 C:\\Users\\Domain\\Desktop\\Laravel\\inventory\\vendor\\laravel\\framework\\src\\Illuminate\\Database\\Eloquent\\Concerns\\GuardsAttributes.php(155): Illuminate\\Database\\Console\\Seeds\\SeedCommand->Illuminate\\Database\\Console\\Seeds\\{closure}()
#30 C:\\Users\\Domain\\Desktop\\Laravel\\inventory\\vendor\\laravel\\framework\\src\\Illuminate\\Database\\Console\\Seeds\\SeedCommand.php(70): Illuminate\\Database\\Eloquent\\Model::unguarded(Object(Closure))
#31 C:\\Users\\Domain\\Desktop\\Laravel\\inventory\\vendor\\laravel\\framework\\src\\Illuminate\\Container\\BoundMethod.php(36): Illuminate\\Database\\Console\\Seeds\\SeedCommand->handle()
#32 C:\\Users\\Domain\\Desktop\\Laravel\\inventory\\vendor\\laravel\\framework\\src\\Illuminate\\Container\\Util.php(43): Illuminate\\Container\\BoundMethod::Illuminate\\Container\\{closure}()
#33 C:\\Users\\Domain\\Desktop\\Laravel\\inventory\\vendor\\laravel\\framework\\src\\Illuminate\\Container\\BoundMethod.php(96): Illuminate\\Container\\Util::unwrapIfClosure(Object(Closure))
#34 C:\\Users\\Domain\\Desktop\\Laravel\\inventory\\vendor\\laravel\\framework\\src\\Illuminate\\Container\\BoundMethod.php(35): Illuminate\\Container\\BoundMethod::callBoundMethod(Object(Illuminate\\Foundation\\Application), Array, Object(Closure))
#35 C:\\Users\\Domain\\Desktop\\Laravel\\inventory\\vendor\\laravel\\framework\\src\\Illuminate\\Container\\Container.php(754): Illuminate\\Container\\BoundMethod::call(Object(Illuminate\\Foundation\\Application), Array, Array, NULL)
#36 C:\\Users\\Domain\\Desktop\\Laravel\\inventory\\vendor\\laravel\\framework\\src\\Illuminate\\Console\\Command.php(211): Illuminate\\Container\\Container->call(Array)
#37 C:\\Users\\Domain\\Desktop\\Laravel\\inventory\\vendor\\symfony\\console\\Command\\Command.php(279): Illuminate\\Console\\Command->execute(Object(Symfony\\Component\\Console\\Input\\ArrayInput), Object(Illuminate\\Console\\OutputStyle))
#38 C:\\Users\\Domain\\Desktop\\Laravel\\inventory\\vendor\\laravel\\framework\\src\\Illuminate\\Console\\Command.php(180): Symfony\\Component\\Console\\Command\\Command->run(Object(Symfony\\Component\\Console\\Input\\ArrayInput), Object(Illuminate\\Console\\OutputStyle))
#39 C:\\Users\\Domain\\Desktop\\Laravel\\inventory\\vendor\\laravel\\framework\\src\\Illuminate\\Console\\Concerns\\CallsCommands.php(68): Illuminate\\Console\\Command->run(Object(Symfony\\Component\\Console\\Input\\ArrayInput), Object(Illuminate\\Console\\OutputStyle))
#40 C:\\Users\\Domain\\Desktop\\Laravel\\inventory\\vendor\\laravel\\framework\\src\\Illuminate\\Console\\Concerns\\CallsCommands.php(29): Illuminate\\Console\\Command->runCommand('db:seed', Array, Object(Illuminate\\Console\\OutputStyle))
#41 C:\\Users\\Domain\\Desktop\\Laravel\\inventory\\vendor\\laravel\\framework\\src\\Illuminate\\Database\\Console\\Migrations\\FreshCommand.php(121): Illuminate\\Console\\Command->call('db:seed', Array)
#42 C:\\Users\\Domain\\Desktop\\Laravel\\inventory\\vendor\\laravel\\framework\\src\\Illuminate\\Database\\Console\\Migrations\\FreshCommand.php(97): Illuminate\\Database\\Console\\Migrations\\FreshCommand->runSeeder(NULL)
#43 C:\\Users\\Domain\\Desktop\\Laravel\\inventory\\vendor\\laravel\\framework\\src\\Illuminate\\Container\\BoundMethod.php(36): Illuminate\\Database\\Console\\Migrations\\FreshCommand->handle()
#44 C:\\Users\\Domain\\Desktop\\Laravel\\inventory\\vendor\\laravel\\framework\\src\\Illuminate\\Container\\Util.php(43): Illuminate\\Container\\BoundMethod::Illuminate\\Container\\{closure}()
#45 C:\\Users\\Domain\\Desktop\\Laravel\\inventory\\vendor\\laravel\\framework\\src\\Illuminate\\Container\\BoundMethod.php(96): Illuminate\\Container\\Util::unwrapIfClosure(Object(Closure))
#46 C:\\Users\\Domain\\Desktop\\Laravel\\inventory\\vendor\\laravel\\framework\\src\\Illuminate\\Container\\BoundMethod.php(35): Illuminate\\Container\\BoundMethod::callBoundMethod(Object(Illuminate\\Foundation\\Application), Array, Object(Closure))
#47 C:\\Users\\Domain\\Desktop\\Laravel\\inventory\\vendor\\laravel\\framework\\src\\Illuminate\\Container\\Container.php(754): Illuminate\\Container\\BoundMethod::call(Object(Illuminate\\Foundation\\Application), Array, Array, NULL)
#48 C:\\Users\\Domain\\Desktop\\Laravel\\inventory\\vendor\\laravel\\framework\\src\\Illuminate\\Console\\Command.php(211): Illuminate\\Container\\Container->call(Array)
#49 C:\\Users\\Domain\\Desktop\\Laravel\\inventory\\vendor\\symfony\\console\\Command\\Command.php(279): Illuminate\\Console\\Command->execute(Object(Symfony\\Component\\Console\\Input\\ArgvInput), Object(Illuminate\\Console\\OutputStyle))
#50 C:\\Users\\Domain\\Desktop\\Laravel\\inventory\\vendor\\laravel\\framework\\src\\Illuminate\\Console\\Command.php(180): Symfony\\Component\\Console\\Command\\Command->run(Object(Symfony\\Component\\Console\\Input\\ArgvInput), Object(Illuminate\\Console\\OutputStyle))
#51 C:\\Users\\Domain\\Desktop\\Laravel\\inventory\\vendor\\symfony\\console\\Application.php(1094): Illuminate\\Console\\Command->run(Object(Symfony\\Component\\Console\\Input\\ArgvInput), Object(Symfony\\Component\\Console\\Output\\ConsoleOutput))
#52 C:\\Users\\Domain\\Desktop\\Laravel\\inventory\\vendor\\symfony\\console\\Application.php(342): Symfony\\Component\\Console\\Application->doRunCommand(Object(Illuminate\\Database\\Console\\Migrations\\FreshCommand), Object(Symfony\\Component\\Console\\Input\\ArgvInput), Object(Symfony\\Component\\Console\\Output\\ConsoleOutput))
#53 C:\\Users\\Domain\\Desktop\\Laravel\\inventory\\vendor\\symfony\\console\\Application.php(193): Symfony\\Component\\Console\\Application->doRun(Object(Symfony\\Component\\Console\\Input\\ArgvInput), Object(Symfony\\Component\\Console\\Output\\ConsoleOutput))
#54 C:\\Users\\Domain\\Desktop\\Laravel\\inventory\\vendor\\laravel\\framework\\src\\Illuminate\\Foundation\\Console\\Kernel.php(197): Symfony\\Component\\Console\\Application->run(Object(Symfony\\Component\\Console\\Input\\ArgvInput), Object(Symfony\\Component\\Console\\Output\\ConsoleOutput))
#55 C:\\Users\\Domain\\Desktop\\Laravel\\inventory\\vendor\\laravel\\framework\\src\\Illuminate\\Foundation\\Application.php(1234): Illuminate\\Foundation\\Console\\Kernel->handle(Object(Symfony\\Component\\Console\\Input\\ArgvInput), Object(Symfony\\Component\\Console\\Output\\ConsoleOutput))
#56 C:\\Users\\Domain\\Desktop\\Laravel\\inventory\\artisan(16): Illuminate\\Foundation\\Application->handleCommand(Object(Symfony\\Component\\Console\\Input\\ArgvInput))
#57 {main}
"} 
[2025-05-07 18:46:11] local.ERROR: Maximum retries of 10000 reached without finding a unique value {"exception":"[object] (OverflowException(code: 0): Maximum retries of 10000 reached without finding a unique value at C:\\Users\\Domain\\Desktop\\Laravel\\inventory\\vendor\\fakerphp\\faker\\src\\Faker\\UniqueGenerator.php:80)
[stacktrace]
#0 C:\\Users\\Domain\\Desktop\\Laravel\\inventory\\database\\factories\\AssetsFactory.php(26): Faker\\UniqueGenerator->__call('randomElement', Array)
#1 C:\\Users\\Domain\\Desktop\\Laravel\\inventory\\vendor\\laravel\\framework\\src\\Illuminate\\Database\\Eloquent\\Factories\\Factory.php(467): Database\\Factories\\AssetsFactory->definition()
#2 C:\\Users\\Domain\\Desktop\\Laravel\\inventory\\vendor\\laravel\\framework\\src\\Illuminate\\Database\\Eloquent\\Factories\\Factory.php(446): Illuminate\\Database\\Eloquent\\Factories\\Factory->getRawAttributes(NULL)
#3 C:\\Users\\Domain\\Desktop\\Laravel\\inventory\\vendor\\laravel\\framework\\src\\Illuminate\\Database\\Eloquent\\Factories\\Factory.php(430): Illuminate\\Database\\Eloquent\\Factories\\Factory->getExpandedAttributes(NULL)
#4 C:\\Users\\Domain\\Desktop\\Laravel\\inventory\\vendor\\laravel\\framework\\src\\Illuminate\\Database\\Eloquent\\Concerns\\GuardsAttributes.php(149): Illuminate\\Database\\Eloquent\\Factories\\Factory->Illuminate\\Database\\Eloquent\\Factories\\{closure}()
#5 C:\\Users\\Domain\\Desktop\\Laravel\\inventory\\vendor\\laravel\\framework\\src\\Illuminate\\Database\\Eloquent\\Factories\\Factory.php(429): Illuminate\\Database\\Eloquent\\Model::unguarded(Object(Closure))
#6 C:\\Users\\Domain\\Desktop\\Laravel\\inventory\\vendor\\laravel\\framework\\src\\Illuminate\\Database\\Eloquent\\Factories\\Factory.php(413): Illuminate\\Database\\Eloquent\\Factories\\Factory->makeInstance(NULL)
#7 [internal function]: Illuminate\\Database\\Eloquent\\Factories\\Factory->Illuminate\\Database\\Eloquent\\Factories\\{closure}(64)
#8 C:\\Users\\Domain\\Desktop\\Laravel\\inventory\\vendor\\laravel\\framework\\src\\Illuminate\\Database\\Eloquent\\Factories\\Factory.php(412): array_map(Object(Closure), Array)
#9 C:\\Users\\Domain\\Desktop\\Laravel\\inventory\\vendor\\laravel\\framework\\src\\Illuminate\\Database\\Eloquent\\Factories\\Factory.php(299): Illuminate\\Database\\Eloquent\\Factories\\Factory->make(Array, NULL)
#10 C:\\Users\\Domain\\Desktop\\Laravel\\inventory\\database\\seeders\\AssetsSeeder.php(28): Illuminate\\Database\\Eloquent\\Factories\\Factory->create()
#11 C:\\Users\\Domain\\Desktop\\Laravel\\inventory\\vendor\\laravel\\framework\\src\\Illuminate\\Container\\BoundMethod.php(36): Database\\Seeders\\AssetsSeeder->run()
#12 C:\\Users\\Domain\\Desktop\\Laravel\\inventory\\vendor\\laravel\\framework\\src\\Illuminate\\Container\\Util.php(43): Illuminate\\Container\\BoundMethod::Illuminate\\Container\\{closure}()
#13 C:\\Users\\Domain\\Desktop\\Laravel\\inventory\\vendor\\laravel\\framework\\src\\Illuminate\\Container\\BoundMethod.php(96): Illuminate\\Container\\Util::unwrapIfClosure(Object(Closure))
#14 C:\\Users\\Domain\\Desktop\\Laravel\\inventory\\vendor\\laravel\\framework\\src\\Illuminate\\Container\\BoundMethod.php(35): Illuminate\\Container\\BoundMethod::callBoundMethod(Object(Illuminate\\Foundation\\Application), Array, Object(Closure))
#15 C:\\Users\\Domain\\Desktop\\Laravel\\inventory\\vendor\\laravel\\framework\\src\\Illuminate\\Container\\Container.php(754): Illuminate\\Container\\BoundMethod::call(Object(Illuminate\\Foundation\\Application), Array, Array, NULL)
#16 C:\\Users\\Domain\\Desktop\\Laravel\\inventory\\vendor\\laravel\\framework\\src\\Illuminate\\Database\\Seeder.php(188): Illuminate\\Container\\Container->call(Array, Array)
#17 C:\\Users\\Domain\\Desktop\\Laravel\\inventory\\vendor\\laravel\\framework\\src\\Illuminate\\Database\\Seeder.php(197): Illuminate\\Database\\Seeder->Illuminate\\Database\\{closure}()
#18 C:\\Users\\Domain\\Desktop\\Laravel\\inventory\\vendor\\laravel\\framework\\src\\Illuminate\\Database\\Seeder.php(61): Illuminate\\Database\\Seeder->__invoke(Array)
#19 C:\\Users\\Domain\\Desktop\\Laravel\\inventory\\database\\seeders\\DatabaseSeeder.php(24): Illuminate\\Database\\Seeder->call('Database\\\\Seeder...')
#20 C:\\Users\\Domain\\Desktop\\Laravel\\inventory\\vendor\\laravel\\framework\\src\\Illuminate\\Container\\BoundMethod.php(36): Database\\Seeders\\DatabaseSeeder->run()
#21 C:\\Users\\Domain\\Desktop\\Laravel\\inventory\\vendor\\laravel\\framework\\src\\Illuminate\\Container\\Util.php(43): Illuminate\\Container\\BoundMethod::Illuminate\\Container\\{closure}()
#22 C:\\Users\\Domain\\Desktop\\Laravel\\inventory\\vendor\\laravel\\framework\\src\\Illuminate\\Container\\BoundMethod.php(96): Illuminate\\Container\\Util::unwrapIfClosure(Object(Closure))
#23 C:\\Users\\Domain\\Desktop\\Laravel\\inventory\\vendor\\laravel\\framework\\src\\Illuminate\\Container\\BoundMethod.php(35): Illuminate\\Container\\BoundMethod::callBoundMethod(Object(Illuminate\\Foundation\\Application), Array, Object(Closure))
#24 C:\\Users\\Domain\\Desktop\\Laravel\\inventory\\vendor\\laravel\\framework\\src\\Illuminate\\Container\\Container.php(754): Illuminate\\Container\\BoundMethod::call(Object(Illuminate\\Foundation\\Application), Array, Array, NULL)
#25 C:\\Users\\Domain\\Desktop\\Laravel\\inventory\\vendor\\laravel\\framework\\src\\Illuminate\\Database\\Seeder.php(188): Illuminate\\Container\\Container->call(Array, Array)
#26 C:\\Users\\Domain\\Desktop\\Laravel\\inventory\\vendor\\laravel\\framework\\src\\Illuminate\\Database\\Seeder.php(197): Illuminate\\Database\\Seeder->Illuminate\\Database\\{closure}()
#27 C:\\Users\\Domain\\Desktop\\Laravel\\inventory\\vendor\\laravel\\framework\\src\\Illuminate\\Database\\Console\\Seeds\\SeedCommand.php(71): Illuminate\\Database\\Seeder->__invoke()
#28 C:\\Users\\Domain\\Desktop\\Laravel\\inventory\\vendor\\laravel\\framework\\src\\Illuminate\\Database\\Eloquent\\Concerns\\GuardsAttributes.php(155): Illuminate\\Database\\Console\\Seeds\\SeedCommand->Illuminate\\Database\\Console\\Seeds\\{closure}()
#29 C:\\Users\\Domain\\Desktop\\Laravel\\inventory\\vendor\\laravel\\framework\\src\\Illuminate\\Database\\Console\\Seeds\\SeedCommand.php(70): Illuminate\\Database\\Eloquent\\Model::unguarded(Object(Closure))
#30 C:\\Users\\Domain\\Desktop\\Laravel\\inventory\\vendor\\laravel\\framework\\src\\Illuminate\\Container\\BoundMethod.php(36): Illuminate\\Database\\Console\\Seeds\\SeedCommand->handle()
#31 C:\\Users\\Domain\\Desktop\\Laravel\\inventory\\vendor\\laravel\\framework\\src\\Illuminate\\Container\\Util.php(43): Illuminate\\Container\\BoundMethod::Illuminate\\Container\\{closure}()
#32 C:\\Users\\Domain\\Desktop\\Laravel\\inventory\\vendor\\laravel\\framework\\src\\Illuminate\\Container\\BoundMethod.php(96): Illuminate\\Container\\Util::unwrapIfClosure(Object(Closure))
#33 C:\\Users\\Domain\\Desktop\\Laravel\\inventory\\vendor\\laravel\\framework\\src\\Illuminate\\Container\\BoundMethod.php(35): Illuminate\\Container\\BoundMethod::callBoundMethod(Object(Illuminate\\Foundation\\Application), Array, Object(Closure))
#34 C:\\Users\\Domain\\Desktop\\Laravel\\inventory\\vendor\\laravel\\framework\\src\\Illuminate\\Container\\Container.php(754): Illuminate\\Container\\BoundMethod::call(Object(Illuminate\\Foundation\\Application), Array, Array, NULL)
#35 C:\\Users\\Domain\\Desktop\\Laravel\\inventory\\vendor\\laravel\\framework\\src\\Illuminate\\Console\\Command.php(211): Illuminate\\Container\\Container->call(Array)
#36 C:\\Users\\Domain\\Desktop\\Laravel\\inventory\\vendor\\symfony\\console\\Command\\Command.php(279): Illuminate\\Console\\Command->execute(Object(Symfony\\Component\\Console\\Input\\ArrayInput), Object(Illuminate\\Console\\OutputStyle))
#37 C:\\Users\\Domain\\Desktop\\Laravel\\inventory\\vendor\\laravel\\framework\\src\\Illuminate\\Console\\Command.php(180): Symfony\\Component\\Console\\Command\\Command->run(Object(Symfony\\Component\\Console\\Input\\ArrayInput), Object(Illuminate\\Console\\OutputStyle))
#38 C:\\Users\\Domain\\Desktop\\Laravel\\inventory\\vendor\\laravel\\framework\\src\\Illuminate\\Console\\Concerns\\CallsCommands.php(68): Illuminate\\Console\\Command->run(Object(Symfony\\Component\\Console\\Input\\ArrayInput), Object(Illuminate\\Console\\OutputStyle))
#39 C:\\Users\\Domain\\Desktop\\Laravel\\inventory\\vendor\\laravel\\framework\\src\\Illuminate\\Console\\Concerns\\CallsCommands.php(29): Illuminate\\Console\\Command->runCommand('db:seed', Array, Object(Illuminate\\Console\\OutputStyle))
#40 C:\\Users\\Domain\\Desktop\\Laravel\\inventory\\vendor\\laravel\\framework\\src\\Illuminate\\Database\\Console\\Migrations\\FreshCommand.php(121): Illuminate\\Console\\Command->call('db:seed', Array)
#41 C:\\Users\\Domain\\Desktop\\Laravel\\inventory\\vendor\\laravel\\framework\\src\\Illuminate\\Database\\Console\\Migrations\\FreshCommand.php(97): Illuminate\\Database\\Console\\Migrations\\FreshCommand->runSeeder(NULL)
#42 C:\\Users\\Domain\\Desktop\\Laravel\\inventory\\vendor\\laravel\\framework\\src\\Illuminate\\Container\\BoundMethod.php(36): Illuminate\\Database\\Console\\Migrations\\FreshCommand->handle()
#43 C:\\Users\\Domain\\Desktop\\Laravel\\inventory\\vendor\\laravel\\framework\\src\\Illuminate\\Container\\Util.php(43): Illuminate\\Container\\BoundMethod::Illuminate\\Container\\{closure}()
#44 C:\\Users\\Domain\\Desktop\\Laravel\\inventory\\vendor\\laravel\\framework\\src\\Illuminate\\Container\\BoundMethod.php(96): Illuminate\\Container\\Util::unwrapIfClosure(Object(Closure))
#45 C:\\Users\\Domain\\Desktop\\Laravel\\inventory\\vendor\\laravel\\framework\\src\\Illuminate\\Container\\BoundMethod.php(35): Illuminate\\Container\\BoundMethod::callBoundMethod(Object(Illuminate\\Foundation\\Application), Array, Object(Closure))
#46 C:\\Users\\Domain\\Desktop\\Laravel\\inventory\\vendor\\laravel\\framework\\src\\Illuminate\\Container\\Container.php(754): Illuminate\\Container\\BoundMethod::call(Object(Illuminate\\Foundation\\Application), Array, Array, NULL)
#47 C:\\Users\\Domain\\Desktop\\Laravel\\inventory\\vendor\\laravel\\framework\\src\\Illuminate\\Console\\Command.php(211): Illuminate\\Container\\Container->call(Array)
#48 C:\\Users\\Domain\\Desktop\\Laravel\\inventory\\vendor\\symfony\\console\\Command\\Command.php(279): Illuminate\\Console\\Command->execute(Object(Symfony\\Component\\Console\\Input\\ArgvInput), Object(Illuminate\\Console\\OutputStyle))
#49 C:\\Users\\Domain\\Desktop\\Laravel\\inventory\\vendor\\laravel\\framework\\src\\Illuminate\\Console\\Command.php(180): Symfony\\Component\\Console\\Command\\Command->run(Object(Symfony\\Component\\Console\\Input\\ArgvInput), Object(Illuminate\\Console\\OutputStyle))
#50 C:\\Users\\Domain\\Desktop\\Laravel\\inventory\\vendor\\symfony\\console\\Application.php(1094): Illuminate\\Console\\Command->run(Object(Symfony\\Component\\Console\\Input\\ArgvInput), Object(Symfony\\Component\\Console\\Output\\ConsoleOutput))
#51 C:\\Users\\Domain\\Desktop\\Laravel\\inventory\\vendor\\symfony\\console\\Application.php(342): Symfony\\Component\\Console\\Application->doRunCommand(Object(Illuminate\\Database\\Console\\Migrations\\FreshCommand), Object(Symfony\\Component\\Console\\Input\\ArgvInput), Object(Symfony\\Component\\Console\\Output\\ConsoleOutput))
#52 C:\\Users\\Domain\\Desktop\\Laravel\\inventory\\vendor\\symfony\\console\\Application.php(193): Symfony\\Component\\Console\\Application->doRun(Object(Symfony\\Component\\Console\\Input\\ArgvInput), Object(Symfony\\Component\\Console\\Output\\ConsoleOutput))
#53 C:\\Users\\Domain\\Desktop\\Laravel\\inventory\\vendor\\laravel\\framework\\src\\Illuminate\\Foundation\\Console\\Kernel.php(197): Symfony\\Component\\Console\\Application->run(Object(Symfony\\Component\\Console\\Input\\ArgvInput), Object(Symfony\\Component\\Console\\Output\\ConsoleOutput))
#54 C:\\Users\\Domain\\Desktop\\Laravel\\inventory\\vendor\\laravel\\framework\\src\\Illuminate\\Foundation\\Application.php(1234): Illuminate\\Foundation\\Console\\Kernel->handle(Object(Symfony\\Component\\Console\\Input\\ArgvInput), Object(Symfony\\Component\\Console\\Output\\ConsoleOutput))
#55 C:\\Users\\Domain\\Desktop\\Laravel\\inventory\\artisan(16): Illuminate\\Foundation\\Application->handleCommand(Object(Symfony\\Component\\Console\\Input\\ArgvInput))
#56 {main}
"} 
[2025-05-07 19:03:42] local.ERROR: There are no commands defined in the "clear" namespace. {"exception":"[object] (Symfony\\Component\\Console\\Exception\\NamespaceNotFoundException(code: 0): There are no commands defined in the \"clear\" namespace. at C:\\Users\\Domain\\Desktop\\Laravel\\inventory\\vendor\\symfony\\console\\Application.php:660)
[stacktrace]
#0 C:\\Users\\Domain\\Desktop\\Laravel\\inventory\\vendor\\symfony\\console\\Application.php(709): Symfony\\Component\\Console\\Application->findNamespace('clear')
#1 C:\\Users\\Domain\\Desktop\\Laravel\\inventory\\vendor\\symfony\\console\\Application.php(284): Symfony\\Component\\Console\\Application->find('clear:cache')
#2 C:\\Users\\Domain\\Desktop\\Laravel\\inventory\\vendor\\symfony\\console\\Application.php(193): Symfony\\Component\\Console\\Application->doRun(Object(Symfony\\Component\\Console\\Input\\ArgvInput), Object(Symfony\\Component\\Console\\Output\\ConsoleOutput))
#3 C:\\Users\\Domain\\Desktop\\Laravel\\inventory\\vendor\\laravel\\framework\\src\\Illuminate\\Foundation\\Console\\Kernel.php(197): Symfony\\Component\\Console\\Application->run(Object(Symfony\\Component\\Console\\Input\\ArgvInput), Object(Symfony\\Component\\Console\\Output\\ConsoleOutput))
#4 C:\\Users\\Domain\\Desktop\\Laravel\\inventory\\vendor\\laravel\\framework\\src\\Illuminate\\Foundation\\Application.php(1234): Illuminate\\Foundation\\Console\\Kernel->handle(Object(Symfony\\Component\\Console\\Input\\ArgvInput), Object(Symfony\\Component\\Console\\Output\\ConsoleOutput))
#5 C:\\Users\\Domain\\Desktop\\Laravel\\inventory\\artisan(16): Illuminate\\Foundation\\Application->handleCommand(Object(Symfony\\Component\\Console\\Input\\ArgvInput))
#6 {main}
"} 
[2025-05-09 10:59:06] local.ERROR: Call to undefined method App\Http\Controllers\Api\AssetsController::copyAsset() {"userId":1,"exception":"[object] (Error(code: 0): Call to undefined method App\\Http\\Controllers\\Api\\AssetsController::copyAsset() at C:\\Users\\Domain\\Desktop\\Laravel\\inventory\\vendor\\laravel\\framework\\src\\Illuminate\\Routing\\ControllerDispatcher.php:46)
[stacktrace]
#0 C:\\Users\\Domain\\Desktop\\Laravel\\inventory\\vendor\\laravel\\framework\\src\\Illuminate\\Routing\\Route.php(265): Illuminate\\Routing\\ControllerDispatcher->dispatch(Object(Illuminate\\Routing\\Route), Object(App\\Http\\Controllers\\Api\\AssetsController), 'copyAsset')
#1 C:\\Users\\Domain\\Desktop\\Laravel\\inventory\\vendor\\laravel\\framework\\src\\Illuminate\\Routing\\Route.php(211): Illuminate\\Routing\\Route->runController()
#2 C:\\Users\\Domain\\Desktop\\Laravel\\inventory\\vendor\\laravel\\framework\\src\\Illuminate\\Routing\\Router.php(808): Illuminate\\Routing\\Route->run()
#3 C:\\Users\\Domain\\Desktop\\Laravel\\inventory\\vendor\\laravel\\framework\\src\\Illuminate\\Pipeline\\Pipeline.php(169): Illuminate\\Routing\\Router->Illuminate\\Routing\\{closure}(Object(Illuminate\\Http\\Request))
#4 C:\\Users\\Domain\\Desktop\\Laravel\\inventory\\vendor\\laravel\\framework\\src\\Illuminate\\Routing\\Middleware\\SubstituteBindings.php(50): Illuminate\\Pipeline\\Pipeline->Illuminate\\Pipeline\\{closure}(Object(Illuminate\\Http\\Request))
#5 C:\\Users\\Domain\\Desktop\\Laravel\\inventory\\vendor\\laravel\\framework\\src\\Illuminate\\Pipeline\\Pipeline.php(208): Illuminate\\Routing\\Middleware\\SubstituteBindings->handle(Object(Illuminate\\Http\\Request), Object(Closure))
#6 C:\\Users\\Domain\\Desktop\\Laravel\\inventory\\vendor\\laravel\\framework\\src\\Illuminate\\Auth\\Middleware\\Authenticate.php(63): Illuminate\\Pipeline\\Pipeline->Illuminate\\Pipeline\\{closure}(Object(Illuminate\\Http\\Request))
#7 C:\\Users\\Domain\\Desktop\\Laravel\\inventory\\vendor\\laravel\\framework\\src\\Illuminate\\Pipeline\\Pipeline.php(208): Illuminate\\Auth\\Middleware\\Authenticate->handle(Object(Illuminate\\Http\\Request), Object(Closure), 'sanctum')
#8 C:\\Users\\Domain\\Desktop\\Laravel\\inventory\\vendor\\laravel\\framework\\src\\Illuminate\\Pipeline\\Pipeline.php(126): Illuminate\\Pipeline\\Pipeline->Illuminate\\Pipeline\\{closure}(Object(Illuminate\\Http\\Request))
#9 C:\\Users\\Domain\\Desktop\\Laravel\\inventory\\vendor\\laravel\\framework\\src\\Illuminate\\Routing\\Router.php(807): Illuminate\\Pipeline\\Pipeline->then(Object(Closure))
#10 C:\\Users\\Domain\\Desktop\\Laravel\\inventory\\vendor\\laravel\\framework\\src\\Illuminate\\Routing\\Router.php(786): Illuminate\\Routing\\Router->runRouteWithinStack(Object(Illuminate\\Routing\\Route), Object(Illuminate\\Http\\Request))
#11 C:\\Users\\Domain\\Desktop\\Laravel\\inventory\\vendor\\laravel\\framework\\src\\Illuminate\\Routing\\Router.php(750): Illuminate\\Routing\\Router->runRoute(Object(Illuminate\\Http\\Request), Object(Illuminate\\Routing\\Route))
#12 C:\\Users\\Domain\\Desktop\\Laravel\\inventory\\vendor\\laravel\\framework\\src\\Illuminate\\Routing\\Router.php(739): Illuminate\\Routing\\Router->dispatchToRoute(Object(Illuminate\\Http\\Request))
#13 C:\\Users\\Domain\\Desktop\\Laravel\\inventory\\vendor\\laravel\\framework\\src\\Illuminate\\Foundation\\Http\\Kernel.php(200): Illuminate\\Routing\\Router->dispatch(Object(Illuminate\\Http\\Request))
#14 C:\\Users\\Domain\\Desktop\\Laravel\\inventory\\vendor\\laravel\\framework\\src\\Illuminate\\Pipeline\\Pipeline.php(169): Illuminate\\Foundation\\Http\\Kernel->Illuminate\\Foundation\\Http\\{closure}(Object(Illuminate\\Http\\Request))
#15 C:\\Users\\Domain\\Desktop\\Laravel\\inventory\\vendor\\laravel\\framework\\src\\Illuminate\\Foundation\\Http\\Middleware\\TransformsRequest.php(21): Illuminate\\Pipeline\\Pipeline->Illuminate\\Pipeline\\{closure}(Object(Illuminate\\Http\\Request))
#16 C:\\Users\\Domain\\Desktop\\Laravel\\inventory\\vendor\\laravel\\framework\\src\\Illuminate\\Foundation\\Http\\Middleware\\ConvertEmptyStringsToNull.php(31): Illuminate\\Foundation\\Http\\Middleware\\TransformsRequest->handle(Object(Illuminate\\Http\\Request), Object(Closure))
#17 C:\\Users\\Domain\\Desktop\\Laravel\\inventory\\vendor\\laravel\\framework\\src\\Illuminate\\Pipeline\\Pipeline.php(208): Illuminate\\Foundation\\Http\\Middleware\\ConvertEmptyStringsToNull->handle(Object(Illuminate\\Http\\Request), Object(Closure))
#18 C:\\Users\\Domain\\Desktop\\Laravel\\inventory\\vendor\\laravel\\framework\\src\\Illuminate\\Foundation\\Http\\Middleware\\TransformsRequest.php(21): Illuminate\\Pipeline\\Pipeline->Illuminate\\Pipeline\\{closure}(Object(Illuminate\\Http\\Request))
#19 C:\\Users\\Domain\\Desktop\\Laravel\\inventory\\vendor\\laravel\\framework\\src\\Illuminate\\Foundation\\Http\\Middleware\\TrimStrings.php(51): Illuminate\\Foundation\\Http\\Middleware\\TransformsRequest->handle(Object(Illuminate\\Http\\Request), Object(Closure))
#20 C:\\Users\\Domain\\Desktop\\Laravel\\inventory\\vendor\\laravel\\framework\\src\\Illuminate\\Pipeline\\Pipeline.php(208): Illuminate\\Foundation\\Http\\Middleware\\TrimStrings->handle(Object(Illuminate\\Http\\Request), Object(Closure))
#21 C:\\Users\\Domain\\Desktop\\Laravel\\inventory\\vendor\\laravel\\framework\\src\\Illuminate\\Http\\Middleware\\ValidatePostSize.php(27): Illuminate\\Pipeline\\Pipeline->Illuminate\\Pipeline\\{closure}(Object(Illuminate\\Http\\Request))
#22 C:\\Users\\Domain\\Desktop\\Laravel\\inventory\\vendor\\laravel\\framework\\src\\Illuminate\\Pipeline\\Pipeline.php(208): Illuminate\\Http\\Middleware\\ValidatePostSize->handle(Object(Illuminate\\Http\\Request), Object(Closure))
#23 C:\\Users\\Domain\\Desktop\\Laravel\\inventory\\vendor\\laravel\\framework\\src\\Illuminate\\Foundation\\Http\\Middleware\\PreventRequestsDuringMaintenance.php(109): Illuminate\\Pipeline\\Pipeline->Illuminate\\Pipeline\\{closure}(Object(Illuminate\\Http\\Request))
#24 C:\\Users\\Domain\\Desktop\\Laravel\\inventory\\vendor\\laravel\\framework\\src\\Illuminate\\Pipeline\\Pipeline.php(208): Illuminate\\Foundation\\Http\\Middleware\\PreventRequestsDuringMaintenance->handle(Object(Illuminate\\Http\\Request), Object(Closure))
#25 C:\\Users\\Domain\\Desktop\\Laravel\\inventory\\vendor\\laravel\\framework\\src\\Illuminate\\Http\\Middleware\\HandleCors.php(61): Illuminate\\Pipeline\\Pipeline->Illuminate\\Pipeline\\{closure}(Object(Illuminate\\Http\\Request))
#26 C:\\Users\\Domain\\Desktop\\Laravel\\inventory\\vendor\\laravel\\framework\\src\\Illuminate\\Pipeline\\Pipeline.php(208): Illuminate\\Http\\Middleware\\HandleCors->handle(Object(Illuminate\\Http\\Request), Object(Closure))
#27 C:\\Users\\Domain\\Desktop\\Laravel\\inventory\\vendor\\laravel\\framework\\src\\Illuminate\\Http\\Middleware\\TrustProxies.php(58): Illuminate\\Pipeline\\Pipeline->Illuminate\\Pipeline\\{closure}(Object(Illuminate\\Http\\Request))
#28 C:\\Users\\Domain\\Desktop\\Laravel\\inventory\\vendor\\laravel\\framework\\src\\Illuminate\\Pipeline\\Pipeline.php(208): Illuminate\\Http\\Middleware\\TrustProxies->handle(Object(Illuminate\\Http\\Request), Object(Closure))
#29 C:\\Users\\Domain\\Desktop\\Laravel\\inventory\\vendor\\laravel\\framework\\src\\Illuminate\\Foundation\\Http\\Middleware\\InvokeDeferredCallbacks.php(22): Illuminate\\Pipeline\\Pipeline->Illuminate\\Pipeline\\{closure}(Object(Illuminate\\Http\\Request))
#30 C:\\Users\\Domain\\Desktop\\Laravel\\inventory\\vendor\\laravel\\framework\\src\\Illuminate\\Pipeline\\Pipeline.php(208): Illuminate\\Foundation\\Http\\Middleware\\InvokeDeferredCallbacks->handle(Object(Illuminate\\Http\\Request), Object(Closure))
#31 C:\\Users\\Domain\\Desktop\\Laravel\\inventory\\vendor\\laravel\\framework\\src\\Illuminate\\Http\\Middleware\\ValidatePathEncoding.php(26): Illuminate\\Pipeline\\Pipeline->Illuminate\\Pipeline\\{closure}(Object(Illuminate\\Http\\Request))
#32 C:\\Users\\Domain\\Desktop\\Laravel\\inventory\\vendor\\laravel\\framework\\src\\Illuminate\\Pipeline\\Pipeline.php(208): Illuminate\\Http\\Middleware\\ValidatePathEncoding->handle(Object(Illuminate\\Http\\Request), Object(Closure))
#33 C:\\Users\\Domain\\Desktop\\Laravel\\inventory\\app\\Http\\Middleware\\Cors.php(16): Illuminate\\Pipeline\\Pipeline->Illuminate\\Pipeline\\{closure}(Object(Illuminate\\Http\\Request))
#34 C:\\Users\\Domain\\Desktop\\Laravel\\inventory\\vendor\\laravel\\framework\\src\\Illuminate\\Pipeline\\Pipeline.php(208): App\\Http\\Middleware\\Cors->handle(Object(Illuminate\\Http\\Request), Object(Closure))
#35 C:\\Users\\Domain\\Desktop\\Laravel\\inventory\\vendor\\laravel\\framework\\src\\Illuminate\\Pipeline\\Pipeline.php(126): Illuminate\\Pipeline\\Pipeline->Illuminate\\Pipeline\\{closure}(Object(Illuminate\\Http\\Request))
#36 C:\\Users\\Domain\\Desktop\\Laravel\\inventory\\vendor\\laravel\\framework\\src\\Illuminate\\Foundation\\Http\\Kernel.php(175): Illuminate\\Pipeline\\Pipeline->then(Object(Closure))
#37 C:\\Users\\Domain\\Desktop\\Laravel\\inventory\\vendor\\laravel\\framework\\src\\Illuminate\\Foundation\\Http\\Kernel.php(144): Illuminate\\Foundation\\Http\\Kernel->sendRequestThroughRouter(Object(Illuminate\\Http\\Request))
#38 C:\\Users\\Domain\\Desktop\\Laravel\\inventory\\vendor\\laravel\\framework\\src\\Illuminate\\Foundation\\Application.php(1219): Illuminate\\Foundation\\Http\\Kernel->handle(Object(Illuminate\\Http\\Request))
#39 C:\\Users\\Domain\\Desktop\\Laravel\\inventory\\public\\index.php(20): Illuminate\\Foundation\\Application->handleRequest(Object(Illuminate\\Http\\Request))
#40 C:\\Users\\Domain\\Desktop\\Laravel\\inventory\\vendor\\laravel\\framework\\src\\Illuminate\\Foundation\\resources\\server.php(23): require_once('C:\\\\Users\\\\Domain...')
#41 {main}
"} 
[2025-05-09 10:59:33] local.ERROR: Call to undefined method App\Http\Controllers\Api\AssetsController::copyAsset() {"userId":1,"exception":"[object] (Error(code: 0): Call to undefined method App\\Http\\Controllers\\Api\\AssetsController::copyAsset() at C:\\Users\\Domain\\Desktop\\Laravel\\inventory\\vendor\\laravel\\framework\\src\\Illuminate\\Routing\\ControllerDispatcher.php:46)
[stacktrace]
#0 C:\\Users\\Domain\\Desktop\\Laravel\\inventory\\vendor\\laravel\\framework\\src\\Illuminate\\Routing\\Route.php(265): Illuminate\\Routing\\ControllerDispatcher->dispatch(Object(Illuminate\\Routing\\Route), Object(App\\Http\\Controllers\\Api\\AssetsController), 'copyAsset')
#1 C:\\Users\\Domain\\Desktop\\Laravel\\inventory\\vendor\\laravel\\framework\\src\\Illuminate\\Routing\\Route.php(211): Illuminate\\Routing\\Route->runController()
#2 C:\\Users\\Domain\\Desktop\\Laravel\\inventory\\vendor\\laravel\\framework\\src\\Illuminate\\Routing\\Router.php(808): Illuminate\\Routing\\Route->run()
#3 C:\\Users\\Domain\\Desktop\\Laravel\\inventory\\vendor\\laravel\\framework\\src\\Illuminate\\Pipeline\\Pipeline.php(169): Illuminate\\Routing\\Router->Illuminate\\Routing\\{closure}(Object(Illuminate\\Http\\Request))
#4 C:\\Users\\Domain\\Desktop\\Laravel\\inventory\\vendor\\laravel\\framework\\src\\Illuminate\\Routing\\Middleware\\SubstituteBindings.php(50): Illuminate\\Pipeline\\Pipeline->Illuminate\\Pipeline\\{closure}(Object(Illuminate\\Http\\Request))
#5 C:\\Users\\Domain\\Desktop\\Laravel\\inventory\\vendor\\laravel\\framework\\src\\Illuminate\\Pipeline\\Pipeline.php(208): Illuminate\\Routing\\Middleware\\SubstituteBindings->handle(Object(Illuminate\\Http\\Request), Object(Closure))
#6 C:\\Users\\Domain\\Desktop\\Laravel\\inventory\\vendor\\laravel\\framework\\src\\Illuminate\\Auth\\Middleware\\Authenticate.php(63): Illuminate\\Pipeline\\Pipeline->Illuminate\\Pipeline\\{closure}(Object(Illuminate\\Http\\Request))
#7 C:\\Users\\Domain\\Desktop\\Laravel\\inventory\\vendor\\laravel\\framework\\src\\Illuminate\\Pipeline\\Pipeline.php(208): Illuminate\\Auth\\Middleware\\Authenticate->handle(Object(Illuminate\\Http\\Request), Object(Closure), 'sanctum')
#8 C:\\Users\\Domain\\Desktop\\Laravel\\inventory\\vendor\\laravel\\framework\\src\\Illuminate\\Pipeline\\Pipeline.php(126): Illuminate\\Pipeline\\Pipeline->Illuminate\\Pipeline\\{closure}(Object(Illuminate\\Http\\Request))
#9 C:\\Users\\Domain\\Desktop\\Laravel\\inventory\\vendor\\laravel\\framework\\src\\Illuminate\\Routing\\Router.php(807): Illuminate\\Pipeline\\Pipeline->then(Object(Closure))
#10 C:\\Users\\Domain\\Desktop\\Laravel\\inventory\\vendor\\laravel\\framework\\src\\Illuminate\\Routing\\Router.php(786): Illuminate\\Routing\\Router->runRouteWithinStack(Object(Illuminate\\Routing\\Route), Object(Illuminate\\Http\\Request))
#11 C:\\Users\\Domain\\Desktop\\Laravel\\inventory\\vendor\\laravel\\framework\\src\\Illuminate\\Routing\\Router.php(750): Illuminate\\Routing\\Router->runRoute(Object(Illuminate\\Http\\Request), Object(Illuminate\\Routing\\Route))
#12 C:\\Users\\Domain\\Desktop\\Laravel\\inventory\\vendor\\laravel\\framework\\src\\Illuminate\\Routing\\Router.php(739): Illuminate\\Routing\\Router->dispatchToRoute(Object(Illuminate\\Http\\Request))
#13 C:\\Users\\Domain\\Desktop\\Laravel\\inventory\\vendor\\laravel\\framework\\src\\Illuminate\\Foundation\\Http\\Kernel.php(200): Illuminate\\Routing\\Router->dispatch(Object(Illuminate\\Http\\Request))
#14 C:\\Users\\Domain\\Desktop\\Laravel\\inventory\\vendor\\laravel\\framework\\src\\Illuminate\\Pipeline\\Pipeline.php(169): Illuminate\\Foundation\\Http\\Kernel->Illuminate\\Foundation\\Http\\{closure}(Object(Illuminate\\Http\\Request))
#15 C:\\Users\\Domain\\Desktop\\Laravel\\inventory\\vendor\\laravel\\framework\\src\\Illuminate\\Foundation\\Http\\Middleware\\TransformsRequest.php(21): Illuminate\\Pipeline\\Pipeline->Illuminate\\Pipeline\\{closure}(Object(Illuminate\\Http\\Request))
#16 C:\\Users\\Domain\\Desktop\\Laravel\\inventory\\vendor\\laravel\\framework\\src\\Illuminate\\Foundation\\Http\\Middleware\\ConvertEmptyStringsToNull.php(31): Illuminate\\Foundation\\Http\\Middleware\\TransformsRequest->handle(Object(Illuminate\\Http\\Request), Object(Closure))
#17 C:\\Users\\Domain\\Desktop\\Laravel\\inventory\\vendor\\laravel\\framework\\src\\Illuminate\\Pipeline\\Pipeline.php(208): Illuminate\\Foundation\\Http\\Middleware\\ConvertEmptyStringsToNull->handle(Object(Illuminate\\Http\\Request), Object(Closure))
#18 C:\\Users\\Domain\\Desktop\\Laravel\\inventory\\vendor\\laravel\\framework\\src\\Illuminate\\Foundation\\Http\\Middleware\\TransformsRequest.php(21): Illuminate\\Pipeline\\Pipeline->Illuminate\\Pipeline\\{closure}(Object(Illuminate\\Http\\Request))
#19 C:\\Users\\Domain\\Desktop\\Laravel\\inventory\\vendor\\laravel\\framework\\src\\Illuminate\\Foundation\\Http\\Middleware\\TrimStrings.php(51): Illuminate\\Foundation\\Http\\Middleware\\TransformsRequest->handle(Object(Illuminate\\Http\\Request), Object(Closure))
#20 C:\\Users\\Domain\\Desktop\\Laravel\\inventory\\vendor\\laravel\\framework\\src\\Illuminate\\Pipeline\\Pipeline.php(208): Illuminate\\Foundation\\Http\\Middleware\\TrimStrings->handle(Object(Illuminate\\Http\\Request), Object(Closure))
#21 C:\\Users\\Domain\\Desktop\\Laravel\\inventory\\vendor\\laravel\\framework\\src\\Illuminate\\Http\\Middleware\\ValidatePostSize.php(27): Illuminate\\Pipeline\\Pipeline->Illuminate\\Pipeline\\{closure}(Object(Illuminate\\Http\\Request))
#22 C:\\Users\\Domain\\Desktop\\Laravel\\inventory\\vendor\\laravel\\framework\\src\\Illuminate\\Pipeline\\Pipeline.php(208): Illuminate\\Http\\Middleware\\ValidatePostSize->handle(Object(Illuminate\\Http\\Request), Object(Closure))
#23 C:\\Users\\Domain\\Desktop\\Laravel\\inventory\\vendor\\laravel\\framework\\src\\Illuminate\\Foundation\\Http\\Middleware\\PreventRequestsDuringMaintenance.php(109): Illuminate\\Pipeline\\Pipeline->Illuminate\\Pipeline\\{closure}(Object(Illuminate\\Http\\Request))
#24 C:\\Users\\Domain\\Desktop\\Laravel\\inventory\\vendor\\laravel\\framework\\src\\Illuminate\\Pipeline\\Pipeline.php(208): Illuminate\\Foundation\\Http\\Middleware\\PreventRequestsDuringMaintenance->handle(Object(Illuminate\\Http\\Request), Object(Closure))
#25 C:\\Users\\Domain\\Desktop\\Laravel\\inventory\\vendor\\laravel\\framework\\src\\Illuminate\\Http\\Middleware\\HandleCors.php(61): Illuminate\\Pipeline\\Pipeline->Illuminate\\Pipeline\\{closure}(Object(Illuminate\\Http\\Request))
#26 C:\\Users\\Domain\\Desktop\\Laravel\\inventory\\vendor\\laravel\\framework\\src\\Illuminate\\Pipeline\\Pipeline.php(208): Illuminate\\Http\\Middleware\\HandleCors->handle(Object(Illuminate\\Http\\Request), Object(Closure))
#27 C:\\Users\\Domain\\Desktop\\Laravel\\inventory\\vendor\\laravel\\framework\\src\\Illuminate\\Http\\Middleware\\TrustProxies.php(58): Illuminate\\Pipeline\\Pipeline->Illuminate\\Pipeline\\{closure}(Object(Illuminate\\Http\\Request))
#28 C:\\Users\\Domain\\Desktop\\Laravel\\inventory\\vendor\\laravel\\framework\\src\\Illuminate\\Pipeline\\Pipeline.php(208): Illuminate\\Http\\Middleware\\TrustProxies->handle(Object(Illuminate\\Http\\Request), Object(Closure))
#29 C:\\Users\\Domain\\Desktop\\Laravel\\inventory\\vendor\\laravel\\framework\\src\\Illuminate\\Foundation\\Http\\Middleware\\InvokeDeferredCallbacks.php(22): Illuminate\\Pipeline\\Pipeline->Illuminate\\Pipeline\\{closure}(Object(Illuminate\\Http\\Request))
#30 C:\\Users\\Domain\\Desktop\\Laravel\\inventory\\vendor\\laravel\\framework\\src\\Illuminate\\Pipeline\\Pipeline.php(208): Illuminate\\Foundation\\Http\\Middleware\\InvokeDeferredCallbacks->handle(Object(Illuminate\\Http\\Request), Object(Closure))
#31 C:\\Users\\Domain\\Desktop\\Laravel\\inventory\\vendor\\laravel\\framework\\src\\Illuminate\\Http\\Middleware\\ValidatePathEncoding.php(26): Illuminate\\Pipeline\\Pipeline->Illuminate\\Pipeline\\{closure}(Object(Illuminate\\Http\\Request))
#32 C:\\Users\\Domain\\Desktop\\Laravel\\inventory\\vendor\\laravel\\framework\\src\\Illuminate\\Pipeline\\Pipeline.php(208): Illuminate\\Http\\Middleware\\ValidatePathEncoding->handle(Object(Illuminate\\Http\\Request), Object(Closure))
#33 C:\\Users\\Domain\\Desktop\\Laravel\\inventory\\app\\Http\\Middleware\\Cors.php(16): Illuminate\\Pipeline\\Pipeline->Illuminate\\Pipeline\\{closure}(Object(Illuminate\\Http\\Request))
#34 C:\\Users\\Domain\\Desktop\\Laravel\\inventory\\vendor\\laravel\\framework\\src\\Illuminate\\Pipeline\\Pipeline.php(208): App\\Http\\Middleware\\Cors->handle(Object(Illuminate\\Http\\Request), Object(Closure))
#35 C:\\Users\\Domain\\Desktop\\Laravel\\inventory\\vendor\\laravel\\framework\\src\\Illuminate\\Pipeline\\Pipeline.php(126): Illuminate\\Pipeline\\Pipeline->Illuminate\\Pipeline\\{closure}(Object(Illuminate\\Http\\Request))
#36 C:\\Users\\Domain\\Desktop\\Laravel\\inventory\\vendor\\laravel\\framework\\src\\Illuminate\\Foundation\\Http\\Kernel.php(175): Illuminate\\Pipeline\\Pipeline->then(Object(Closure))
#37 C:\\Users\\Domain\\Desktop\\Laravel\\inventory\\vendor\\laravel\\framework\\src\\Illuminate\\Foundation\\Http\\Kernel.php(144): Illuminate\\Foundation\\Http\\Kernel->sendRequestThroughRouter(Object(Illuminate\\Http\\Request))
#38 C:\\Users\\Domain\\Desktop\\Laravel\\inventory\\vendor\\laravel\\framework\\src\\Illuminate\\Foundation\\Application.php(1219): Illuminate\\Foundation\\Http\\Kernel->handle(Object(Illuminate\\Http\\Request))
#39 C:\\Users\\Domain\\Desktop\\Laravel\\inventory\\public\\index.php(20): Illuminate\\Foundation\\Application->handleRequest(Object(Illuminate\\Http\\Request))
#40 C:\\Users\\Domain\\Desktop\\Laravel\\inventory\\vendor\\laravel\\framework\\src\\Illuminate\\Foundation\\resources\\server.php(23): require_once('C:\\\\Users\\\\Domain...')
#41 {main}
"} 
[2025-05-09 14:12:36] local.ERROR: Call to undefined method App\Http\Controllers\Api\AssetsTransactionController::generateNextRunningNumber() {"exception":"[object] (Error(code: 0): Call to undefined method App\\Http\\Controllers\\Api\\AssetsTransactionController::generateNextRunningNumber() at C:\\Users\\Domain\\Desktop\\Laravel\\inventory\\vendor\\laravel\\framework\\src\\Illuminate\\Routing\\ControllerDispatcher.php:46)
[stacktrace]
#0 C:\\Users\\Domain\\Desktop\\Laravel\\inventory\\vendor\\laravel\\framework\\src\\Illuminate\\Routing\\Route.php(265): Illuminate\\Routing\\ControllerDispatcher->dispatch(Object(Illuminate\\Routing\\Route), Object(App\\Http\\Controllers\\Api\\AssetsTransactionController), 'generateNextRun...')
#1 C:\\Users\\Domain\\Desktop\\Laravel\\inventory\\vendor\\laravel\\framework\\src\\Illuminate\\Routing\\Route.php(211): Illuminate\\Routing\\Route->runController()
#2 C:\\Users\\Domain\\Desktop\\Laravel\\inventory\\vendor\\laravel\\framework\\src\\Illuminate\\Routing\\Router.php(808): Illuminate\\Routing\\Route->run()
#3 C:\\Users\\Domain\\Desktop\\Laravel\\inventory\\vendor\\laravel\\framework\\src\\Illuminate\\Pipeline\\Pipeline.php(169): Illuminate\\Routing\\Router->Illuminate\\Routing\\{closure}(Object(Illuminate\\Http\\Request))
#4 C:\\Users\\Domain\\Desktop\\Laravel\\inventory\\vendor\\laravel\\framework\\src\\Illuminate\\Routing\\Middleware\\SubstituteBindings.php(50): Illuminate\\Pipeline\\Pipeline->Illuminate\\Pipeline\\{closure}(Object(Illuminate\\Http\\Request))
#5 C:\\Users\\Domain\\Desktop\\Laravel\\inventory\\vendor\\laravel\\framework\\src\\Illuminate\\Pipeline\\Pipeline.php(208): Illuminate\\Routing\\Middleware\\SubstituteBindings->handle(Object(Illuminate\\Http\\Request), Object(Closure))
#6 C:\\Users\\Domain\\Desktop\\Laravel\\inventory\\vendor\\laravel\\framework\\src\\Illuminate\\Pipeline\\Pipeline.php(126): Illuminate\\Pipeline\\Pipeline->Illuminate\\Pipeline\\{closure}(Object(Illuminate\\Http\\Request))
#7 C:\\Users\\Domain\\Desktop\\Laravel\\inventory\\vendor\\laravel\\framework\\src\\Illuminate\\Routing\\Router.php(807): Illuminate\\Pipeline\\Pipeline->then(Object(Closure))
#8 C:\\Users\\Domain\\Desktop\\Laravel\\inventory\\vendor\\laravel\\framework\\src\\Illuminate\\Routing\\Router.php(786): Illuminate\\Routing\\Router->runRouteWithinStack(Object(Illuminate\\Routing\\Route), Object(Illuminate\\Http\\Request))
#9 C:\\Users\\Domain\\Desktop\\Laravel\\inventory\\vendor\\laravel\\framework\\src\\Illuminate\\Routing\\Router.php(750): Illuminate\\Routing\\Router->runRoute(Object(Illuminate\\Http\\Request), Object(Illuminate\\Routing\\Route))
#10 C:\\Users\\Domain\\Desktop\\Laravel\\inventory\\vendor\\laravel\\framework\\src\\Illuminate\\Routing\\Router.php(739): Illuminate\\Routing\\Router->dispatchToRoute(Object(Illuminate\\Http\\Request))
#11 C:\\Users\\Domain\\Desktop\\Laravel\\inventory\\vendor\\laravel\\framework\\src\\Illuminate\\Foundation\\Http\\Kernel.php(200): Illuminate\\Routing\\Router->dispatch(Object(Illuminate\\Http\\Request))
#12 C:\\Users\\Domain\\Desktop\\Laravel\\inventory\\vendor\\laravel\\framework\\src\\Illuminate\\Pipeline\\Pipeline.php(169): Illuminate\\Foundation\\Http\\Kernel->Illuminate\\Foundation\\Http\\{closure}(Object(Illuminate\\Http\\Request))
#13 C:\\Users\\Domain\\Desktop\\Laravel\\inventory\\vendor\\laravel\\framework\\src\\Illuminate\\Foundation\\Http\\Middleware\\TransformsRequest.php(21): Illuminate\\Pipeline\\Pipeline->Illuminate\\Pipeline\\{closure}(Object(Illuminate\\Http\\Request))
#14 C:\\Users\\Domain\\Desktop\\Laravel\\inventory\\vendor\\laravel\\framework\\src\\Illuminate\\Foundation\\Http\\Middleware\\ConvertEmptyStringsToNull.php(31): Illuminate\\Foundation\\Http\\Middleware\\TransformsRequest->handle(Object(Illuminate\\Http\\Request), Object(Closure))
#15 C:\\Users\\Domain\\Desktop\\Laravel\\inventory\\vendor\\laravel\\framework\\src\\Illuminate\\Pipeline\\Pipeline.php(208): Illuminate\\Foundation\\Http\\Middleware\\ConvertEmptyStringsToNull->handle(Object(Illuminate\\Http\\Request), Object(Closure))
#16 C:\\Users\\Domain\\Desktop\\Laravel\\inventory\\vendor\\laravel\\framework\\src\\Illuminate\\Foundation\\Http\\Middleware\\TransformsRequest.php(21): Illuminate\\Pipeline\\Pipeline->Illuminate\\Pipeline\\{closure}(Object(Illuminate\\Http\\Request))
#17 C:\\Users\\Domain\\Desktop\\Laravel\\inventory\\vendor\\laravel\\framework\\src\\Illuminate\\Foundation\\Http\\Middleware\\TrimStrings.php(51): Illuminate\\Foundation\\Http\\Middleware\\TransformsRequest->handle(Object(Illuminate\\Http\\Request), Object(Closure))
#18 C:\\Users\\Domain\\Desktop\\Laravel\\inventory\\vendor\\laravel\\framework\\src\\Illuminate\\Pipeline\\Pipeline.php(208): Illuminate\\Foundation\\Http\\Middleware\\TrimStrings->handle(Object(Illuminate\\Http\\Request), Object(Closure))
#19 C:\\Users\\Domain\\Desktop\\Laravel\\inventory\\vendor\\laravel\\framework\\src\\Illuminate\\Http\\Middleware\\ValidatePostSize.php(27): Illuminate\\Pipeline\\Pipeline->Illuminate\\Pipeline\\{closure}(Object(Illuminate\\Http\\Request))
#20 C:\\Users\\Domain\\Desktop\\Laravel\\inventory\\vendor\\laravel\\framework\\src\\Illuminate\\Pipeline\\Pipeline.php(208): Illuminate\\Http\\Middleware\\ValidatePostSize->handle(Object(Illuminate\\Http\\Request), Object(Closure))
#21 C:\\Users\\Domain\\Desktop\\Laravel\\inventory\\vendor\\laravel\\framework\\src\\Illuminate\\Foundation\\Http\\Middleware\\PreventRequestsDuringMaintenance.php(109): Illuminate\\Pipeline\\Pipeline->Illuminate\\Pipeline\\{closure}(Object(Illuminate\\Http\\Request))
#22 C:\\Users\\Domain\\Desktop\\Laravel\\inventory\\vendor\\laravel\\framework\\src\\Illuminate\\Pipeline\\Pipeline.php(208): Illuminate\\Foundation\\Http\\Middleware\\PreventRequestsDuringMaintenance->handle(Object(Illuminate\\Http\\Request), Object(Closure))
#23 C:\\Users\\Domain\\Desktop\\Laravel\\inventory\\vendor\\laravel\\framework\\src\\Illuminate\\Http\\Middleware\\HandleCors.php(61): Illuminate\\Pipeline\\Pipeline->Illuminate\\Pipeline\\{closure}(Object(Illuminate\\Http\\Request))
#24 C:\\Users\\Domain\\Desktop\\Laravel\\inventory\\vendor\\laravel\\framework\\src\\Illuminate\\Pipeline\\Pipeline.php(208): Illuminate\\Http\\Middleware\\HandleCors->handle(Object(Illuminate\\Http\\Request), Object(Closure))
#25 C:\\Users\\Domain\\Desktop\\Laravel\\inventory\\vendor\\laravel\\framework\\src\\Illuminate\\Http\\Middleware\\TrustProxies.php(58): Illuminate\\Pipeline\\Pipeline->Illuminate\\Pipeline\\{closure}(Object(Illuminate\\Http\\Request))
#26 C:\\Users\\Domain\\Desktop\\Laravel\\inventory\\vendor\\laravel\\framework\\src\\Illuminate\\Pipeline\\Pipeline.php(208): Illuminate\\Http\\Middleware\\TrustProxies->handle(Object(Illuminate\\Http\\Request), Object(Closure))
#27 C:\\Users\\Domain\\Desktop\\Laravel\\inventory\\vendor\\laravel\\framework\\src\\Illuminate\\Foundation\\Http\\Middleware\\InvokeDeferredCallbacks.php(22): Illuminate\\Pipeline\\Pipeline->Illuminate\\Pipeline\\{closure}(Object(Illuminate\\Http\\Request))
#28 C:\\Users\\Domain\\Desktop\\Laravel\\inventory\\vendor\\laravel\\framework\\src\\Illuminate\\Pipeline\\Pipeline.php(208): Illuminate\\Foundation\\Http\\Middleware\\InvokeDeferredCallbacks->handle(Object(Illuminate\\Http\\Request), Object(Closure))
#29 C:\\Users\\Domain\\Desktop\\Laravel\\inventory\\vendor\\laravel\\framework\\src\\Illuminate\\Http\\Middleware\\ValidatePathEncoding.php(26): Illuminate\\Pipeline\\Pipeline->Illuminate\\Pipeline\\{closure}(Object(Illuminate\\Http\\Request))
#30 C:\\Users\\Domain\\Desktop\\Laravel\\inventory\\vendor\\laravel\\framework\\src\\Illuminate\\Pipeline\\Pipeline.php(208): Illuminate\\Http\\Middleware\\ValidatePathEncoding->handle(Object(Illuminate\\Http\\Request), Object(Closure))
#31 C:\\Users\\Domain\\Desktop\\Laravel\\inventory\\app\\Http\\Middleware\\Cors.php(16): Illuminate\\Pipeline\\Pipeline->Illuminate\\Pipeline\\{closure}(Object(Illuminate\\Http\\Request))
#32 C:\\Users\\Domain\\Desktop\\Laravel\\inventory\\vendor\\laravel\\framework\\src\\Illuminate\\Pipeline\\Pipeline.php(208): App\\Http\\Middleware\\Cors->handle(Object(Illuminate\\Http\\Request), Object(Closure))
#33 C:\\Users\\Domain\\Desktop\\Laravel\\inventory\\vendor\\laravel\\framework\\src\\Illuminate\\Pipeline\\Pipeline.php(126): Illuminate\\Pipeline\\Pipeline->Illuminate\\Pipeline\\{closure}(Object(Illuminate\\Http\\Request))
#34 C:\\Users\\Domain\\Desktop\\Laravel\\inventory\\vendor\\laravel\\framework\\src\\Illuminate\\Foundation\\Http\\Kernel.php(175): Illuminate\\Pipeline\\Pipeline->then(Object(Closure))
#35 C:\\Users\\Domain\\Desktop\\Laravel\\inventory\\vendor\\laravel\\framework\\src\\Illuminate\\Foundation\\Http\\Kernel.php(144): Illuminate\\Foundation\\Http\\Kernel->sendRequestThroughRouter(Object(Illuminate\\Http\\Request))
#36 C:\\Users\\Domain\\Desktop\\Laravel\\inventory\\vendor\\laravel\\framework\\src\\Illuminate\\Foundation\\Application.php(1219): Illuminate\\Foundation\\Http\\Kernel->handle(Object(Illuminate\\Http\\Request))
#37 C:\\Users\\Domain\\Desktop\\Laravel\\inventory\\public\\index.php(20): Illuminate\\Foundation\\Application->handleRequest(Object(Illuminate\\Http\\Request))
#38 C:\\Users\\Domain\\Desktop\\Laravel\\inventory\\vendor\\laravel\\framework\\src\\Illuminate\\Foundation\\resources\\server.php(23): require_once('C:\\\\Users\\\\Domain...')
#39 {main}
"} 
[2025-05-09 14:12:38] local.ERROR: Call to undefined method App\Http\Controllers\Api\AssetsTransactionController::generateNextRunningNumber() {"exception":"[object] (Error(code: 0): Call to undefined method App\\Http\\Controllers\\Api\\AssetsTransactionController::generateNextRunningNumber() at C:\\Users\\Domain\\Desktop\\Laravel\\inventory\\vendor\\laravel\\framework\\src\\Illuminate\\Routing\\ControllerDispatcher.php:46)
[stacktrace]
#0 C:\\Users\\Domain\\Desktop\\Laravel\\inventory\\vendor\\laravel\\framework\\src\\Illuminate\\Routing\\Route.php(265): Illuminate\\Routing\\ControllerDispatcher->dispatch(Object(Illuminate\\Routing\\Route), Object(App\\Http\\Controllers\\Api\\AssetsTransactionController), 'generateNextRun...')
#1 C:\\Users\\Domain\\Desktop\\Laravel\\inventory\\vendor\\laravel\\framework\\src\\Illuminate\\Routing\\Route.php(211): Illuminate\\Routing\\Route->runController()
#2 C:\\Users\\Domain\\Desktop\\Laravel\\inventory\\vendor\\laravel\\framework\\src\\Illuminate\\Routing\\Router.php(808): Illuminate\\Routing\\Route->run()
#3 C:\\Users\\Domain\\Desktop\\Laravel\\inventory\\vendor\\laravel\\framework\\src\\Illuminate\\Pipeline\\Pipeline.php(169): Illuminate\\Routing\\Router->Illuminate\\Routing\\{closure}(Object(Illuminate\\Http\\Request))
#4 C:\\Users\\Domain\\Desktop\\Laravel\\inventory\\vendor\\laravel\\framework\\src\\Illuminate\\Routing\\Middleware\\SubstituteBindings.php(50): Illuminate\\Pipeline\\Pipeline->Illuminate\\Pipeline\\{closure}(Object(Illuminate\\Http\\Request))
#5 C:\\Users\\Domain\\Desktop\\Laravel\\inventory\\vendor\\laravel\\framework\\src\\Illuminate\\Pipeline\\Pipeline.php(208): Illuminate\\Routing\\Middleware\\SubstituteBindings->handle(Object(Illuminate\\Http\\Request), Object(Closure))
#6 C:\\Users\\Domain\\Desktop\\Laravel\\inventory\\vendor\\laravel\\framework\\src\\Illuminate\\Pipeline\\Pipeline.php(126): Illuminate\\Pipeline\\Pipeline->Illuminate\\Pipeline\\{closure}(Object(Illuminate\\Http\\Request))
#7 C:\\Users\\Domain\\Desktop\\Laravel\\inventory\\vendor\\laravel\\framework\\src\\Illuminate\\Routing\\Router.php(807): Illuminate\\Pipeline\\Pipeline->then(Object(Closure))
#8 C:\\Users\\Domain\\Desktop\\Laravel\\inventory\\vendor\\laravel\\framework\\src\\Illuminate\\Routing\\Router.php(786): Illuminate\\Routing\\Router->runRouteWithinStack(Object(Illuminate\\Routing\\Route), Object(Illuminate\\Http\\Request))
#9 C:\\Users\\Domain\\Desktop\\Laravel\\inventory\\vendor\\laravel\\framework\\src\\Illuminate\\Routing\\Router.php(750): Illuminate\\Routing\\Router->runRoute(Object(Illuminate\\Http\\Request), Object(Illuminate\\Routing\\Route))
#10 C:\\Users\\Domain\\Desktop\\Laravel\\inventory\\vendor\\laravel\\framework\\src\\Illuminate\\Routing\\Router.php(739): Illuminate\\Routing\\Router->dispatchToRoute(Object(Illuminate\\Http\\Request))
#11 C:\\Users\\Domain\\Desktop\\Laravel\\inventory\\vendor\\laravel\\framework\\src\\Illuminate\\Foundation\\Http\\Kernel.php(200): Illuminate\\Routing\\Router->dispatch(Object(Illuminate\\Http\\Request))
#12 C:\\Users\\Domain\\Desktop\\Laravel\\inventory\\vendor\\laravel\\framework\\src\\Illuminate\\Pipeline\\Pipeline.php(169): Illuminate\\Foundation\\Http\\Kernel->Illuminate\\Foundation\\Http\\{closure}(Object(Illuminate\\Http\\Request))
#13 C:\\Users\\Domain\\Desktop\\Laravel\\inventory\\vendor\\laravel\\framework\\src\\Illuminate\\Foundation\\Http\\Middleware\\TransformsRequest.php(21): Illuminate\\Pipeline\\Pipeline->Illuminate\\Pipeline\\{closure}(Object(Illuminate\\Http\\Request))
#14 C:\\Users\\Domain\\Desktop\\Laravel\\inventory\\vendor\\laravel\\framework\\src\\Illuminate\\Foundation\\Http\\Middleware\\ConvertEmptyStringsToNull.php(31): Illuminate\\Foundation\\Http\\Middleware\\TransformsRequest->handle(Object(Illuminate\\Http\\Request), Object(Closure))
#15 C:\\Users\\Domain\\Desktop\\Laravel\\inventory\\vendor\\laravel\\framework\\src\\Illuminate\\Pipeline\\Pipeline.php(208): Illuminate\\Foundation\\Http\\Middleware\\ConvertEmptyStringsToNull->handle(Object(Illuminate\\Http\\Request), Object(Closure))
#16 C:\\Users\\Domain\\Desktop\\Laravel\\inventory\\vendor\\laravel\\framework\\src\\Illuminate\\Foundation\\Http\\Middleware\\TransformsRequest.php(21): Illuminate\\Pipeline\\Pipeline->Illuminate\\Pipeline\\{closure}(Object(Illuminate\\Http\\Request))
#17 C:\\Users\\Domain\\Desktop\\Laravel\\inventory\\vendor\\laravel\\framework\\src\\Illuminate\\Foundation\\Http\\Middleware\\TrimStrings.php(51): Illuminate\\Foundation\\Http\\Middleware\\TransformsRequest->handle(Object(Illuminate\\Http\\Request), Object(Closure))
#18 C:\\Users\\Domain\\Desktop\\Laravel\\inventory\\vendor\\laravel\\framework\\src\\Illuminate\\Pipeline\\Pipeline.php(208): Illuminate\\Foundation\\Http\\Middleware\\TrimStrings->handle(Object(Illuminate\\Http\\Request), Object(Closure))
#19 C:\\Users\\Domain\\Desktop\\Laravel\\inventory\\vendor\\laravel\\framework\\src\\Illuminate\\Http\\Middleware\\ValidatePostSize.php(27): Illuminate\\Pipeline\\Pipeline->Illuminate\\Pipeline\\{closure}(Object(Illuminate\\Http\\Request))
#20 C:\\Users\\Domain\\Desktop\\Laravel\\inventory\\vendor\\laravel\\framework\\src\\Illuminate\\Pipeline\\Pipeline.php(208): Illuminate\\Http\\Middleware\\ValidatePostSize->handle(Object(Illuminate\\Http\\Request), Object(Closure))
#21 C:\\Users\\Domain\\Desktop\\Laravel\\inventory\\vendor\\laravel\\framework\\src\\Illuminate\\Foundation\\Http\\Middleware\\PreventRequestsDuringMaintenance.php(109): Illuminate\\Pipeline\\Pipeline->Illuminate\\Pipeline\\{closure}(Object(Illuminate\\Http\\Request))
#22 C:\\Users\\Domain\\Desktop\\Laravel\\inventory\\vendor\\laravel\\framework\\src\\Illuminate\\Pipeline\\Pipeline.php(208): Illuminate\\Foundation\\Http\\Middleware\\PreventRequestsDuringMaintenance->handle(Object(Illuminate\\Http\\Request), Object(Closure))
#23 C:\\Users\\Domain\\Desktop\\Laravel\\inventory\\vendor\\laravel\\framework\\src\\Illuminate\\Http\\Middleware\\HandleCors.php(61): Illuminate\\Pipeline\\Pipeline->Illuminate\\Pipeline\\{closure}(Object(Illuminate\\Http\\Request))
#24 C:\\Users\\Domain\\Desktop\\Laravel\\inventory\\vendor\\laravel\\framework\\src\\Illuminate\\Pipeline\\Pipeline.php(208): Illuminate\\Http\\Middleware\\HandleCors->handle(Object(Illuminate\\Http\\Request), Object(Closure))
#25 C:\\Users\\Domain\\Desktop\\Laravel\\inventory\\vendor\\laravel\\framework\\src\\Illuminate\\Http\\Middleware\\TrustProxies.php(58): Illuminate\\Pipeline\\Pipeline->Illuminate\\Pipeline\\{closure}(Object(Illuminate\\Http\\Request))
#26 C:\\Users\\Domain\\Desktop\\Laravel\\inventory\\vendor\\laravel\\framework\\src\\Illuminate\\Pipeline\\Pipeline.php(208): Illuminate\\Http\\Middleware\\TrustProxies->handle(Object(Illuminate\\Http\\Request), Object(Closure))
#27 C:\\Users\\Domain\\Desktop\\Laravel\\inventory\\vendor\\laravel\\framework\\src\\Illuminate\\Foundation\\Http\\Middleware\\InvokeDeferredCallbacks.php(22): Illuminate\\Pipeline\\Pipeline->Illuminate\\Pipeline\\{closure}(Object(Illuminate\\Http\\Request))
#28 C:\\Users\\Domain\\Desktop\\Laravel\\inventory\\vendor\\laravel\\framework\\src\\Illuminate\\Pipeline\\Pipeline.php(208): Illuminate\\Foundation\\Http\\Middleware\\InvokeDeferredCallbacks->handle(Object(Illuminate\\Http\\Request), Object(Closure))
#29 C:\\Users\\Domain\\Desktop\\Laravel\\inventory\\vendor\\laravel\\framework\\src\\Illuminate\\Http\\Middleware\\ValidatePathEncoding.php(26): Illuminate\\Pipeline\\Pipeline->Illuminate\\Pipeline\\{closure}(Object(Illuminate\\Http\\Request))
#30 C:\\Users\\Domain\\Desktop\\Laravel\\inventory\\vendor\\laravel\\framework\\src\\Illuminate\\Pipeline\\Pipeline.php(208): Illuminate\\Http\\Middleware\\ValidatePathEncoding->handle(Object(Illuminate\\Http\\Request), Object(Closure))
#31 C:\\Users\\Domain\\Desktop\\Laravel\\inventory\\app\\Http\\Middleware\\Cors.php(16): Illuminate\\Pipeline\\Pipeline->Illuminate\\Pipeline\\{closure}(Object(Illuminate\\Http\\Request))
#32 C:\\Users\\Domain\\Desktop\\Laravel\\inventory\\vendor\\laravel\\framework\\src\\Illuminate\\Pipeline\\Pipeline.php(208): App\\Http\\Middleware\\Cors->handle(Object(Illuminate\\Http\\Request), Object(Closure))
#33 C:\\Users\\Domain\\Desktop\\Laravel\\inventory\\vendor\\laravel\\framework\\src\\Illuminate\\Pipeline\\Pipeline.php(126): Illuminate\\Pipeline\\Pipeline->Illuminate\\Pipeline\\{closure}(Object(Illuminate\\Http\\Request))
#34 C:\\Users\\Domain\\Desktop\\Laravel\\inventory\\vendor\\laravel\\framework\\src\\Illuminate\\Foundation\\Http\\Kernel.php(175): Illuminate\\Pipeline\\Pipeline->then(Object(Closure))
#35 C:\\Users\\Domain\\Desktop\\Laravel\\inventory\\vendor\\laravel\\framework\\src\\Illuminate\\Foundation\\Http\\Kernel.php(144): Illuminate\\Foundation\\Http\\Kernel->sendRequestThroughRouter(Object(Illuminate\\Http\\Request))
#36 C:\\Users\\Domain\\Desktop\\Laravel\\inventory\\vendor\\laravel\\framework\\src\\Illuminate\\Foundation\\Application.php(1219): Illuminate\\Foundation\\Http\\Kernel->handle(Object(Illuminate\\Http\\Request))
#37 C:\\Users\\Domain\\Desktop\\Laravel\\inventory\\public\\index.php(20): Illuminate\\Foundation\\Application->handleRequest(Object(Illuminate\\Http\\Request))
#38 C:\\Users\\Domain\\Desktop\\Laravel\\inventory\\vendor\\laravel\\framework\\src\\Illuminate\\Foundation\\resources\\server.php(23): require_once('C:\\\\Users\\\\Domain...')
#39 {main}
"} 
[2025-05-09 14:33:43] local.ERROR: Route [login] not defined. {"exception":"[object] (Symfony\\Component\\Routing\\Exception\\RouteNotFoundException(code: 0): Route [login] not defined. at C:\\Users\\Domain\\Desktop\\Laravel\\inventory\\vendor\\laravel\\framework\\src\\Illuminate\\Routing\\UrlGenerator.php:526)
[stacktrace]
#0 C:\\Users\\Domain\\Desktop\\Laravel\\inventory\\vendor\\laravel\\framework\\src\\Illuminate\\Foundation\\helpers.php(856): Illuminate\\Routing\\UrlGenerator->route('login', Array, true)
#1 C:\\Users\\Domain\\Desktop\\Laravel\\inventory\\vendor\\laravel\\framework\\src\\Illuminate\\Foundation\\Configuration\\ApplicationBuilder.php(278): route('login')
#2 [internal function]: Illuminate\\Foundation\\Configuration\\ApplicationBuilder->Illuminate\\Foundation\\Configuration\\{closure}(Object(Illuminate\\Http\\Request))
#3 C:\\Users\\Domain\\Desktop\\Laravel\\inventory\\vendor\\laravel\\framework\\src\\Illuminate\\Auth\\Middleware\\Authenticate.php(117): call_user_func(Object(Closure), Object(Illuminate\\Http\\Request))
#4 C:\\Users\\Domain\\Desktop\\Laravel\\inventory\\vendor\\laravel\\framework\\src\\Illuminate\\Auth\\Middleware\\Authenticate.php(104): Illuminate\\Auth\\Middleware\\Authenticate->redirectTo(Object(Illuminate\\Http\\Request))
#5 C:\\Users\\Domain\\Desktop\\Laravel\\inventory\\vendor\\laravel\\framework\\src\\Illuminate\\Auth\\Middleware\\Authenticate.php(87): Illuminate\\Auth\\Middleware\\Authenticate->unauthenticated(Object(Illuminate\\Http\\Request), Array)
#6 C:\\Users\\Domain\\Desktop\\Laravel\\inventory\\vendor\\laravel\\framework\\src\\Illuminate\\Auth\\Middleware\\Authenticate.php(61): Illuminate\\Auth\\Middleware\\Authenticate->authenticate(Object(Illuminate\\Http\\Request), Array)
#7 C:\\Users\\Domain\\Desktop\\Laravel\\inventory\\vendor\\laravel\\framework\\src\\Illuminate\\Pipeline\\Pipeline.php(208): Illuminate\\Auth\\Middleware\\Authenticate->handle(Object(Illuminate\\Http\\Request), Object(Closure), 'sanctum')
#8 C:\\Users\\Domain\\Desktop\\Laravel\\inventory\\vendor\\laravel\\framework\\src\\Illuminate\\Pipeline\\Pipeline.php(126): Illuminate\\Pipeline\\Pipeline->Illuminate\\Pipeline\\{closure}(Object(Illuminate\\Http\\Request))
#9 C:\\Users\\Domain\\Desktop\\Laravel\\inventory\\vendor\\laravel\\framework\\src\\Illuminate\\Routing\\Router.php(807): Illuminate\\Pipeline\\Pipeline->then(Object(Closure))
#10 C:\\Users\\Domain\\Desktop\\Laravel\\inventory\\vendor\\laravel\\framework\\src\\Illuminate\\Routing\\Router.php(786): Illuminate\\Routing\\Router->runRouteWithinStack(Object(Illuminate\\Routing\\Route), Object(Illuminate\\Http\\Request))
#11 C:\\Users\\Domain\\Desktop\\Laravel\\inventory\\vendor\\laravel\\framework\\src\\Illuminate\\Routing\\Router.php(750): Illuminate\\Routing\\Router->runRoute(Object(Illuminate\\Http\\Request), Object(Illuminate\\Routing\\Route))
#12 C:\\Users\\Domain\\Desktop\\Laravel\\inventory\\vendor\\laravel\\framework\\src\\Illuminate\\Routing\\Router.php(739): Illuminate\\Routing\\Router->dispatchToRoute(Object(Illuminate\\Http\\Request))
#13 C:\\Users\\Domain\\Desktop\\Laravel\\inventory\\vendor\\laravel\\framework\\src\\Illuminate\\Foundation\\Http\\Kernel.php(200): Illuminate\\Routing\\Router->dispatch(Object(Illuminate\\Http\\Request))
#14 C:\\Users\\Domain\\Desktop\\Laravel\\inventory\\vendor\\laravel\\framework\\src\\Illuminate\\Pipeline\\Pipeline.php(169): Illuminate\\Foundation\\Http\\Kernel->Illuminate\\Foundation\\Http\\{closure}(Object(Illuminate\\Http\\Request))
#15 C:\\Users\\Domain\\Desktop\\Laravel\\inventory\\vendor\\laravel\\framework\\src\\Illuminate\\Foundation\\Http\\Middleware\\TransformsRequest.php(21): Illuminate\\Pipeline\\Pipeline->Illuminate\\Pipeline\\{closure}(Object(Illuminate\\Http\\Request))
#16 C:\\Users\\Domain\\Desktop\\Laravel\\inventory\\vendor\\laravel\\framework\\src\\Illuminate\\Foundation\\Http\\Middleware\\ConvertEmptyStringsToNull.php(31): Illuminate\\Foundation\\Http\\Middleware\\TransformsRequest->handle(Object(Illuminate\\Http\\Request), Object(Closure))
#17 C:\\Users\\Domain\\Desktop\\Laravel\\inventory\\vendor\\laravel\\framework\\src\\Illuminate\\Pipeline\\Pipeline.php(208): Illuminate\\Foundation\\Http\\Middleware\\ConvertEmptyStringsToNull->handle(Object(Illuminate\\Http\\Request), Object(Closure))
#18 C:\\Users\\Domain\\Desktop\\Laravel\\inventory\\vendor\\laravel\\framework\\src\\Illuminate\\Foundation\\Http\\Middleware\\TransformsRequest.php(21): Illuminate\\Pipeline\\Pipeline->Illuminate\\Pipeline\\{closure}(Object(Illuminate\\Http\\Request))
#19 C:\\Users\\Domain\\Desktop\\Laravel\\inventory\\vendor\\laravel\\framework\\src\\Illuminate\\Foundation\\Http\\Middleware\\TrimStrings.php(51): Illuminate\\Foundation\\Http\\Middleware\\TransformsRequest->handle(Object(Illuminate\\Http\\Request), Object(Closure))
#20 C:\\Users\\Domain\\Desktop\\Laravel\\inventory\\vendor\\laravel\\framework\\src\\Illuminate\\Pipeline\\Pipeline.php(208): Illuminate\\Foundation\\Http\\Middleware\\TrimStrings->handle(Object(Illuminate\\Http\\Request), Object(Closure))
#21 C:\\Users\\Domain\\Desktop\\Laravel\\inventory\\vendor\\laravel\\framework\\src\\Illuminate\\Http\\Middleware\\ValidatePostSize.php(27): Illuminate\\Pipeline\\Pipeline->Illuminate\\Pipeline\\{closure}(Object(Illuminate\\Http\\Request))
#22 C:\\Users\\Domain\\Desktop\\Laravel\\inventory\\vendor\\laravel\\framework\\src\\Illuminate\\Pipeline\\Pipeline.php(208): Illuminate\\Http\\Middleware\\ValidatePostSize->handle(Object(Illuminate\\Http\\Request), Object(Closure))
#23 C:\\Users\\Domain\\Desktop\\Laravel\\inventory\\vendor\\laravel\\framework\\src\\Illuminate\\Foundation\\Http\\Middleware\\PreventRequestsDuringMaintenance.php(109): Illuminate\\Pipeline\\Pipeline->Illuminate\\Pipeline\\{closure}(Object(Illuminate\\Http\\Request))
#24 C:\\Users\\Domain\\Desktop\\Laravel\\inventory\\vendor\\laravel\\framework\\src\\Illuminate\\Pipeline\\Pipeline.php(208): Illuminate\\Foundation\\Http\\Middleware\\PreventRequestsDuringMaintenance->handle(Object(Illuminate\\Http\\Request), Object(Closure))
#25 C:\\Users\\Domain\\Desktop\\Laravel\\inventory\\vendor\\laravel\\framework\\src\\Illuminate\\Http\\Middleware\\HandleCors.php(61): Illuminate\\Pipeline\\Pipeline->Illuminate\\Pipeline\\{closure}(Object(Illuminate\\Http\\Request))
#26 C:\\Users\\Domain\\Desktop\\Laravel\\inventory\\vendor\\laravel\\framework\\src\\Illuminate\\Pipeline\\Pipeline.php(208): Illuminate\\Http\\Middleware\\HandleCors->handle(Object(Illuminate\\Http\\Request), Object(Closure))
#27 C:\\Users\\Domain\\Desktop\\Laravel\\inventory\\vendor\\laravel\\framework\\src\\Illuminate\\Http\\Middleware\\TrustProxies.php(58): Illuminate\\Pipeline\\Pipeline->Illuminate\\Pipeline\\{closure}(Object(Illuminate\\Http\\Request))
#28 C:\\Users\\Domain\\Desktop\\Laravel\\inventory\\vendor\\laravel\\framework\\src\\Illuminate\\Pipeline\\Pipeline.php(208): Illuminate\\Http\\Middleware\\TrustProxies->handle(Object(Illuminate\\Http\\Request), Object(Closure))
#29 C:\\Users\\Domain\\Desktop\\Laravel\\inventory\\vendor\\laravel\\framework\\src\\Illuminate\\Foundation\\Http\\Middleware\\InvokeDeferredCallbacks.php(22): Illuminate\\Pipeline\\Pipeline->Illuminate\\Pipeline\\{closure}(Object(Illuminate\\Http\\Request))
#30 C:\\Users\\Domain\\Desktop\\Laravel\\inventory\\vendor\\laravel\\framework\\src\\Illuminate\\Pipeline\\Pipeline.php(208): Illuminate\\Foundation\\Http\\Middleware\\InvokeDeferredCallbacks->handle(Object(Illuminate\\Http\\Request), Object(Closure))
#31 C:\\Users\\Domain\\Desktop\\Laravel\\inventory\\vendor\\laravel\\framework\\src\\Illuminate\\Http\\Middleware\\ValidatePathEncoding.php(26): Illuminate\\Pipeline\\Pipeline->Illuminate\\Pipeline\\{closure}(Object(Illuminate\\Http\\Request))
#32 C:\\Users\\Domain\\Desktop\\Laravel\\inventory\\vendor\\laravel\\framework\\src\\Illuminate\\Pipeline\\Pipeline.php(208): Illuminate\\Http\\Middleware\\ValidatePathEncoding->handle(Object(Illuminate\\Http\\Request), Object(Closure))
#33 C:\\Users\\Domain\\Desktop\\Laravel\\inventory\\app\\Http\\Middleware\\Cors.php(16): Illuminate\\Pipeline\\Pipeline->Illuminate\\Pipeline\\{closure}(Object(Illuminate\\Http\\Request))
#34 C:\\Users\\Domain\\Desktop\\Laravel\\inventory\\vendor\\laravel\\framework\\src\\Illuminate\\Pipeline\\Pipeline.php(208): App\\Http\\Middleware\\Cors->handle(Object(Illuminate\\Http\\Request), Object(Closure))
#35 C:\\Users\\Domain\\Desktop\\Laravel\\inventory\\vendor\\laravel\\framework\\src\\Illuminate\\Pipeline\\Pipeline.php(126): Illuminate\\Pipeline\\Pipeline->Illuminate\\Pipeline\\{closure}(Object(Illuminate\\Http\\Request))
#36 C:\\Users\\Domain\\Desktop\\Laravel\\inventory\\vendor\\laravel\\framework\\src\\Illuminate\\Foundation\\Http\\Kernel.php(175): Illuminate\\Pipeline\\Pipeline->then(Object(Closure))
#37 C:\\Users\\Domain\\Desktop\\Laravel\\inventory\\vendor\\laravel\\framework\\src\\Illuminate\\Foundation\\Http\\Kernel.php(144): Illuminate\\Foundation\\Http\\Kernel->sendRequestThroughRouter(Object(Illuminate\\Http\\Request))
#38 C:\\Users\\Domain\\Desktop\\Laravel\\inventory\\vendor\\laravel\\framework\\src\\Illuminate\\Foundation\\Application.php(1219): Illuminate\\Foundation\\Http\\Kernel->handle(Object(Illuminate\\Http\\Request))
#39 C:\\Users\\Domain\\Desktop\\Laravel\\inventory\\public\\index.php(20): Illuminate\\Foundation\\Application->handleRequest(Object(Illuminate\\Http\\Request))
#40 C:\\Users\\Domain\\Desktop\\Laravel\\inventory\\vendor\\laravel\\framework\\src\\Illuminate\\Foundation\\resources\\server.php(23): require_once('C:\\\\Users\\\\Domain...')
#41 {main}
"} 
[2025-05-09 16:32:49] local.ERROR: Target class [Database\Seeders\AssetTransactionPurposeSeeder] does not exist. {"exception":"[object] (Illuminate\\Contracts\\Container\\BindingResolutionException(code: 0): Target class [Database\\Seeders\\AssetTransactionPurposeSeeder] does not exist. at C:\\Users\\Domain\\Desktop\\Laravel\\inventory\\vendor\\laravel\\framework\\src\\Illuminate\\Container\\Container.php:1019)
[stacktrace]
#0 C:\\Users\\Domain\\Desktop\\Laravel\\inventory\\vendor\\laravel\\framework\\src\\Illuminate\\Container\\Container.php(890): Illuminate\\Container\\Container->build('Database\\\\Seeder...')
#1 C:\\Users\\Domain\\Desktop\\Laravel\\inventory\\vendor\\laravel\\framework\\src\\Illuminate\\Foundation\\Application.php(1077): Illuminate\\Container\\Container->resolve('Database\\\\Seeder...', Array, true)
#2 C:\\Users\\Domain\\Desktop\\Laravel\\inventory\\vendor\\laravel\\framework\\src\\Illuminate\\Container\\Container.php(821): Illuminate\\Foundation\\Application->resolve('Database\\\\Seeder...', Array)
#3 C:\\Users\\Domain\\Desktop\\Laravel\\inventory\\vendor\\laravel\\framework\\src\\Illuminate\\Foundation\\Application.php(1057): Illuminate\\Container\\Container->make('Database\\\\Seeder...', Array)
#4 C:\\Users\\Domain\\Desktop\\Laravel\\inventory\\vendor\\laravel\\framework\\src\\Illuminate\\Database\\Seeder.php(133): Illuminate\\Foundation\\Application->make('Database\\\\Seeder...')
#5 C:\\Users\\Domain\\Desktop\\Laravel\\inventory\\vendor\\laravel\\framework\\src\\Illuminate\\Database\\Seeder.php(48): Illuminate\\Database\\Seeder->resolve('Database\\\\Seeder...')
#6 C:\\Users\\Domain\\Desktop\\Laravel\\inventory\\database\\seeders\\DatabaseSeeder.php(22): Illuminate\\Database\\Seeder->call('Database\\\\Seeder...')
#7 C:\\Users\\Domain\\Desktop\\Laravel\\inventory\\vendor\\laravel\\framework\\src\\Illuminate\\Container\\BoundMethod.php(36): Database\\Seeders\\DatabaseSeeder->run()
#8 C:\\Users\\Domain\\Desktop\\Laravel\\inventory\\vendor\\laravel\\framework\\src\\Illuminate\\Container\\Util.php(43): Illuminate\\Container\\BoundMethod::Illuminate\\Container\\{closure}()
#9 C:\\Users\\Domain\\Desktop\\Laravel\\inventory\\vendor\\laravel\\framework\\src\\Illuminate\\Container\\BoundMethod.php(96): Illuminate\\Container\\Util::unwrapIfClosure(Object(Closure))
#10 C:\\Users\\Domain\\Desktop\\Laravel\\inventory\\vendor\\laravel\\framework\\src\\Illuminate\\Container\\BoundMethod.php(35): Illuminate\\Container\\BoundMethod::callBoundMethod(Object(Illuminate\\Foundation\\Application), Array, Object(Closure))
#11 C:\\Users\\Domain\\Desktop\\Laravel\\inventory\\vendor\\laravel\\framework\\src\\Illuminate\\Container\\Container.php(754): Illuminate\\Container\\BoundMethod::call(Object(Illuminate\\Foundation\\Application), Array, Array, NULL)
#12 C:\\Users\\Domain\\Desktop\\Laravel\\inventory\\vendor\\laravel\\framework\\src\\Illuminate\\Database\\Seeder.php(188): Illuminate\\Container\\Container->call(Array, Array)
#13 C:\\Users\\Domain\\Desktop\\Laravel\\inventory\\vendor\\laravel\\framework\\src\\Illuminate\\Database\\Seeder.php(197): Illuminate\\Database\\Seeder->Illuminate\\Database\\{closure}()
#14 C:\\Users\\Domain\\Desktop\\Laravel\\inventory\\vendor\\laravel\\framework\\src\\Illuminate\\Database\\Console\\Seeds\\SeedCommand.php(71): Illuminate\\Database\\Seeder->__invoke()
#15 C:\\Users\\Domain\\Desktop\\Laravel\\inventory\\vendor\\laravel\\framework\\src\\Illuminate\\Database\\Eloquent\\Concerns\\GuardsAttributes.php(155): Illuminate\\Database\\Console\\Seeds\\SeedCommand->Illuminate\\Database\\Console\\Seeds\\{closure}()
#16 C:\\Users\\Domain\\Desktop\\Laravel\\inventory\\vendor\\laravel\\framework\\src\\Illuminate\\Database\\Console\\Seeds\\SeedCommand.php(70): Illuminate\\Database\\Eloquent\\Model::unguarded(Object(Closure))
#17 C:\\Users\\Domain\\Desktop\\Laravel\\inventory\\vendor\\laravel\\framework\\src\\Illuminate\\Container\\BoundMethod.php(36): Illuminate\\Database\\Console\\Seeds\\SeedCommand->handle()
#18 C:\\Users\\Domain\\Desktop\\Laravel\\inventory\\vendor\\laravel\\framework\\src\\Illuminate\\Container\\Util.php(43): Illuminate\\Container\\BoundMethod::Illuminate\\Container\\{closure}()
#19 C:\\Users\\Domain\\Desktop\\Laravel\\inventory\\vendor\\laravel\\framework\\src\\Illuminate\\Container\\BoundMethod.php(96): Illuminate\\Container\\Util::unwrapIfClosure(Object(Closure))
#20 C:\\Users\\Domain\\Desktop\\Laravel\\inventory\\vendor\\laravel\\framework\\src\\Illuminate\\Container\\BoundMethod.php(35): Illuminate\\Container\\BoundMethod::callBoundMethod(Object(Illuminate\\Foundation\\Application), Array, Object(Closure))
#21 C:\\Users\\Domain\\Desktop\\Laravel\\inventory\\vendor\\laravel\\framework\\src\\Illuminate\\Container\\Container.php(754): Illuminate\\Container\\BoundMethod::call(Object(Illuminate\\Foundation\\Application), Array, Array, NULL)
#22 C:\\Users\\Domain\\Desktop\\Laravel\\inventory\\vendor\\laravel\\framework\\src\\Illuminate\\Console\\Command.php(211): Illuminate\\Container\\Container->call(Array)
#23 C:\\Users\\Domain\\Desktop\\Laravel\\inventory\\vendor\\symfony\\console\\Command\\Command.php(279): Illuminate\\Console\\Command->execute(Object(Symfony\\Component\\Console\\Input\\ArrayInput), Object(Illuminate\\Console\\OutputStyle))
#24 C:\\Users\\Domain\\Desktop\\Laravel\\inventory\\vendor\\laravel\\framework\\src\\Illuminate\\Console\\Command.php(180): Symfony\\Component\\Console\\Command\\Command->run(Object(Symfony\\Component\\Console\\Input\\ArrayInput), Object(Illuminate\\Console\\OutputStyle))
#25 C:\\Users\\Domain\\Desktop\\Laravel\\inventory\\vendor\\laravel\\framework\\src\\Illuminate\\Console\\Concerns\\CallsCommands.php(68): Illuminate\\Console\\Command->run(Object(Symfony\\Component\\Console\\Input\\ArrayInput), Object(Illuminate\\Console\\OutputStyle))
#26 C:\\Users\\Domain\\Desktop\\Laravel\\inventory\\vendor\\laravel\\framework\\src\\Illuminate\\Console\\Concerns\\CallsCommands.php(29): Illuminate\\Console\\Command->runCommand('db:seed', Array, Object(Illuminate\\Console\\OutputStyle))
#27 C:\\Users\\Domain\\Desktop\\Laravel\\inventory\\vendor\\laravel\\framework\\src\\Illuminate\\Database\\Console\\Migrations\\FreshCommand.php(121): Illuminate\\Console\\Command->call('db:seed', Array)
#28 C:\\Users\\Domain\\Desktop\\Laravel\\inventory\\vendor\\laravel\\framework\\src\\Illuminate\\Database\\Console\\Migrations\\FreshCommand.php(97): Illuminate\\Database\\Console\\Migrations\\FreshCommand->runSeeder(NULL)
#29 C:\\Users\\Domain\\Desktop\\Laravel\\inventory\\vendor\\laravel\\framework\\src\\Illuminate\\Container\\BoundMethod.php(36): Illuminate\\Database\\Console\\Migrations\\FreshCommand->handle()
#30 C:\\Users\\Domain\\Desktop\\Laravel\\inventory\\vendor\\laravel\\framework\\src\\Illuminate\\Container\\Util.php(43): Illuminate\\Container\\BoundMethod::Illuminate\\Container\\{closure}()
#31 C:\\Users\\Domain\\Desktop\\Laravel\\inventory\\vendor\\laravel\\framework\\src\\Illuminate\\Container\\BoundMethod.php(96): Illuminate\\Container\\Util::unwrapIfClosure(Object(Closure))
#32 C:\\Users\\Domain\\Desktop\\Laravel\\inventory\\vendor\\laravel\\framework\\src\\Illuminate\\Container\\BoundMethod.php(35): Illuminate\\Container\\BoundMethod::callBoundMethod(Object(Illuminate\\Foundation\\Application), Array, Object(Closure))
#33 C:\\Users\\Domain\\Desktop\\Laravel\\inventory\\vendor\\laravel\\framework\\src\\Illuminate\\Container\\Container.php(754): Illuminate\\Container\\BoundMethod::call(Object(Illuminate\\Foundation\\Application), Array, Array, NULL)
#34 C:\\Users\\Domain\\Desktop\\Laravel\\inventory\\vendor\\laravel\\framework\\src\\Illuminate\\Console\\Command.php(211): Illuminate\\Container\\Container->call(Array)
#35 C:\\Users\\Domain\\Desktop\\Laravel\\inventory\\vendor\\symfony\\console\\Command\\Command.php(279): Illuminate\\Console\\Command->execute(Object(Symfony\\Component\\Console\\Input\\ArgvInput), Object(Illuminate\\Console\\OutputStyle))
#36 C:\\Users\\Domain\\Desktop\\Laravel\\inventory\\vendor\\laravel\\framework\\src\\Illuminate\\Console\\Command.php(180): Symfony\\Component\\Console\\Command\\Command->run(Object(Symfony\\Component\\Console\\Input\\ArgvInput), Object(Illuminate\\Console\\OutputStyle))
#37 C:\\Users\\Domain\\Desktop\\Laravel\\inventory\\vendor\\symfony\\console\\Application.php(1094): Illuminate\\Console\\Command->run(Object(Symfony\\Component\\Console\\Input\\ArgvInput), Object(Symfony\\Component\\Console\\Output\\ConsoleOutput))
#38 C:\\Users\\Domain\\Desktop\\Laravel\\inventory\\vendor\\symfony\\console\\Application.php(342): Symfony\\Component\\Console\\Application->doRunCommand(Object(Illuminate\\Database\\Console\\Migrations\\FreshCommand), Object(Symfony\\Component\\Console\\Input\\ArgvInput), Object(Symfony\\Component\\Console\\Output\\ConsoleOutput))
#39 C:\\Users\\Domain\\Desktop\\Laravel\\inventory\\vendor\\symfony\\console\\Application.php(193): Symfony\\Component\\Console\\Application->doRun(Object(Symfony\\Component\\Console\\Input\\ArgvInput), Object(Symfony\\Component\\Console\\Output\\ConsoleOutput))
#40 C:\\Users\\Domain\\Desktop\\Laravel\\inventory\\vendor\\laravel\\framework\\src\\Illuminate\\Foundation\\Console\\Kernel.php(197): Symfony\\Component\\Console\\Application->run(Object(Symfony\\Component\\Console\\Input\\ArgvInput), Object(Symfony\\Component\\Console\\Output\\ConsoleOutput))
#41 C:\\Users\\Domain\\Desktop\\Laravel\\inventory\\vendor\\laravel\\framework\\src\\Illuminate\\Foundation\\Application.php(1234): Illuminate\\Foundation\\Console\\Kernel->handle(Object(Symfony\\Component\\Console\\Input\\ArgvInput), Object(Symfony\\Component\\Console\\Output\\ConsoleOutput))
#42 C:\\Users\\Domain\\Desktop\\Laravel\\inventory\\artisan(16): Illuminate\\Foundation\\Application->handleCommand(Object(Symfony\\Component\\Console\\Input\\ArgvInput))
#43 {main}

[previous exception] [object] (ReflectionException(code: -1): Class \"Database\\Seeders\\AssetTransactionPurposeSeeder\" does not exist at C:\\Users\\Domain\\Desktop\\Laravel\\inventory\\vendor\\laravel\\framework\\src\\Illuminate\\Container\\Container.php:1017)
[stacktrace]
#0 C:\\Users\\Domain\\Desktop\\Laravel\\inventory\\vendor\\laravel\\framework\\src\\Illuminate\\Container\\Container.php(1017): ReflectionClass->__construct('Database\\\\Seeder...')
#1 C:\\Users\\Domain\\Desktop\\Laravel\\inventory\\vendor\\laravel\\framework\\src\\Illuminate\\Container\\Container.php(890): Illuminate\\Container\\Container->build('Database\\\\Seeder...')
#2 C:\\Users\\Domain\\Desktop\\Laravel\\inventory\\vendor\\laravel\\framework\\src\\Illuminate\\Foundation\\Application.php(1077): Illuminate\\Container\\Container->resolve('Database\\\\Seeder...', Array, true)
#3 C:\\Users\\Domain\\Desktop\\Laravel\\inventory\\vendor\\laravel\\framework\\src\\Illuminate\\Container\\Container.php(821): Illuminate\\Foundation\\Application->resolve('Database\\\\Seeder...', Array)
#4 C:\\Users\\Domain\\Desktop\\Laravel\\inventory\\vendor\\laravel\\framework\\src\\Illuminate\\Foundation\\Application.php(1057): Illuminate\\Container\\Container->make('Database\\\\Seeder...', Array)
#5 C:\\Users\\Domain\\Desktop\\Laravel\\inventory\\vendor\\laravel\\framework\\src\\Illuminate\\Database\\Seeder.php(133): Illuminate\\Foundation\\Application->make('Database\\\\Seeder...')
#6 C:\\Users\\Domain\\Desktop\\Laravel\\inventory\\vendor\\laravel\\framework\\src\\Illuminate\\Database\\Seeder.php(48): Illuminate\\Database\\Seeder->resolve('Database\\\\Seeder...')
#7 C:\\Users\\Domain\\Desktop\\Laravel\\inventory\\database\\seeders\\DatabaseSeeder.php(22): Illuminate\\Database\\Seeder->call('Database\\\\Seeder...')
#8 C:\\Users\\Domain\\Desktop\\Laravel\\inventory\\vendor\\laravel\\framework\\src\\Illuminate\\Container\\BoundMethod.php(36): Database\\Seeders\\DatabaseSeeder->run()
#9 C:\\Users\\Domain\\Desktop\\Laravel\\inventory\\vendor\\laravel\\framework\\src\\Illuminate\\Container\\Util.php(43): Illuminate\\Container\\BoundMethod::Illuminate\\Container\\{closure}()
#10 C:\\Users\\Domain\\Desktop\\Laravel\\inventory\\vendor\\laravel\\framework\\src\\Illuminate\\Container\\BoundMethod.php(96): Illuminate\\Container\\Util::unwrapIfClosure(Object(Closure))
#11 C:\\Users\\Domain\\Desktop\\Laravel\\inventory\\vendor\\laravel\\framework\\src\\Illuminate\\Container\\BoundMethod.php(35): Illuminate\\Container\\BoundMethod::callBoundMethod(Object(Illuminate\\Foundation\\Application), Array, Object(Closure))
#12 C:\\Users\\Domain\\Desktop\\Laravel\\inventory\\vendor\\laravel\\framework\\src\\Illuminate\\Container\\Container.php(754): Illuminate\\Container\\BoundMethod::call(Object(Illuminate\\Foundation\\Application), Array, Array, NULL)
#13 C:\\Users\\Domain\\Desktop\\Laravel\\inventory\\vendor\\laravel\\framework\\src\\Illuminate\\Database\\Seeder.php(188): Illuminate\\Container\\Container->call(Array, Array)
#14 C:\\Users\\Domain\\Desktop\\Laravel\\inventory\\vendor\\laravel\\framework\\src\\Illuminate\\Database\\Seeder.php(197): Illuminate\\Database\\Seeder->Illuminate\\Database\\{closure}()
#15 C:\\Users\\Domain\\Desktop\\Laravel\\inventory\\vendor\\laravel\\framework\\src\\Illuminate\\Database\\Console\\Seeds\\SeedCommand.php(71): Illuminate\\Database\\Seeder->__invoke()
#16 C:\\Users\\Domain\\Desktop\\Laravel\\inventory\\vendor\\laravel\\framework\\src\\Illuminate\\Database\\Eloquent\\Concerns\\GuardsAttributes.php(155): Illuminate\\Database\\Console\\Seeds\\SeedCommand->Illuminate\\Database\\Console\\Seeds\\{closure}()
#17 C:\\Users\\Domain\\Desktop\\Laravel\\inventory\\vendor\\laravel\\framework\\src\\Illuminate\\Database\\Console\\Seeds\\SeedCommand.php(70): Illuminate\\Database\\Eloquent\\Model::unguarded(Object(Closure))
#18 C:\\Users\\Domain\\Desktop\\Laravel\\inventory\\vendor\\laravel\\framework\\src\\Illuminate\\Container\\BoundMethod.php(36): Illuminate\\Database\\Console\\Seeds\\SeedCommand->handle()
#19 C:\\Users\\Domain\\Desktop\\Laravel\\inventory\\vendor\\laravel\\framework\\src\\Illuminate\\Container\\Util.php(43): Illuminate\\Container\\BoundMethod::Illuminate\\Container\\{closure}()
#20 C:\\Users\\Domain\\Desktop\\Laravel\\inventory\\vendor\\laravel\\framework\\src\\Illuminate\\Container\\BoundMethod.php(96): Illuminate\\Container\\Util::unwrapIfClosure(Object(Closure))
#21 C:\\Users\\Domain\\Desktop\\Laravel\\inventory\\vendor\\laravel\\framework\\src\\Illuminate\\Container\\BoundMethod.php(35): Illuminate\\Container\\BoundMethod::callBoundMethod(Object(Illuminate\\Foundation\\Application), Array, Object(Closure))
#22 C:\\Users\\Domain\\Desktop\\Laravel\\inventory\\vendor\\laravel\\framework\\src\\Illuminate\\Container\\Container.php(754): Illuminate\\Container\\BoundMethod::call(Object(Illuminate\\Foundation\\Application), Array, Array, NULL)
#23 C:\\Users\\Domain\\Desktop\\Laravel\\inventory\\vendor\\laravel\\framework\\src\\Illuminate\\Console\\Command.php(211): Illuminate\\Container\\Container->call(Array)
#24 C:\\Users\\Domain\\Desktop\\Laravel\\inventory\\vendor\\symfony\\console\\Command\\Command.php(279): Illuminate\\Console\\Command->execute(Object(Symfony\\Component\\Console\\Input\\ArrayInput), Object(Illuminate\\Console\\OutputStyle))
#25 C:\\Users\\Domain\\Desktop\\Laravel\\inventory\\vendor\\laravel\\framework\\src\\Illuminate\\Console\\Command.php(180): Symfony\\Component\\Console\\Command\\Command->run(Object(Symfony\\Component\\Console\\Input\\ArrayInput), Object(Illuminate\\Console\\OutputStyle))
#26 C:\\Users\\Domain\\Desktop\\Laravel\\inventory\\vendor\\laravel\\framework\\src\\Illuminate\\Console\\Concerns\\CallsCommands.php(68): Illuminate\\Console\\Command->run(Object(Symfony\\Component\\Console\\Input\\ArrayInput), Object(Illuminate\\Console\\OutputStyle))
#27 C:\\Users\\Domain\\Desktop\\Laravel\\inventory\\vendor\\laravel\\framework\\src\\Illuminate\\Console\\Concerns\\CallsCommands.php(29): Illuminate\\Console\\Command->runCommand('db:seed', Array, Object(Illuminate\\Console\\OutputStyle))
#28 C:\\Users\\Domain\\Desktop\\Laravel\\inventory\\vendor\\laravel\\framework\\src\\Illuminate\\Database\\Console\\Migrations\\FreshCommand.php(121): Illuminate\\Console\\Command->call('db:seed', Array)
#29 C:\\Users\\Domain\\Desktop\\Laravel\\inventory\\vendor\\laravel\\framework\\src\\Illuminate\\Database\\Console\\Migrations\\FreshCommand.php(97): Illuminate\\Database\\Console\\Migrations\\FreshCommand->runSeeder(NULL)
#30 C:\\Users\\Domain\\Desktop\\Laravel\\inventory\\vendor\\laravel\\framework\\src\\Illuminate\\Container\\BoundMethod.php(36): Illuminate\\Database\\Console\\Migrations\\FreshCommand->handle()
#31 C:\\Users\\Domain\\Desktop\\Laravel\\inventory\\vendor\\laravel\\framework\\src\\Illuminate\\Container\\Util.php(43): Illuminate\\Container\\BoundMethod::Illuminate\\Container\\{closure}()
#32 C:\\Users\\Domain\\Desktop\\Laravel\\inventory\\vendor\\laravel\\framework\\src\\Illuminate\\Container\\BoundMethod.php(96): Illuminate\\Container\\Util::unwrapIfClosure(Object(Closure))
#33 C:\\Users\\Domain\\Desktop\\Laravel\\inventory\\vendor\\laravel\\framework\\src\\Illuminate\\Container\\BoundMethod.php(35): Illuminate\\Container\\BoundMethod::callBoundMethod(Object(Illuminate\\Foundation\\Application), Array, Object(Closure))
#34 C:\\Users\\Domain\\Desktop\\Laravel\\inventory\\vendor\\laravel\\framework\\src\\Illuminate\\Container\\Container.php(754): Illuminate\\Container\\BoundMethod::call(Object(Illuminate\\Foundation\\Application), Array, Array, NULL)
#35 C:\\Users\\Domain\\Desktop\\Laravel\\inventory\\vendor\\laravel\\framework\\src\\Illuminate\\Console\\Command.php(211): Illuminate\\Container\\Container->call(Array)
#36 C:\\Users\\Domain\\Desktop\\Laravel\\inventory\\vendor\\symfony\\console\\Command\\Command.php(279): Illuminate\\Console\\Command->execute(Object(Symfony\\Component\\Console\\Input\\ArgvInput), Object(Illuminate\\Console\\OutputStyle))
#37 C:\\Users\\Domain\\Desktop\\Laravel\\inventory\\vendor\\laravel\\framework\\src\\Illuminate\\Console\\Command.php(180): Symfony\\Component\\Console\\Command\\Command->run(Object(Symfony\\Component\\Console\\Input\\ArgvInput), Object(Illuminate\\Console\\OutputStyle))
#38 C:\\Users\\Domain\\Desktop\\Laravel\\inventory\\vendor\\symfony\\console\\Application.php(1094): Illuminate\\Console\\Command->run(Object(Symfony\\Component\\Console\\Input\\ArgvInput), Object(Symfony\\Component\\Console\\Output\\ConsoleOutput))
#39 C:\\Users\\Domain\\Desktop\\Laravel\\inventory\\vendor\\symfony\\console\\Application.php(342): Symfony\\Component\\Console\\Application->doRunCommand(Object(Illuminate\\Database\\Console\\Migrations\\FreshCommand), Object(Symfony\\Component\\Console\\Input\\ArgvInput), Object(Symfony\\Component\\Console\\Output\\ConsoleOutput))
#40 C:\\Users\\Domain\\Desktop\\Laravel\\inventory\\vendor\\symfony\\console\\Application.php(193): Symfony\\Component\\Console\\Application->doRun(Object(Symfony\\Component\\Console\\Input\\ArgvInput), Object(Symfony\\Component\\Console\\Output\\ConsoleOutput))
#41 C:\\Users\\Domain\\Desktop\\Laravel\\inventory\\vendor\\laravel\\framework\\src\\Illuminate\\Foundation\\Console\\Kernel.php(197): Symfony\\Component\\Console\\Application->run(Object(Symfony\\Component\\Console\\Input\\ArgvInput), Object(Symfony\\Component\\Console\\Output\\ConsoleOutput))
#42 C:\\Users\\Domain\\Desktop\\Laravel\\inventory\\vendor\\laravel\\framework\\src\\Illuminate\\Foundation\\Application.php(1234): Illuminate\\Foundation\\Console\\Kernel->handle(Object(Symfony\\Component\\Console\\Input\\ArgvInput), Object(Symfony\\Component\\Console\\Output\\ConsoleOutput))
#43 C:\\Users\\Domain\\Desktop\\Laravel\\inventory\\artisan(16): Illuminate\\Foundation\\Application->handleCommand(Object(Symfony\\Component\\Console\\Input\\ArgvInput))
#44 {main}
"} 
[2025-05-09 16:34:35] local.ERROR: Call to undefined method Database\Factories\AssetsTransactionFactory::getRandomPurposes() {"exception":"[object] (BadMethodCallException(code: 0): Call to undefined method Database\\Factories\\AssetsTransactionFactory::getRandomPurposes() at C:\\Users\\Domain\\Desktop\\Laravel\\inventory\\vendor\\laravel\\framework\\src\\Illuminate\\Support\\Traits\\ForwardsCalls.php:67)
[stacktrace]
#0 C:\\Users\\Domain\\Desktop\\Laravel\\inventory\\vendor\\laravel\\framework\\src\\Illuminate\\Database\\Eloquent\\Factories\\Factory.php(981): Illuminate\\Database\\Eloquent\\Factories\\Factory::throwBadMethodCallException('getRandomPurpos...')
#1 C:\\Users\\Domain\\Desktop\\Laravel\\inventory\\database\\factories\\AssetsTransactionFactory.php(29): Illuminate\\Database\\Eloquent\\Factories\\Factory->__call('getRandomPurpos...', Array)
#2 C:\\Users\\Domain\\Desktop\\Laravel\\inventory\\vendor\\laravel\\framework\\src\\Illuminate\\Database\\Eloquent\\Factories\\Factory.php(467): Database\\Factories\\AssetsTransactionFactory->definition()
#3 C:\\Users\\Domain\\Desktop\\Laravel\\inventory\\vendor\\laravel\\framework\\src\\Illuminate\\Database\\Eloquent\\Factories\\Factory.php(446): Illuminate\\Database\\Eloquent\\Factories\\Factory->getRawAttributes(NULL)
#4 C:\\Users\\Domain\\Desktop\\Laravel\\inventory\\vendor\\laravel\\framework\\src\\Illuminate\\Database\\Eloquent\\Factories\\Factory.php(430): Illuminate\\Database\\Eloquent\\Factories\\Factory->getExpandedAttributes(NULL)
#5 C:\\Users\\Domain\\Desktop\\Laravel\\inventory\\vendor\\laravel\\framework\\src\\Illuminate\\Database\\Eloquent\\Concerns\\GuardsAttributes.php(149): Illuminate\\Database\\Eloquent\\Factories\\Factory->Illuminate\\Database\\Eloquent\\Factories\\{closure}()
#6 C:\\Users\\Domain\\Desktop\\Laravel\\inventory\\vendor\\laravel\\framework\\src\\Illuminate\\Database\\Eloquent\\Factories\\Factory.php(429): Illuminate\\Database\\Eloquent\\Model::unguarded(Object(Closure))
#7 C:\\Users\\Domain\\Desktop\\Laravel\\inventory\\vendor\\laravel\\framework\\src\\Illuminate\\Database\\Eloquent\\Factories\\Factory.php(413): Illuminate\\Database\\Eloquent\\Factories\\Factory->makeInstance(NULL)
#8 [internal function]: Illuminate\\Database\\Eloquent\\Factories\\Factory->Illuminate\\Database\\Eloquent\\Factories\\{closure}(7)
#9 C:\\Users\\Domain\\Desktop\\Laravel\\inventory\\vendor\\laravel\\framework\\src\\Illuminate\\Database\\Eloquent\\Factories\\Factory.php(412): array_map(Object(Closure), Array)
#10 C:\\Users\\Domain\\Desktop\\Laravel\\inventory\\vendor\\laravel\\framework\\src\\Illuminate\\Database\\Eloquent\\Factories\\Factory.php(299): Illuminate\\Database\\Eloquent\\Factories\\Factory->make(Array, NULL)
#11 C:\\Users\\Domain\\Desktop\\Laravel\\inventory\\database\\seeders\\AssetsTransactionSeeder.php(18): Illuminate\\Database\\Eloquent\\Factories\\Factory->create()
#12 C:\\Users\\Domain\\Desktop\\Laravel\\inventory\\vendor\\laravel\\framework\\src\\Illuminate\\Container\\BoundMethod.php(36): Database\\Seeders\\AssetsTransactionSeeder->run()
#13 C:\\Users\\Domain\\Desktop\\Laravel\\inventory\\vendor\\laravel\\framework\\src\\Illuminate\\Container\\Util.php(43): Illuminate\\Container\\BoundMethod::Illuminate\\Container\\{closure}()
#14 C:\\Users\\Domain\\Desktop\\Laravel\\inventory\\vendor\\laravel\\framework\\src\\Illuminate\\Container\\BoundMethod.php(96): Illuminate\\Container\\Util::unwrapIfClosure(Object(Closure))
#15 C:\\Users\\Domain\\Desktop\\Laravel\\inventory\\vendor\\laravel\\framework\\src\\Illuminate\\Container\\BoundMethod.php(35): Illuminate\\Container\\BoundMethod::callBoundMethod(Object(Illuminate\\Foundation\\Application), Array, Object(Closure))
#16 C:\\Users\\Domain\\Desktop\\Laravel\\inventory\\vendor\\laravel\\framework\\src\\Illuminate\\Container\\Container.php(754): Illuminate\\Container\\BoundMethod::call(Object(Illuminate\\Foundation\\Application), Array, Array, NULL)
#17 C:\\Users\\Domain\\Desktop\\Laravel\\inventory\\vendor\\laravel\\framework\\src\\Illuminate\\Database\\Seeder.php(188): Illuminate\\Container\\Container->call(Array, Array)
#18 C:\\Users\\Domain\\Desktop\\Laravel\\inventory\\vendor\\laravel\\framework\\src\\Illuminate\\Database\\Seeder.php(197): Illuminate\\Database\\Seeder->Illuminate\\Database\\{closure}()
#19 C:\\Users\\Domain\\Desktop\\Laravel\\inventory\\vendor\\laravel\\framework\\src\\Illuminate\\Database\\Seeder.php(61): Illuminate\\Database\\Seeder->__invoke(Array)
#20 C:\\Users\\Domain\\Desktop\\Laravel\\inventory\\database\\seeders\\DatabaseSeeder.php(28): Illuminate\\Database\\Seeder->call('Database\\\\Seeder...')
#21 C:\\Users\\Domain\\Desktop\\Laravel\\inventory\\vendor\\laravel\\framework\\src\\Illuminate\\Container\\BoundMethod.php(36): Database\\Seeders\\DatabaseSeeder->run()
#22 C:\\Users\\Domain\\Desktop\\Laravel\\inventory\\vendor\\laravel\\framework\\src\\Illuminate\\Container\\Util.php(43): Illuminate\\Container\\BoundMethod::Illuminate\\Container\\{closure}()
#23 C:\\Users\\Domain\\Desktop\\Laravel\\inventory\\vendor\\laravel\\framework\\src\\Illuminate\\Container\\BoundMethod.php(96): Illuminate\\Container\\Util::unwrapIfClosure(Object(Closure))
#24 C:\\Users\\Domain\\Desktop\\Laravel\\inventory\\vendor\\laravel\\framework\\src\\Illuminate\\Container\\BoundMethod.php(35): Illuminate\\Container\\BoundMethod::callBoundMethod(Object(Illuminate\\Foundation\\Application), Array, Object(Closure))
#25 C:\\Users\\Domain\\Desktop\\Laravel\\inventory\\vendor\\laravel\\framework\\src\\Illuminate\\Container\\Container.php(754): Illuminate\\Container\\BoundMethod::call(Object(Illuminate\\Foundation\\Application), Array, Array, NULL)
#26 C:\\Users\\Domain\\Desktop\\Laravel\\inventory\\vendor\\laravel\\framework\\src\\Illuminate\\Database\\Seeder.php(188): Illuminate\\Container\\Container->call(Array, Array)
#27 C:\\Users\\Domain\\Desktop\\Laravel\\inventory\\vendor\\laravel\\framework\\src\\Illuminate\\Database\\Seeder.php(197): Illuminate\\Database\\Seeder->Illuminate\\Database\\{closure}()
#28 C:\\Users\\Domain\\Desktop\\Laravel\\inventory\\vendor\\laravel\\framework\\src\\Illuminate\\Database\\Console\\Seeds\\SeedCommand.php(71): Illuminate\\Database\\Seeder->__invoke()
#29 C:\\Users\\Domain\\Desktop\\Laravel\\inventory\\vendor\\laravel\\framework\\src\\Illuminate\\Database\\Eloquent\\Concerns\\GuardsAttributes.php(155): Illuminate\\Database\\Console\\Seeds\\SeedCommand->Illuminate\\Database\\Console\\Seeds\\{closure}()
#30 C:\\Users\\Domain\\Desktop\\Laravel\\inventory\\vendor\\laravel\\framework\\src\\Illuminate\\Database\\Console\\Seeds\\SeedCommand.php(70): Illuminate\\Database\\Eloquent\\Model::unguarded(Object(Closure))
#31 C:\\Users\\Domain\\Desktop\\Laravel\\inventory\\vendor\\laravel\\framework\\src\\Illuminate\\Container\\BoundMethod.php(36): Illuminate\\Database\\Console\\Seeds\\SeedCommand->handle()
#32 C:\\Users\\Domain\\Desktop\\Laravel\\inventory\\vendor\\laravel\\framework\\src\\Illuminate\\Container\\Util.php(43): Illuminate\\Container\\BoundMethod::Illuminate\\Container\\{closure}()
#33 C:\\Users\\Domain\\Desktop\\Laravel\\inventory\\vendor\\laravel\\framework\\src\\Illuminate\\Container\\BoundMethod.php(96): Illuminate\\Container\\Util::unwrapIfClosure(Object(Closure))
#34 C:\\Users\\Domain\\Desktop\\Laravel\\inventory\\vendor\\laravel\\framework\\src\\Illuminate\\Container\\BoundMethod.php(35): Illuminate\\Container\\BoundMethod::callBoundMethod(Object(Illuminate\\Foundation\\Application), Array, Object(Closure))
#35 C:\\Users\\Domain\\Desktop\\Laravel\\inventory\\vendor\\laravel\\framework\\src\\Illuminate\\Container\\Container.php(754): Illuminate\\Container\\BoundMethod::call(Object(Illuminate\\Foundation\\Application), Array, Array, NULL)
#36 C:\\Users\\Domain\\Desktop\\Laravel\\inventory\\vendor\\laravel\\framework\\src\\Illuminate\\Console\\Command.php(211): Illuminate\\Container\\Container->call(Array)
#37 C:\\Users\\Domain\\Desktop\\Laravel\\inventory\\vendor\\symfony\\console\\Command\\Command.php(279): Illuminate\\Console\\Command->execute(Object(Symfony\\Component\\Console\\Input\\ArrayInput), Object(Illuminate\\Console\\OutputStyle))
#38 C:\\Users\\Domain\\Desktop\\Laravel\\inventory\\vendor\\laravel\\framework\\src\\Illuminate\\Console\\Command.php(180): Symfony\\Component\\Console\\Command\\Command->run(Object(Symfony\\Component\\Console\\Input\\ArrayInput), Object(Illuminate\\Console\\OutputStyle))
#39 C:\\Users\\Domain\\Desktop\\Laravel\\inventory\\vendor\\laravel\\framework\\src\\Illuminate\\Console\\Concerns\\CallsCommands.php(68): Illuminate\\Console\\Command->run(Object(Symfony\\Component\\Console\\Input\\ArrayInput), Object(Illuminate\\Console\\OutputStyle))
#40 C:\\Users\\Domain\\Desktop\\Laravel\\inventory\\vendor\\laravel\\framework\\src\\Illuminate\\Console\\Concerns\\CallsCommands.php(29): Illuminate\\Console\\Command->runCommand('db:seed', Array, Object(Illuminate\\Console\\OutputStyle))
#41 C:\\Users\\Domain\\Desktop\\Laravel\\inventory\\vendor\\laravel\\framework\\src\\Illuminate\\Database\\Console\\Migrations\\FreshCommand.php(121): Illuminate\\Console\\Command->call('db:seed', Array)
#42 C:\\Users\\Domain\\Desktop\\Laravel\\inventory\\vendor\\laravel\\framework\\src\\Illuminate\\Database\\Console\\Migrations\\FreshCommand.php(97): Illuminate\\Database\\Console\\Migrations\\FreshCommand->runSeeder(NULL)
#43 C:\\Users\\Domain\\Desktop\\Laravel\\inventory\\vendor\\laravel\\framework\\src\\Illuminate\\Container\\BoundMethod.php(36): Illuminate\\Database\\Console\\Migrations\\FreshCommand->handle()
#44 C:\\Users\\Domain\\Desktop\\Laravel\\inventory\\vendor\\laravel\\framework\\src\\Illuminate\\Container\\Util.php(43): Illuminate\\Container\\BoundMethod::Illuminate\\Container\\{closure}()
#45 C:\\Users\\Domain\\Desktop\\Laravel\\inventory\\vendor\\laravel\\framework\\src\\Illuminate\\Container\\BoundMethod.php(96): Illuminate\\Container\\Util::unwrapIfClosure(Object(Closure))
#46 C:\\Users\\Domain\\Desktop\\Laravel\\inventory\\vendor\\laravel\\framework\\src\\Illuminate\\Container\\BoundMethod.php(35): Illuminate\\Container\\BoundMethod::callBoundMethod(Object(Illuminate\\Foundation\\Application), Array, Object(Closure))
#47 C:\\Users\\Domain\\Desktop\\Laravel\\inventory\\vendor\\laravel\\framework\\src\\Illuminate\\Container\\Container.php(754): Illuminate\\Container\\BoundMethod::call(Object(Illuminate\\Foundation\\Application), Array, Array, NULL)
#48 C:\\Users\\Domain\\Desktop\\Laravel\\inventory\\vendor\\laravel\\framework\\src\\Illuminate\\Console\\Command.php(211): Illuminate\\Container\\Container->call(Array)
#49 C:\\Users\\Domain\\Desktop\\Laravel\\inventory\\vendor\\symfony\\console\\Command\\Command.php(279): Illuminate\\Console\\Command->execute(Object(Symfony\\Component\\Console\\Input\\ArgvInput), Object(Illuminate\\Console\\OutputStyle))
#50 C:\\Users\\Domain\\Desktop\\Laravel\\inventory\\vendor\\laravel\\framework\\src\\Illuminate\\Console\\Command.php(180): Symfony\\Component\\Console\\Command\\Command->run(Object(Symfony\\Component\\Console\\Input\\ArgvInput), Object(Illuminate\\Console\\OutputStyle))
#51 C:\\Users\\Domain\\Desktop\\Laravel\\inventory\\vendor\\symfony\\console\\Application.php(1094): Illuminate\\Console\\Command->run(Object(Symfony\\Component\\Console\\Input\\ArgvInput), Object(Symfony\\Component\\Console\\Output\\ConsoleOutput))
#52 C:\\Users\\Domain\\Desktop\\Laravel\\inventory\\vendor\\symfony\\console\\Application.php(342): Symfony\\Component\\Console\\Application->doRunCommand(Object(Illuminate\\Database\\Console\\Migrations\\FreshCommand), Object(Symfony\\Component\\Console\\Input\\ArgvInput), Object(Symfony\\Component\\Console\\Output\\ConsoleOutput))
#53 C:\\Users\\Domain\\Desktop\\Laravel\\inventory\\vendor\\symfony\\console\\Application.php(193): Symfony\\Component\\Console\\Application->doRun(Object(Symfony\\Component\\Console\\Input\\ArgvInput), Object(Symfony\\Component\\Console\\Output\\ConsoleOutput))
#54 C:\\Users\\Domain\\Desktop\\Laravel\\inventory\\vendor\\laravel\\framework\\src\\Illuminate\\Foundation\\Console\\Kernel.php(197): Symfony\\Component\\Console\\Application->run(Object(Symfony\\Component\\Console\\Input\\ArgvInput), Object(Symfony\\Component\\Console\\Output\\ConsoleOutput))
#55 C:\\Users\\Domain\\Desktop\\Laravel\\inventory\\vendor\\laravel\\framework\\src\\Illuminate\\Foundation\\Application.php(1234): Illuminate\\Foundation\\Console\\Kernel->handle(Object(Symfony\\Component\\Console\\Input\\ArgvInput), Object(Symfony\\Component\\Console\\Output\\ConsoleOutput))
#56 C:\\Users\\Domain\\Desktop\\Laravel\\inventory\\artisan(16): Illuminate\\Foundation\\Application->handleCommand(Object(Symfony\\Component\\Console\\Input\\ArgvInput))
#57 {main}
"} 
[2025-05-09 16:35:58] local.ERROR: SQLSTATE[42S22]: Column not found: 1054 Unknown column 'assets_transaction_type' in 'INSERT INTO' (Connection: mysql, SQL: insert into `assets_transaction` (`assets_transaction_running_number`, `supplier_id`, `assets_transaction_type`, `assets_recipient_name`, `assets_shipping_option_id`, `assets_transaction_status`, `assets_transaction_purpose_id`, `assets_from_branch_id`, `assets_to_branch_id`, `assets_transaction_total_cost`, `assets_transaction_remark`, `assets_transaction_log`, `created_by`, `updated_by`, `received_by`, `approved_by`, `created_at`, `updated_at`, `received_at`, `approved_at`) values (MKT-00001, ?, ASSET TRANSFER, ?, 4, RECEIVED, ?, 1, 3, 25149.7, ?, ["Created by Sarai Kreiger"], 5, 2, 3, ?, 2025-02-10 23:49:35, 2025-01-01 22:04:11, ?, ?)) {"exception":"[object] (Illuminate\\Database\\QueryException(code: 42S22): SQLSTATE[42S22]: Column not found: 1054 Unknown column 'assets_transaction_type' in 'INSERT INTO' (Connection: mysql, SQL: insert into `assets_transaction` (`assets_transaction_running_number`, `supplier_id`, `assets_transaction_type`, `assets_recipient_name`, `assets_shipping_option_id`, `assets_transaction_status`, `assets_transaction_purpose_id`, `assets_from_branch_id`, `assets_to_branch_id`, `assets_transaction_total_cost`, `assets_transaction_remark`, `assets_transaction_log`, `created_by`, `updated_by`, `received_by`, `approved_by`, `created_at`, `updated_at`, `received_at`, `approved_at`) values (MKT-00001, ?, ASSET TRANSFER, ?, 4, RECEIVED, ?, 1, 3, 25149.7, ?, [\"Created by Sarai Kreiger\"], 5, 2, 3, ?, 2025-02-10 23:49:35, 2025-01-01 22:04:11, ?, ?)) at C:\\Users\\Domain\\Desktop\\Laravel\\inventory\\vendor\\laravel\\framework\\src\\Illuminate\\Database\\Connection.php:822)
[stacktrace]
#0 C:\\Users\\Domain\\Desktop\\Laravel\\inventory\\vendor\\laravel\\framework\\src\\Illuminate\\Database\\Connection.php(776): Illuminate\\Database\\Connection->runQueryCallback('insert into `as...', Array, Object(Closure))
#1 C:\\Users\\Domain\\Desktop\\Laravel\\inventory\\vendor\\laravel\\framework\\src\\Illuminate\\Database\\MySqlConnection.php(42): Illuminate\\Database\\Connection->run('insert into `as...', Array, Object(Closure))
#2 C:\\Users\\Domain\\Desktop\\Laravel\\inventory\\vendor\\laravel\\framework\\src\\Illuminate\\Database\\Query\\Processors\\MySqlProcessor.php(35): Illuminate\\Database\\MySqlConnection->insert('insert into `as...', Array, 'id')
#3 C:\\Users\\Domain\\Desktop\\Laravel\\inventory\\vendor\\laravel\\framework\\src\\Illuminate\\Database\\Query\\Builder.php(3779): Illuminate\\Database\\Query\\Processors\\MySqlProcessor->processInsertGetId(Object(Illuminate\\Database\\Query\\Builder), 'insert into `as...', Array, 'id')
#4 C:\\Users\\Domain\\Desktop\\Laravel\\inventory\\vendor\\laravel\\framework\\src\\Illuminate\\Database\\Eloquent\\Builder.php(2204): Illuminate\\Database\\Query\\Builder->insertGetId(Array, 'id')
#5 C:\\Users\\Domain\\Desktop\\Laravel\\inventory\\vendor\\laravel\\framework\\src\\Illuminate\\Database\\Eloquent\\Model.php(1408): Illuminate\\Database\\Eloquent\\Builder->__call('insertGetId', Array)
#6 C:\\Users\\Domain\\Desktop\\Laravel\\inventory\\vendor\\laravel\\framework\\src\\Illuminate\\Database\\Eloquent\\Model.php(1373): Illuminate\\Database\\Eloquent\\Model->insertAndSetId(Object(Illuminate\\Database\\Eloquent\\Builder), Array)
#7 C:\\Users\\Domain\\Desktop\\Laravel\\inventory\\vendor\\laravel\\framework\\src\\Illuminate\\Database\\Eloquent\\Model.php(1212): Illuminate\\Database\\Eloquent\\Model->performInsert(Object(Illuminate\\Database\\Eloquent\\Builder))
#8 C:\\Users\\Domain\\Desktop\\Laravel\\inventory\\vendor\\laravel\\framework\\src\\Illuminate\\Database\\Eloquent\\Factories\\Factory.php(351): Illuminate\\Database\\Eloquent\\Model->save()
#9 C:\\Users\\Domain\\Desktop\\Laravel\\inventory\\vendor\\laravel\\framework\\src\\Illuminate\\Collections\\Traits\\EnumeratesValues.php(274): Illuminate\\Database\\Eloquent\\Factories\\Factory->Illuminate\\Database\\Eloquent\\Factories\\{closure}(Object(App\\Models\\AssetsTransaction), 0)
#10 C:\\Users\\Domain\\Desktop\\Laravel\\inventory\\vendor\\laravel\\framework\\src\\Illuminate\\Database\\Eloquent\\Factories\\Factory.php(346): Illuminate\\Support\\Collection->each(Object(Closure))
#11 C:\\Users\\Domain\\Desktop\\Laravel\\inventory\\vendor\\laravel\\framework\\src\\Illuminate\\Database\\Eloquent\\Factories\\Factory.php(306): Illuminate\\Database\\Eloquent\\Factories\\Factory->store(Object(Illuminate\\Database\\Eloquent\\Collection))
#12 C:\\Users\\Domain\\Desktop\\Laravel\\inventory\\database\\seeders\\AssetsTransactionSeeder.php(18): Illuminate\\Database\\Eloquent\\Factories\\Factory->create()
#13 C:\\Users\\Domain\\Desktop\\Laravel\\inventory\\vendor\\laravel\\framework\\src\\Illuminate\\Container\\BoundMethod.php(36): Database\\Seeders\\AssetsTransactionSeeder->run()
#14 C:\\Users\\Domain\\Desktop\\Laravel\\inventory\\vendor\\laravel\\framework\\src\\Illuminate\\Container\\Util.php(43): Illuminate\\Container\\BoundMethod::Illuminate\\Container\\{closure}()
#15 C:\\Users\\Domain\\Desktop\\Laravel\\inventory\\vendor\\laravel\\framework\\src\\Illuminate\\Container\\BoundMethod.php(96): Illuminate\\Container\\Util::unwrapIfClosure(Object(Closure))
#16 C:\\Users\\Domain\\Desktop\\Laravel\\inventory\\vendor\\laravel\\framework\\src\\Illuminate\\Container\\BoundMethod.php(35): Illuminate\\Container\\BoundMethod::callBoundMethod(Object(Illuminate\\Foundation\\Application), Array, Object(Closure))
#17 C:\\Users\\Domain\\Desktop\\Laravel\\inventory\\vendor\\laravel\\framework\\src\\Illuminate\\Container\\Container.php(754): Illuminate\\Container\\BoundMethod::call(Object(Illuminate\\Foundation\\Application), Array, Array, NULL)
#18 C:\\Users\\Domain\\Desktop\\Laravel\\inventory\\vendor\\laravel\\framework\\src\\Illuminate\\Database\\Seeder.php(188): Illuminate\\Container\\Container->call(Array, Array)
#19 C:\\Users\\Domain\\Desktop\\Laravel\\inventory\\vendor\\laravel\\framework\\src\\Illuminate\\Database\\Seeder.php(197): Illuminate\\Database\\Seeder->Illuminate\\Database\\{closure}()
#20 C:\\Users\\Domain\\Desktop\\Laravel\\inventory\\vendor\\laravel\\framework\\src\\Illuminate\\Database\\Seeder.php(61): Illuminate\\Database\\Seeder->__invoke(Array)
#21 C:\\Users\\Domain\\Desktop\\Laravel\\inventory\\database\\seeders\\DatabaseSeeder.php(28): Illuminate\\Database\\Seeder->call('Database\\\\Seeder...')
#22 C:\\Users\\Domain\\Desktop\\Laravel\\inventory\\vendor\\laravel\\framework\\src\\Illuminate\\Container\\BoundMethod.php(36): Database\\Seeders\\DatabaseSeeder->run()
#23 C:\\Users\\Domain\\Desktop\\Laravel\\inventory\\vendor\\laravel\\framework\\src\\Illuminate\\Container\\Util.php(43): Illuminate\\Container\\BoundMethod::Illuminate\\Container\\{closure}()
#24 C:\\Users\\Domain\\Desktop\\Laravel\\inventory\\vendor\\laravel\\framework\\src\\Illuminate\\Container\\BoundMethod.php(96): Illuminate\\Container\\Util::unwrapIfClosure(Object(Closure))
#25 C:\\Users\\Domain\\Desktop\\Laravel\\inventory\\vendor\\laravel\\framework\\src\\Illuminate\\Container\\BoundMethod.php(35): Illuminate\\Container\\BoundMethod::callBoundMethod(Object(Illuminate\\Foundation\\Application), Array, Object(Closure))
#26 C:\\Users\\Domain\\Desktop\\Laravel\\inventory\\vendor\\laravel\\framework\\src\\Illuminate\\Container\\Container.php(754): Illuminate\\Container\\BoundMethod::call(Object(Illuminate\\Foundation\\Application), Array, Array, NULL)
#27 C:\\Users\\Domain\\Desktop\\Laravel\\inventory\\vendor\\laravel\\framework\\src\\Illuminate\\Database\\Seeder.php(188): Illuminate\\Container\\Container->call(Array, Array)
#28 C:\\Users\\Domain\\Desktop\\Laravel\\inventory\\vendor\\laravel\\framework\\src\\Illuminate\\Database\\Seeder.php(197): Illuminate\\Database\\Seeder->Illuminate\\Database\\{closure}()
#29 C:\\Users\\Domain\\Desktop\\Laravel\\inventory\\vendor\\laravel\\framework\\src\\Illuminate\\Database\\Console\\Seeds\\SeedCommand.php(71): Illuminate\\Database\\Seeder->__invoke()
#30 C:\\Users\\Domain\\Desktop\\Laravel\\inventory\\vendor\\laravel\\framework\\src\\Illuminate\\Database\\Eloquent\\Concerns\\GuardsAttributes.php(155): Illuminate\\Database\\Console\\Seeds\\SeedCommand->Illuminate\\Database\\Console\\Seeds\\{closure}()
#31 C:\\Users\\Domain\\Desktop\\Laravel\\inventory\\vendor\\laravel\\framework\\src\\Illuminate\\Database\\Console\\Seeds\\SeedCommand.php(70): Illuminate\\Database\\Eloquent\\Model::unguarded(Object(Closure))
#32 C:\\Users\\Domain\\Desktop\\Laravel\\inventory\\vendor\\laravel\\framework\\src\\Illuminate\\Container\\BoundMethod.php(36): Illuminate\\Database\\Console\\Seeds\\SeedCommand->handle()
#33 C:\\Users\\Domain\\Desktop\\Laravel\\inventory\\vendor\\laravel\\framework\\src\\Illuminate\\Container\\Util.php(43): Illuminate\\Container\\BoundMethod::Illuminate\\Container\\{closure}()
#34 C:\\Users\\Domain\\Desktop\\Laravel\\inventory\\vendor\\laravel\\framework\\src\\Illuminate\\Container\\BoundMethod.php(96): Illuminate\\Container\\Util::unwrapIfClosure(Object(Closure))
#35 C:\\Users\\Domain\\Desktop\\Laravel\\inventory\\vendor\\laravel\\framework\\src\\Illuminate\\Container\\BoundMethod.php(35): Illuminate\\Container\\BoundMethod::callBoundMethod(Object(Illuminate\\Foundation\\Application), Array, Object(Closure))
#36 C:\\Users\\Domain\\Desktop\\Laravel\\inventory\\vendor\\laravel\\framework\\src\\Illuminate\\Container\\Container.php(754): Illuminate\\Container\\BoundMethod::call(Object(Illuminate\\Foundation\\Application), Array, Array, NULL)
#37 C:\\Users\\Domain\\Desktop\\Laravel\\inventory\\vendor\\laravel\\framework\\src\\Illuminate\\Console\\Command.php(211): Illuminate\\Container\\Container->call(Array)
#38 C:\\Users\\Domain\\Desktop\\Laravel\\inventory\\vendor\\symfony\\console\\Command\\Command.php(279): Illuminate\\Console\\Command->execute(Object(Symfony\\Component\\Console\\Input\\ArrayInput), Object(Illuminate\\Console\\OutputStyle))
#39 C:\\Users\\Domain\\Desktop\\Laravel\\inventory\\vendor\\laravel\\framework\\src\\Illuminate\\Console\\Command.php(180): Symfony\\Component\\Console\\Command\\Command->run(Object(Symfony\\Component\\Console\\Input\\ArrayInput), Object(Illuminate\\Console\\OutputStyle))
#40 C:\\Users\\Domain\\Desktop\\Laravel\\inventory\\vendor\\laravel\\framework\\src\\Illuminate\\Console\\Concerns\\CallsCommands.php(68): Illuminate\\Console\\Command->run(Object(Symfony\\Component\\Console\\Input\\ArrayInput), Object(Illuminate\\Console\\OutputStyle))
#41 C:\\Users\\Domain\\Desktop\\Laravel\\inventory\\vendor\\laravel\\framework\\src\\Illuminate\\Console\\Concerns\\CallsCommands.php(29): Illuminate\\Console\\Command->runCommand('db:seed', Array, Object(Illuminate\\Console\\OutputStyle))
#42 C:\\Users\\Domain\\Desktop\\Laravel\\inventory\\vendor\\laravel\\framework\\src\\Illuminate\\Database\\Console\\Migrations\\FreshCommand.php(121): Illuminate\\Console\\Command->call('db:seed', Array)
#43 C:\\Users\\Domain\\Desktop\\Laravel\\inventory\\vendor\\laravel\\framework\\src\\Illuminate\\Database\\Console\\Migrations\\FreshCommand.php(97): Illuminate\\Database\\Console\\Migrations\\FreshCommand->runSeeder(NULL)
#44 C:\\Users\\Domain\\Desktop\\Laravel\\inventory\\vendor\\laravel\\framework\\src\\Illuminate\\Container\\BoundMethod.php(36): Illuminate\\Database\\Console\\Migrations\\FreshCommand->handle()
#45 C:\\Users\\Domain\\Desktop\\Laravel\\inventory\\vendor\\laravel\\framework\\src\\Illuminate\\Container\\Util.php(43): Illuminate\\Container\\BoundMethod::Illuminate\\Container\\{closure}()
#46 C:\\Users\\Domain\\Desktop\\Laravel\\inventory\\vendor\\laravel\\framework\\src\\Illuminate\\Container\\BoundMethod.php(96): Illuminate\\Container\\Util::unwrapIfClosure(Object(Closure))
#47 C:\\Users\\Domain\\Desktop\\Laravel\\inventory\\vendor\\laravel\\framework\\src\\Illuminate\\Container\\BoundMethod.php(35): Illuminate\\Container\\BoundMethod::callBoundMethod(Object(Illuminate\\Foundation\\Application), Array, Object(Closure))
#48 C:\\Users\\Domain\\Desktop\\Laravel\\inventory\\vendor\\laravel\\framework\\src\\Illuminate\\Container\\Container.php(754): Illuminate\\Container\\BoundMethod::call(Object(Illuminate\\Foundation\\Application), Array, Array, NULL)
#49 C:\\Users\\Domain\\Desktop\\Laravel\\inventory\\vendor\\laravel\\framework\\src\\Illuminate\\Console\\Command.php(211): Illuminate\\Container\\Container->call(Array)
#50 C:\\Users\\Domain\\Desktop\\Laravel\\inventory\\vendor\\symfony\\console\\Command\\Command.php(279): Illuminate\\Console\\Command->execute(Object(Symfony\\Component\\Console\\Input\\ArgvInput), Object(Illuminate\\Console\\OutputStyle))
#51 C:\\Users\\Domain\\Desktop\\Laravel\\inventory\\vendor\\laravel\\framework\\src\\Illuminate\\Console\\Command.php(180): Symfony\\Component\\Console\\Command\\Command->run(Object(Symfony\\Component\\Console\\Input\\ArgvInput), Object(Illuminate\\Console\\OutputStyle))
#52 C:\\Users\\Domain\\Desktop\\Laravel\\inventory\\vendor\\symfony\\console\\Application.php(1094): Illuminate\\Console\\Command->run(Object(Symfony\\Component\\Console\\Input\\ArgvInput), Object(Symfony\\Component\\Console\\Output\\ConsoleOutput))
#53 C:\\Users\\Domain\\Desktop\\Laravel\\inventory\\vendor\\symfony\\console\\Application.php(342): Symfony\\Component\\Console\\Application->doRunCommand(Object(Illuminate\\Database\\Console\\Migrations\\FreshCommand), Object(Symfony\\Component\\Console\\Input\\ArgvInput), Object(Symfony\\Component\\Console\\Output\\ConsoleOutput))
#54 C:\\Users\\Domain\\Desktop\\Laravel\\inventory\\vendor\\symfony\\console\\Application.php(193): Symfony\\Component\\Console\\Application->doRun(Object(Symfony\\Component\\Console\\Input\\ArgvInput), Object(Symfony\\Component\\Console\\Output\\ConsoleOutput))
#55 C:\\Users\\Domain\\Desktop\\Laravel\\inventory\\vendor\\laravel\\framework\\src\\Illuminate\\Foundation\\Console\\Kernel.php(197): Symfony\\Component\\Console\\Application->run(Object(Symfony\\Component\\Console\\Input\\ArgvInput), Object(Symfony\\Component\\Console\\Output\\ConsoleOutput))
#56 C:\\Users\\Domain\\Desktop\\Laravel\\inventory\\vendor\\laravel\\framework\\src\\Illuminate\\Foundation\\Application.php(1234): Illuminate\\Foundation\\Console\\Kernel->handle(Object(Symfony\\Component\\Console\\Input\\ArgvInput), Object(Symfony\\Component\\Console\\Output\\ConsoleOutput))
#57 C:\\Users\\Domain\\Desktop\\Laravel\\inventory\\artisan(16): Illuminate\\Foundation\\Application->handleCommand(Object(Symfony\\Component\\Console\\Input\\ArgvInput))
#58 {main}

[previous exception] [object] (PDOException(code: 42S22): SQLSTATE[42S22]: Column not found: 1054 Unknown column 'assets_transaction_type' in 'INSERT INTO' at C:\\Users\\Domain\\Desktop\\Laravel\\inventory\\vendor\\laravel\\framework\\src\\Illuminate\\Database\\MySqlConnection.php:47)
[stacktrace]
#0 C:\\Users\\Domain\\Desktop\\Laravel\\inventory\\vendor\\laravel\\framework\\src\\Illuminate\\Database\\MySqlConnection.php(47): PDO->prepare('insert into `as...')
#1 C:\\Users\\Domain\\Desktop\\Laravel\\inventory\\vendor\\laravel\\framework\\src\\Illuminate\\Database\\Connection.php(809): Illuminate\\Database\\MySqlConnection->Illuminate\\Database\\{closure}('insert into `as...', Array)
#2 C:\\Users\\Domain\\Desktop\\Laravel\\inventory\\vendor\\laravel\\framework\\src\\Illuminate\\Database\\Connection.php(776): Illuminate\\Database\\Connection->runQueryCallback('insert into `as...', Array, Object(Closure))
#3 C:\\Users\\Domain\\Desktop\\Laravel\\inventory\\vendor\\laravel\\framework\\src\\Illuminate\\Database\\MySqlConnection.php(42): Illuminate\\Database\\Connection->run('insert into `as...', Array, Object(Closure))
#4 C:\\Users\\Domain\\Desktop\\Laravel\\inventory\\vendor\\laravel\\framework\\src\\Illuminate\\Database\\Query\\Processors\\MySqlProcessor.php(35): Illuminate\\Database\\MySqlConnection->insert('insert into `as...', Array, 'id')
#5 C:\\Users\\Domain\\Desktop\\Laravel\\inventory\\vendor\\laravel\\framework\\src\\Illuminate\\Database\\Query\\Builder.php(3779): Illuminate\\Database\\Query\\Processors\\MySqlProcessor->processInsertGetId(Object(Illuminate\\Database\\Query\\Builder), 'insert into `as...', Array, 'id')
#6 C:\\Users\\Domain\\Desktop\\Laravel\\inventory\\vendor\\laravel\\framework\\src\\Illuminate\\Database\\Eloquent\\Builder.php(2204): Illuminate\\Database\\Query\\Builder->insertGetId(Array, 'id')
#7 C:\\Users\\Domain\\Desktop\\Laravel\\inventory\\vendor\\laravel\\framework\\src\\Illuminate\\Database\\Eloquent\\Model.php(1408): Illuminate\\Database\\Eloquent\\Builder->__call('insertGetId', Array)
#8 C:\\Users\\Domain\\Desktop\\Laravel\\inventory\\vendor\\laravel\\framework\\src\\Illuminate\\Database\\Eloquent\\Model.php(1373): Illuminate\\Database\\Eloquent\\Model->insertAndSetId(Object(Illuminate\\Database\\Eloquent\\Builder), Array)
#9 C:\\Users\\Domain\\Desktop\\Laravel\\inventory\\vendor\\laravel\\framework\\src\\Illuminate\\Database\\Eloquent\\Model.php(1212): Illuminate\\Database\\Eloquent\\Model->performInsert(Object(Illuminate\\Database\\Eloquent\\Builder))
#10 C:\\Users\\Domain\\Desktop\\Laravel\\inventory\\vendor\\laravel\\framework\\src\\Illuminate\\Database\\Eloquent\\Factories\\Factory.php(351): Illuminate\\Database\\Eloquent\\Model->save()
#11 C:\\Users\\Domain\\Desktop\\Laravel\\inventory\\vendor\\laravel\\framework\\src\\Illuminate\\Collections\\Traits\\EnumeratesValues.php(274): Illuminate\\Database\\Eloquent\\Factories\\Factory->Illuminate\\Database\\Eloquent\\Factories\\{closure}(Object(App\\Models\\AssetsTransaction), 0)
#12 C:\\Users\\Domain\\Desktop\\Laravel\\inventory\\vendor\\laravel\\framework\\src\\Illuminate\\Database\\Eloquent\\Factories\\Factory.php(346): Illuminate\\Support\\Collection->each(Object(Closure))
#13 C:\\Users\\Domain\\Desktop\\Laravel\\inventory\\vendor\\laravel\\framework\\src\\Illuminate\\Database\\Eloquent\\Factories\\Factory.php(306): Illuminate\\Database\\Eloquent\\Factories\\Factory->store(Object(Illuminate\\Database\\Eloquent\\Collection))
#14 C:\\Users\\Domain\\Desktop\\Laravel\\inventory\\database\\seeders\\AssetsTransactionSeeder.php(18): Illuminate\\Database\\Eloquent\\Factories\\Factory->create()
#15 C:\\Users\\Domain\\Desktop\\Laravel\\inventory\\vendor\\laravel\\framework\\src\\Illuminate\\Container\\BoundMethod.php(36): Database\\Seeders\\AssetsTransactionSeeder->run()
#16 C:\\Users\\Domain\\Desktop\\Laravel\\inventory\\vendor\\laravel\\framework\\src\\Illuminate\\Container\\Util.php(43): Illuminate\\Container\\BoundMethod::Illuminate\\Container\\{closure}()
#17 C:\\Users\\Domain\\Desktop\\Laravel\\inventory\\vendor\\laravel\\framework\\src\\Illuminate\\Container\\BoundMethod.php(96): Illuminate\\Container\\Util::unwrapIfClosure(Object(Closure))
#18 C:\\Users\\Domain\\Desktop\\Laravel\\inventory\\vendor\\laravel\\framework\\src\\Illuminate\\Container\\BoundMethod.php(35): Illuminate\\Container\\BoundMethod::callBoundMethod(Object(Illuminate\\Foundation\\Application), Array, Object(Closure))
#19 C:\\Users\\Domain\\Desktop\\Laravel\\inventory\\vendor\\laravel\\framework\\src\\Illuminate\\Container\\Container.php(754): Illuminate\\Container\\BoundMethod::call(Object(Illuminate\\Foundation\\Application), Array, Array, NULL)
#20 C:\\Users\\Domain\\Desktop\\Laravel\\inventory\\vendor\\laravel\\framework\\src\\Illuminate\\Database\\Seeder.php(188): Illuminate\\Container\\Container->call(Array, Array)
#21 C:\\Users\\Domain\\Desktop\\Laravel\\inventory\\vendor\\laravel\\framework\\src\\Illuminate\\Database\\Seeder.php(197): Illuminate\\Database\\Seeder->Illuminate\\Database\\{closure}()
#22 C:\\Users\\Domain\\Desktop\\Laravel\\inventory\\vendor\\laravel\\framework\\src\\Illuminate\\Database\\Seeder.php(61): Illuminate\\Database\\Seeder->__invoke(Array)
#23 C:\\Users\\Domain\\Desktop\\Laravel\\inventory\\database\\seeders\\DatabaseSeeder.php(28): Illuminate\\Database\\Seeder->call('Database\\\\Seeder...')
#24 C:\\Users\\Domain\\Desktop\\Laravel\\inventory\\vendor\\laravel\\framework\\src\\Illuminate\\Container\\BoundMethod.php(36): Database\\Seeders\\DatabaseSeeder->run()
#25 C:\\Users\\Domain\\Desktop\\Laravel\\inventory\\vendor\\laravel\\framework\\src\\Illuminate\\Container\\Util.php(43): Illuminate\\Container\\BoundMethod::Illuminate\\Container\\{closure}()
#26 C:\\Users\\Domain\\Desktop\\Laravel\\inventory\\vendor\\laravel\\framework\\src\\Illuminate\\Container\\BoundMethod.php(96): Illuminate\\Container\\Util::unwrapIfClosure(Object(Closure))
#27 C:\\Users\\Domain\\Desktop\\Laravel\\inventory\\vendor\\laravel\\framework\\src\\Illuminate\\Container\\BoundMethod.php(35): Illuminate\\Container\\BoundMethod::callBoundMethod(Object(Illuminate\\Foundation\\Application), Array, Object(Closure))
#28 C:\\Users\\Domain\\Desktop\\Laravel\\inventory\\vendor\\laravel\\framework\\src\\Illuminate\\Container\\Container.php(754): Illuminate\\Container\\BoundMethod::call(Object(Illuminate\\Foundation\\Application), Array, Array, NULL)
#29 C:\\Users\\Domain\\Desktop\\Laravel\\inventory\\vendor\\laravel\\framework\\src\\Illuminate\\Database\\Seeder.php(188): Illuminate\\Container\\Container->call(Array, Array)
#30 C:\\Users\\Domain\\Desktop\\Laravel\\inventory\\vendor\\laravel\\framework\\src\\Illuminate\\Database\\Seeder.php(197): Illuminate\\Database\\Seeder->Illuminate\\Database\\{closure}()
#31 C:\\Users\\Domain\\Desktop\\Laravel\\inventory\\vendor\\laravel\\framework\\src\\Illuminate\\Database\\Console\\Seeds\\SeedCommand.php(71): Illuminate\\Database\\Seeder->__invoke()
#32 C:\\Users\\Domain\\Desktop\\Laravel\\inventory\\vendor\\laravel\\framework\\src\\Illuminate\\Database\\Eloquent\\Concerns\\GuardsAttributes.php(155): Illuminate\\Database\\Console\\Seeds\\SeedCommand->Illuminate\\Database\\Console\\Seeds\\{closure}()
#33 C:\\Users\\Domain\\Desktop\\Laravel\\inventory\\vendor\\laravel\\framework\\src\\Illuminate\\Database\\Console\\Seeds\\SeedCommand.php(70): Illuminate\\Database\\Eloquent\\Model::unguarded(Object(Closure))
#34 C:\\Users\\Domain\\Desktop\\Laravel\\inventory\\vendor\\laravel\\framework\\src\\Illuminate\\Container\\BoundMethod.php(36): Illuminate\\Database\\Console\\Seeds\\SeedCommand->handle()
#35 C:\\Users\\Domain\\Desktop\\Laravel\\inventory\\vendor\\laravel\\framework\\src\\Illuminate\\Container\\Util.php(43): Illuminate\\Container\\BoundMethod::Illuminate\\Container\\{closure}()
#36 C:\\Users\\Domain\\Desktop\\Laravel\\inventory\\vendor\\laravel\\framework\\src\\Illuminate\\Container\\BoundMethod.php(96): Illuminate\\Container\\Util::unwrapIfClosure(Object(Closure))
#37 C:\\Users\\Domain\\Desktop\\Laravel\\inventory\\vendor\\laravel\\framework\\src\\Illuminate\\Container\\BoundMethod.php(35): Illuminate\\Container\\BoundMethod::callBoundMethod(Object(Illuminate\\Foundation\\Application), Array, Object(Closure))
#38 C:\\Users\\Domain\\Desktop\\Laravel\\inventory\\vendor\\laravel\\framework\\src\\Illuminate\\Container\\Container.php(754): Illuminate\\Container\\BoundMethod::call(Object(Illuminate\\Foundation\\Application), Array, Array, NULL)
#39 C:\\Users\\Domain\\Desktop\\Laravel\\inventory\\vendor\\laravel\\framework\\src\\Illuminate\\Console\\Command.php(211): Illuminate\\Container\\Container->call(Array)
#40 C:\\Users\\Domain\\Desktop\\Laravel\\inventory\\vendor\\symfony\\console\\Command\\Command.php(279): Illuminate\\Console\\Command->execute(Object(Symfony\\Component\\Console\\Input\\ArrayInput), Object(Illuminate\\Console\\OutputStyle))
#41 C:\\Users\\Domain\\Desktop\\Laravel\\inventory\\vendor\\laravel\\framework\\src\\Illuminate\\Console\\Command.php(180): Symfony\\Component\\Console\\Command\\Command->run(Object(Symfony\\Component\\Console\\Input\\ArrayInput), Object(Illuminate\\Console\\OutputStyle))
#42 C:\\Users\\Domain\\Desktop\\Laravel\\inventory\\vendor\\laravel\\framework\\src\\Illuminate\\Console\\Concerns\\CallsCommands.php(68): Illuminate\\Console\\Command->run(Object(Symfony\\Component\\Console\\Input\\ArrayInput), Object(Illuminate\\Console\\OutputStyle))
#43 C:\\Users\\Domain\\Desktop\\Laravel\\inventory\\vendor\\laravel\\framework\\src\\Illuminate\\Console\\Concerns\\CallsCommands.php(29): Illuminate\\Console\\Command->runCommand('db:seed', Array, Object(Illuminate\\Console\\OutputStyle))
#44 C:\\Users\\Domain\\Desktop\\Laravel\\inventory\\vendor\\laravel\\framework\\src\\Illuminate\\Database\\Console\\Migrations\\FreshCommand.php(121): Illuminate\\Console\\Command->call('db:seed', Array)
#45 C:\\Users\\Domain\\Desktop\\Laravel\\inventory\\vendor\\laravel\\framework\\src\\Illuminate\\Database\\Console\\Migrations\\FreshCommand.php(97): Illuminate\\Database\\Console\\Migrations\\FreshCommand->runSeeder(NULL)
#46 C:\\Users\\Domain\\Desktop\\Laravel\\inventory\\vendor\\laravel\\framework\\src\\Illuminate\\Container\\BoundMethod.php(36): Illuminate\\Database\\Console\\Migrations\\FreshCommand->handle()
#47 C:\\Users\\Domain\\Desktop\\Laravel\\inventory\\vendor\\laravel\\framework\\src\\Illuminate\\Container\\Util.php(43): Illuminate\\Container\\BoundMethod::Illuminate\\Container\\{closure}()
#48 C:\\Users\\Domain\\Desktop\\Laravel\\inventory\\vendor\\laravel\\framework\\src\\Illuminate\\Container\\BoundMethod.php(96): Illuminate\\Container\\Util::unwrapIfClosure(Object(Closure))
#49 C:\\Users\\Domain\\Desktop\\Laravel\\inventory\\vendor\\laravel\\framework\\src\\Illuminate\\Container\\BoundMethod.php(35): Illuminate\\Container\\BoundMethod::callBoundMethod(Object(Illuminate\\Foundation\\Application), Array, Object(Closure))
#50 C:\\Users\\Domain\\Desktop\\Laravel\\inventory\\vendor\\laravel\\framework\\src\\Illuminate\\Container\\Container.php(754): Illuminate\\Container\\BoundMethod::call(Object(Illuminate\\Foundation\\Application), Array, Array, NULL)
#51 C:\\Users\\Domain\\Desktop\\Laravel\\inventory\\vendor\\laravel\\framework\\src\\Illuminate\\Console\\Command.php(211): Illuminate\\Container\\Container->call(Array)
#52 C:\\Users\\Domain\\Desktop\\Laravel\\inventory\\vendor\\symfony\\console\\Command\\Command.php(279): Illuminate\\Console\\Command->execute(Object(Symfony\\Component\\Console\\Input\\ArgvInput), Object(Illuminate\\Console\\OutputStyle))
#53 C:\\Users\\Domain\\Desktop\\Laravel\\inventory\\vendor\\laravel\\framework\\src\\Illuminate\\Console\\Command.php(180): Symfony\\Component\\Console\\Command\\Command->run(Object(Symfony\\Component\\Console\\Input\\ArgvInput), Object(Illuminate\\Console\\OutputStyle))
#54 C:\\Users\\Domain\\Desktop\\Laravel\\inventory\\vendor\\symfony\\console\\Application.php(1094): Illuminate\\Console\\Command->run(Object(Symfony\\Component\\Console\\Input\\ArgvInput), Object(Symfony\\Component\\Console\\Output\\ConsoleOutput))
#55 C:\\Users\\Domain\\Desktop\\Laravel\\inventory\\vendor\\symfony\\console\\Application.php(342): Symfony\\Component\\Console\\Application->doRunCommand(Object(Illuminate\\Database\\Console\\Migrations\\FreshCommand), Object(Symfony\\Component\\Console\\Input\\ArgvInput), Object(Symfony\\Component\\Console\\Output\\ConsoleOutput))
#56 C:\\Users\\Domain\\Desktop\\Laravel\\inventory\\vendor\\symfony\\console\\Application.php(193): Symfony\\Component\\Console\\Application->doRun(Object(Symfony\\Component\\Console\\Input\\ArgvInput), Object(Symfony\\Component\\Console\\Output\\ConsoleOutput))
#57 C:\\Users\\Domain\\Desktop\\Laravel\\inventory\\vendor\\laravel\\framework\\src\\Illuminate\\Foundation\\Console\\Kernel.php(197): Symfony\\Component\\Console\\Application->run(Object(Symfony\\Component\\Console\\Input\\ArgvInput), Object(Symfony\\Component\\Console\\Output\\ConsoleOutput))
#58 C:\\Users\\Domain\\Desktop\\Laravel\\inventory\\vendor\\laravel\\framework\\src\\Illuminate\\Foundation\\Application.php(1234): Illuminate\\Foundation\\Console\\Kernel->handle(Object(Symfony\\Component\\Console\\Input\\ArgvInput), Object(Symfony\\Component\\Console\\Output\\ConsoleOutput))
#59 C:\\Users\\Domain\\Desktop\\Laravel\\inventory\\artisan(16): Illuminate\\Foundation\\Application->handleCommand(Object(Symfony\\Component\\Console\\Input\\ArgvInput))
#60 {main}
"} 
[2025-05-09 16:37:46] local.ERROR: SQLSTATE[42S22]: Column not found: 1054 Unknown column 'assets_shipping_option_id' in 'INSERT INTO' (Connection: mysql, SQL: insert into `assets_transaction` (`assets_transaction_running_number`, `supplier_id`, `assets_transaction_type`, `assets_recipient_name`, `assets_shipping_option_id`, `assets_transaction_status`, `assets_transaction_purpose_id`, `assets_from_branch_id`, `assets_to_branch_id`, `assets_transaction_total_cost`, `assets_transaction_remark`, `assets_transaction_log`, `created_by`, `updated_by`, `received_by`, `approved_by`, `created_at`, `updated_at`, `received_at`, `approved_at`) values (MKT-00001, ?, ASSET OUT, Dr. Katelin Hickle, ?, ?, 2, 1, ?, 40924.23, ?, ["Created by Alison O'Conner"], 2, 1, 4, ?, 2025-03-11 07:59:37, 2025-04-05 21:58:23, 2025-02-15 10:49:56, 2025-03-02 14:23:36)) {"exception":"[object] (Illuminate\\Database\\QueryException(code: 42S22): SQLSTATE[42S22]: Column not found: 1054 Unknown column 'assets_shipping_option_id' in 'INSERT INTO' (Connection: mysql, SQL: insert into `assets_transaction` (`assets_transaction_running_number`, `supplier_id`, `assets_transaction_type`, `assets_recipient_name`, `assets_shipping_option_id`, `assets_transaction_status`, `assets_transaction_purpose_id`, `assets_from_branch_id`, `assets_to_branch_id`, `assets_transaction_total_cost`, `assets_transaction_remark`, `assets_transaction_log`, `created_by`, `updated_by`, `received_by`, `approved_by`, `created_at`, `updated_at`, `received_at`, `approved_at`) values (MKT-00001, ?, ASSET OUT, Dr. Katelin Hickle, ?, ?, 2, 1, ?, 40924.23, ?, [\"Created by Alison O'Conner\"], 2, 1, 4, ?, 2025-03-11 07:59:37, 2025-04-05 21:58:23, 2025-02-15 10:49:56, 2025-03-02 14:23:36)) at C:\\Users\\Domain\\Desktop\\Laravel\\inventory\\vendor\\laravel\\framework\\src\\Illuminate\\Database\\Connection.php:822)
[stacktrace]
#0 C:\\Users\\Domain\\Desktop\\Laravel\\inventory\\vendor\\laravel\\framework\\src\\Illuminate\\Database\\Connection.php(776): Illuminate\\Database\\Connection->runQueryCallback('insert into `as...', Array, Object(Closure))
#1 C:\\Users\\Domain\\Desktop\\Laravel\\inventory\\vendor\\laravel\\framework\\src\\Illuminate\\Database\\MySqlConnection.php(42): Illuminate\\Database\\Connection->run('insert into `as...', Array, Object(Closure))
#2 C:\\Users\\Domain\\Desktop\\Laravel\\inventory\\vendor\\laravel\\framework\\src\\Illuminate\\Database\\Query\\Processors\\MySqlProcessor.php(35): Illuminate\\Database\\MySqlConnection->insert('insert into `as...', Array, 'id')
#3 C:\\Users\\Domain\\Desktop\\Laravel\\inventory\\vendor\\laravel\\framework\\src\\Illuminate\\Database\\Query\\Builder.php(3779): Illuminate\\Database\\Query\\Processors\\MySqlProcessor->processInsertGetId(Object(Illuminate\\Database\\Query\\Builder), 'insert into `as...', Array, 'id')
#4 C:\\Users\\Domain\\Desktop\\Laravel\\inventory\\vendor\\laravel\\framework\\src\\Illuminate\\Database\\Eloquent\\Builder.php(2204): Illuminate\\Database\\Query\\Builder->insertGetId(Array, 'id')
#5 C:\\Users\\Domain\\Desktop\\Laravel\\inventory\\vendor\\laravel\\framework\\src\\Illuminate\\Database\\Eloquent\\Model.php(1408): Illuminate\\Database\\Eloquent\\Builder->__call('insertGetId', Array)
#6 C:\\Users\\Domain\\Desktop\\Laravel\\inventory\\vendor\\laravel\\framework\\src\\Illuminate\\Database\\Eloquent\\Model.php(1373): Illuminate\\Database\\Eloquent\\Model->insertAndSetId(Object(Illuminate\\Database\\Eloquent\\Builder), Array)
#7 C:\\Users\\Domain\\Desktop\\Laravel\\inventory\\vendor\\laravel\\framework\\src\\Illuminate\\Database\\Eloquent\\Model.php(1212): Illuminate\\Database\\Eloquent\\Model->performInsert(Object(Illuminate\\Database\\Eloquent\\Builder))
#8 C:\\Users\\Domain\\Desktop\\Laravel\\inventory\\vendor\\laravel\\framework\\src\\Illuminate\\Database\\Eloquent\\Factories\\Factory.php(351): Illuminate\\Database\\Eloquent\\Model->save()
#9 C:\\Users\\Domain\\Desktop\\Laravel\\inventory\\vendor\\laravel\\framework\\src\\Illuminate\\Collections\\Traits\\EnumeratesValues.php(274): Illuminate\\Database\\Eloquent\\Factories\\Factory->Illuminate\\Database\\Eloquent\\Factories\\{closure}(Object(App\\Models\\AssetsTransaction), 0)
#10 C:\\Users\\Domain\\Desktop\\Laravel\\inventory\\vendor\\laravel\\framework\\src\\Illuminate\\Database\\Eloquent\\Factories\\Factory.php(346): Illuminate\\Support\\Collection->each(Object(Closure))
#11 C:\\Users\\Domain\\Desktop\\Laravel\\inventory\\vendor\\laravel\\framework\\src\\Illuminate\\Database\\Eloquent\\Factories\\Factory.php(306): Illuminate\\Database\\Eloquent\\Factories\\Factory->store(Object(Illuminate\\Database\\Eloquent\\Collection))
#12 C:\\Users\\Domain\\Desktop\\Laravel\\inventory\\database\\seeders\\AssetsTransactionSeeder.php(18): Illuminate\\Database\\Eloquent\\Factories\\Factory->create()
#13 C:\\Users\\Domain\\Desktop\\Laravel\\inventory\\vendor\\laravel\\framework\\src\\Illuminate\\Container\\BoundMethod.php(36): Database\\Seeders\\AssetsTransactionSeeder->run()
#14 C:\\Users\\Domain\\Desktop\\Laravel\\inventory\\vendor\\laravel\\framework\\src\\Illuminate\\Container\\Util.php(43): Illuminate\\Container\\BoundMethod::Illuminate\\Container\\{closure}()
#15 C:\\Users\\Domain\\Desktop\\Laravel\\inventory\\vendor\\laravel\\framework\\src\\Illuminate\\Container\\BoundMethod.php(96): Illuminate\\Container\\Util::unwrapIfClosure(Object(Closure))
#16 C:\\Users\\Domain\\Desktop\\Laravel\\inventory\\vendor\\laravel\\framework\\src\\Illuminate\\Container\\BoundMethod.php(35): Illuminate\\Container\\BoundMethod::callBoundMethod(Object(Illuminate\\Foundation\\Application), Array, Object(Closure))
#17 C:\\Users\\Domain\\Desktop\\Laravel\\inventory\\vendor\\laravel\\framework\\src\\Illuminate\\Container\\Container.php(754): Illuminate\\Container\\BoundMethod::call(Object(Illuminate\\Foundation\\Application), Array, Array, NULL)
#18 C:\\Users\\Domain\\Desktop\\Laravel\\inventory\\vendor\\laravel\\framework\\src\\Illuminate\\Database\\Seeder.php(188): Illuminate\\Container\\Container->call(Array, Array)
#19 C:\\Users\\Domain\\Desktop\\Laravel\\inventory\\vendor\\laravel\\framework\\src\\Illuminate\\Database\\Seeder.php(197): Illuminate\\Database\\Seeder->Illuminate\\Database\\{closure}()
#20 C:\\Users\\Domain\\Desktop\\Laravel\\inventory\\vendor\\laravel\\framework\\src\\Illuminate\\Database\\Seeder.php(61): Illuminate\\Database\\Seeder->__invoke(Array)
#21 C:\\Users\\Domain\\Desktop\\Laravel\\inventory\\database\\seeders\\DatabaseSeeder.php(28): Illuminate\\Database\\Seeder->call('Database\\\\Seeder...')
#22 C:\\Users\\Domain\\Desktop\\Laravel\\inventory\\vendor\\laravel\\framework\\src\\Illuminate\\Container\\BoundMethod.php(36): Database\\Seeders\\DatabaseSeeder->run()
#23 C:\\Users\\Domain\\Desktop\\Laravel\\inventory\\vendor\\laravel\\framework\\src\\Illuminate\\Container\\Util.php(43): Illuminate\\Container\\BoundMethod::Illuminate\\Container\\{closure}()
#24 C:\\Users\\Domain\\Desktop\\Laravel\\inventory\\vendor\\laravel\\framework\\src\\Illuminate\\Container\\BoundMethod.php(96): Illuminate\\Container\\Util::unwrapIfClosure(Object(Closure))
#25 C:\\Users\\Domain\\Desktop\\Laravel\\inventory\\vendor\\laravel\\framework\\src\\Illuminate\\Container\\BoundMethod.php(35): Illuminate\\Container\\BoundMethod::callBoundMethod(Object(Illuminate\\Foundation\\Application), Array, Object(Closure))
#26 C:\\Users\\Domain\\Desktop\\Laravel\\inventory\\vendor\\laravel\\framework\\src\\Illuminate\\Container\\Container.php(754): Illuminate\\Container\\BoundMethod::call(Object(Illuminate\\Foundation\\Application), Array, Array, NULL)
#27 C:\\Users\\Domain\\Desktop\\Laravel\\inventory\\vendor\\laravel\\framework\\src\\Illuminate\\Database\\Seeder.php(188): Illuminate\\Container\\Container->call(Array, Array)
#28 C:\\Users\\Domain\\Desktop\\Laravel\\inventory\\vendor\\laravel\\framework\\src\\Illuminate\\Database\\Seeder.php(197): Illuminate\\Database\\Seeder->Illuminate\\Database\\{closure}()
#29 C:\\Users\\Domain\\Desktop\\Laravel\\inventory\\vendor\\laravel\\framework\\src\\Illuminate\\Database\\Console\\Seeds\\SeedCommand.php(71): Illuminate\\Database\\Seeder->__invoke()
#30 C:\\Users\\Domain\\Desktop\\Laravel\\inventory\\vendor\\laravel\\framework\\src\\Illuminate\\Database\\Eloquent\\Concerns\\GuardsAttributes.php(155): Illuminate\\Database\\Console\\Seeds\\SeedCommand->Illuminate\\Database\\Console\\Seeds\\{closure}()
#31 C:\\Users\\Domain\\Desktop\\Laravel\\inventory\\vendor\\laravel\\framework\\src\\Illuminate\\Database\\Console\\Seeds\\SeedCommand.php(70): Illuminate\\Database\\Eloquent\\Model::unguarded(Object(Closure))
#32 C:\\Users\\Domain\\Desktop\\Laravel\\inventory\\vendor\\laravel\\framework\\src\\Illuminate\\Container\\BoundMethod.php(36): Illuminate\\Database\\Console\\Seeds\\SeedCommand->handle()
#33 C:\\Users\\Domain\\Desktop\\Laravel\\inventory\\vendor\\laravel\\framework\\src\\Illuminate\\Container\\Util.php(43): Illuminate\\Container\\BoundMethod::Illuminate\\Container\\{closure}()
#34 C:\\Users\\Domain\\Desktop\\Laravel\\inventory\\vendor\\laravel\\framework\\src\\Illuminate\\Container\\BoundMethod.php(96): Illuminate\\Container\\Util::unwrapIfClosure(Object(Closure))
#35 C:\\Users\\Domain\\Desktop\\Laravel\\inventory\\vendor\\laravel\\framework\\src\\Illuminate\\Container\\BoundMethod.php(35): Illuminate\\Container\\BoundMethod::callBoundMethod(Object(Illuminate\\Foundation\\Application), Array, Object(Closure))
#36 C:\\Users\\Domain\\Desktop\\Laravel\\inventory\\vendor\\laravel\\framework\\src\\Illuminate\\Container\\Container.php(754): Illuminate\\Container\\BoundMethod::call(Object(Illuminate\\Foundation\\Application), Array, Array, NULL)
#37 C:\\Users\\Domain\\Desktop\\Laravel\\inventory\\vendor\\laravel\\framework\\src\\Illuminate\\Console\\Command.php(211): Illuminate\\Container\\Container->call(Array)
#38 C:\\Users\\Domain\\Desktop\\Laravel\\inventory\\vendor\\symfony\\console\\Command\\Command.php(279): Illuminate\\Console\\Command->execute(Object(Symfony\\Component\\Console\\Input\\ArrayInput), Object(Illuminate\\Console\\OutputStyle))
#39 C:\\Users\\Domain\\Desktop\\Laravel\\inventory\\vendor\\laravel\\framework\\src\\Illuminate\\Console\\Command.php(180): Symfony\\Component\\Console\\Command\\Command->run(Object(Symfony\\Component\\Console\\Input\\ArrayInput), Object(Illuminate\\Console\\OutputStyle))
#40 C:\\Users\\Domain\\Desktop\\Laravel\\inventory\\vendor\\laravel\\framework\\src\\Illuminate\\Console\\Concerns\\CallsCommands.php(68): Illuminate\\Console\\Command->run(Object(Symfony\\Component\\Console\\Input\\ArrayInput), Object(Illuminate\\Console\\OutputStyle))
#41 C:\\Users\\Domain\\Desktop\\Laravel\\inventory\\vendor\\laravel\\framework\\src\\Illuminate\\Console\\Concerns\\CallsCommands.php(29): Illuminate\\Console\\Command->runCommand('db:seed', Array, Object(Illuminate\\Console\\OutputStyle))
#42 C:\\Users\\Domain\\Desktop\\Laravel\\inventory\\vendor\\laravel\\framework\\src\\Illuminate\\Database\\Console\\Migrations\\FreshCommand.php(121): Illuminate\\Console\\Command->call('db:seed', Array)
#43 C:\\Users\\Domain\\Desktop\\Laravel\\inventory\\vendor\\laravel\\framework\\src\\Illuminate\\Database\\Console\\Migrations\\FreshCommand.php(97): Illuminate\\Database\\Console\\Migrations\\FreshCommand->runSeeder(NULL)
#44 C:\\Users\\Domain\\Desktop\\Laravel\\inventory\\vendor\\laravel\\framework\\src\\Illuminate\\Container\\BoundMethod.php(36): Illuminate\\Database\\Console\\Migrations\\FreshCommand->handle()
#45 C:\\Users\\Domain\\Desktop\\Laravel\\inventory\\vendor\\laravel\\framework\\src\\Illuminate\\Container\\Util.php(43): Illuminate\\Container\\BoundMethod::Illuminate\\Container\\{closure}()
#46 C:\\Users\\Domain\\Desktop\\Laravel\\inventory\\vendor\\laravel\\framework\\src\\Illuminate\\Container\\BoundMethod.php(96): Illuminate\\Container\\Util::unwrapIfClosure(Object(Closure))
#47 C:\\Users\\Domain\\Desktop\\Laravel\\inventory\\vendor\\laravel\\framework\\src\\Illuminate\\Container\\BoundMethod.php(35): Illuminate\\Container\\BoundMethod::callBoundMethod(Object(Illuminate\\Foundation\\Application), Array, Object(Closure))
#48 C:\\Users\\Domain\\Desktop\\Laravel\\inventory\\vendor\\laravel\\framework\\src\\Illuminate\\Container\\Container.php(754): Illuminate\\Container\\BoundMethod::call(Object(Illuminate\\Foundation\\Application), Array, Array, NULL)
#49 C:\\Users\\Domain\\Desktop\\Laravel\\inventory\\vendor\\laravel\\framework\\src\\Illuminate\\Console\\Command.php(211): Illuminate\\Container\\Container->call(Array)
#50 C:\\Users\\Domain\\Desktop\\Laravel\\inventory\\vendor\\symfony\\console\\Command\\Command.php(279): Illuminate\\Console\\Command->execute(Object(Symfony\\Component\\Console\\Input\\ArgvInput), Object(Illuminate\\Console\\OutputStyle))
#51 C:\\Users\\Domain\\Desktop\\Laravel\\inventory\\vendor\\laravel\\framework\\src\\Illuminate\\Console\\Command.php(180): Symfony\\Component\\Console\\Command\\Command->run(Object(Symfony\\Component\\Console\\Input\\ArgvInput), Object(Illuminate\\Console\\OutputStyle))
#52 C:\\Users\\Domain\\Desktop\\Laravel\\inventory\\vendor\\symfony\\console\\Application.php(1094): Illuminate\\Console\\Command->run(Object(Symfony\\Component\\Console\\Input\\ArgvInput), Object(Symfony\\Component\\Console\\Output\\ConsoleOutput))
#53 C:\\Users\\Domain\\Desktop\\Laravel\\inventory\\vendor\\symfony\\console\\Application.php(342): Symfony\\Component\\Console\\Application->doRunCommand(Object(Illuminate\\Database\\Console\\Migrations\\FreshCommand), Object(Symfony\\Component\\Console\\Input\\ArgvInput), Object(Symfony\\Component\\Console\\Output\\ConsoleOutput))
#54 C:\\Users\\Domain\\Desktop\\Laravel\\inventory\\vendor\\symfony\\console\\Application.php(193): Symfony\\Component\\Console\\Application->doRun(Object(Symfony\\Component\\Console\\Input\\ArgvInput), Object(Symfony\\Component\\Console\\Output\\ConsoleOutput))
#55 C:\\Users\\Domain\\Desktop\\Laravel\\inventory\\vendor\\laravel\\framework\\src\\Illuminate\\Foundation\\Console\\Kernel.php(197): Symfony\\Component\\Console\\Application->run(Object(Symfony\\Component\\Console\\Input\\ArgvInput), Object(Symfony\\Component\\Console\\Output\\ConsoleOutput))
#56 C:\\Users\\Domain\\Desktop\\Laravel\\inventory\\vendor\\laravel\\framework\\src\\Illuminate\\Foundation\\Application.php(1234): Illuminate\\Foundation\\Console\\Kernel->handle(Object(Symfony\\Component\\Console\\Input\\ArgvInput), Object(Symfony\\Component\\Console\\Output\\ConsoleOutput))
#57 C:\\Users\\Domain\\Desktop\\Laravel\\inventory\\artisan(16): Illuminate\\Foundation\\Application->handleCommand(Object(Symfony\\Component\\Console\\Input\\ArgvInput))
#58 {main}

[previous exception] [object] (PDOException(code: 42S22): SQLSTATE[42S22]: Column not found: 1054 Unknown column 'assets_shipping_option_id' in 'INSERT INTO' at C:\\Users\\Domain\\Desktop\\Laravel\\inventory\\vendor\\laravel\\framework\\src\\Illuminate\\Database\\MySqlConnection.php:47)
[stacktrace]
#0 C:\\Users\\Domain\\Desktop\\Laravel\\inventory\\vendor\\laravel\\framework\\src\\Illuminate\\Database\\MySqlConnection.php(47): PDO->prepare('insert into `as...')
#1 C:\\Users\\Domain\\Desktop\\Laravel\\inventory\\vendor\\laravel\\framework\\src\\Illuminate\\Database\\Connection.php(809): Illuminate\\Database\\MySqlConnection->Illuminate\\Database\\{closure}('insert into `as...', Array)
#2 C:\\Users\\Domain\\Desktop\\Laravel\\inventory\\vendor\\laravel\\framework\\src\\Illuminate\\Database\\Connection.php(776): Illuminate\\Database\\Connection->runQueryCallback('insert into `as...', Array, Object(Closure))
#3 C:\\Users\\Domain\\Desktop\\Laravel\\inventory\\vendor\\laravel\\framework\\src\\Illuminate\\Database\\MySqlConnection.php(42): Illuminate\\Database\\Connection->run('insert into `as...', Array, Object(Closure))
#4 C:\\Users\\Domain\\Desktop\\Laravel\\inventory\\vendor\\laravel\\framework\\src\\Illuminate\\Database\\Query\\Processors\\MySqlProcessor.php(35): Illuminate\\Database\\MySqlConnection->insert('insert into `as...', Array, 'id')
#5 C:\\Users\\Domain\\Desktop\\Laravel\\inventory\\vendor\\laravel\\framework\\src\\Illuminate\\Database\\Query\\Builder.php(3779): Illuminate\\Database\\Query\\Processors\\MySqlProcessor->processInsertGetId(Object(Illuminate\\Database\\Query\\Builder), 'insert into `as...', Array, 'id')
#6 C:\\Users\\Domain\\Desktop\\Laravel\\inventory\\vendor\\laravel\\framework\\src\\Illuminate\\Database\\Eloquent\\Builder.php(2204): Illuminate\\Database\\Query\\Builder->insertGetId(Array, 'id')
#7 C:\\Users\\Domain\\Desktop\\Laravel\\inventory\\vendor\\laravel\\framework\\src\\Illuminate\\Database\\Eloquent\\Model.php(1408): Illuminate\\Database\\Eloquent\\Builder->__call('insertGetId', Array)
#8 C:\\Users\\Domain\\Desktop\\Laravel\\inventory\\vendor\\laravel\\framework\\src\\Illuminate\\Database\\Eloquent\\Model.php(1373): Illuminate\\Database\\Eloquent\\Model->insertAndSetId(Object(Illuminate\\Database\\Eloquent\\Builder), Array)
#9 C:\\Users\\Domain\\Desktop\\Laravel\\inventory\\vendor\\laravel\\framework\\src\\Illuminate\\Database\\Eloquent\\Model.php(1212): Illuminate\\Database\\Eloquent\\Model->performInsert(Object(Illuminate\\Database\\Eloquent\\Builder))
#10 C:\\Users\\Domain\\Desktop\\Laravel\\inventory\\vendor\\laravel\\framework\\src\\Illuminate\\Database\\Eloquent\\Factories\\Factory.php(351): Illuminate\\Database\\Eloquent\\Model->save()
#11 C:\\Users\\Domain\\Desktop\\Laravel\\inventory\\vendor\\laravel\\framework\\src\\Illuminate\\Collections\\Traits\\EnumeratesValues.php(274): Illuminate\\Database\\Eloquent\\Factories\\Factory->Illuminate\\Database\\Eloquent\\Factories\\{closure}(Object(App\\Models\\AssetsTransaction), 0)
#12 C:\\Users\\Domain\\Desktop\\Laravel\\inventory\\vendor\\laravel\\framework\\src\\Illuminate\\Database\\Eloquent\\Factories\\Factory.php(346): Illuminate\\Support\\Collection->each(Object(Closure))
#13 C:\\Users\\Domain\\Desktop\\Laravel\\inventory\\vendor\\laravel\\framework\\src\\Illuminate\\Database\\Eloquent\\Factories\\Factory.php(306): Illuminate\\Database\\Eloquent\\Factories\\Factory->store(Object(Illuminate\\Database\\Eloquent\\Collection))
#14 C:\\Users\\Domain\\Desktop\\Laravel\\inventory\\database\\seeders\\AssetsTransactionSeeder.php(18): Illuminate\\Database\\Eloquent\\Factories\\Factory->create()
#15 C:\\Users\\Domain\\Desktop\\Laravel\\inventory\\vendor\\laravel\\framework\\src\\Illuminate\\Container\\BoundMethod.php(36): Database\\Seeders\\AssetsTransactionSeeder->run()
#16 C:\\Users\\Domain\\Desktop\\Laravel\\inventory\\vendor\\laravel\\framework\\src\\Illuminate\\Container\\Util.php(43): Illuminate\\Container\\BoundMethod::Illuminate\\Container\\{closure}()
#17 C:\\Users\\Domain\\Desktop\\Laravel\\inventory\\vendor\\laravel\\framework\\src\\Illuminate\\Container\\BoundMethod.php(96): Illuminate\\Container\\Util::unwrapIfClosure(Object(Closure))
#18 C:\\Users\\Domain\\Desktop\\Laravel\\inventory\\vendor\\laravel\\framework\\src\\Illuminate\\Container\\BoundMethod.php(35): Illuminate\\Container\\BoundMethod::callBoundMethod(Object(Illuminate\\Foundation\\Application), Array, Object(Closure))
#19 C:\\Users\\Domain\\Desktop\\Laravel\\inventory\\vendor\\laravel\\framework\\src\\Illuminate\\Container\\Container.php(754): Illuminate\\Container\\BoundMethod::call(Object(Illuminate\\Foundation\\Application), Array, Array, NULL)
#20 C:\\Users\\Domain\\Desktop\\Laravel\\inventory\\vendor\\laravel\\framework\\src\\Illuminate\\Database\\Seeder.php(188): Illuminate\\Container\\Container->call(Array, Array)
#21 C:\\Users\\Domain\\Desktop\\Laravel\\inventory\\vendor\\laravel\\framework\\src\\Illuminate\\Database\\Seeder.php(197): Illuminate\\Database\\Seeder->Illuminate\\Database\\{closure}()
#22 C:\\Users\\Domain\\Desktop\\Laravel\\inventory\\vendor\\laravel\\framework\\src\\Illuminate\\Database\\Seeder.php(61): Illuminate\\Database\\Seeder->__invoke(Array)
#23 C:\\Users\\Domain\\Desktop\\Laravel\\inventory\\database\\seeders\\DatabaseSeeder.php(28): Illuminate\\Database\\Seeder->call('Database\\\\Seeder...')
#24 C:\\Users\\Domain\\Desktop\\Laravel\\inventory\\vendor\\laravel\\framework\\src\\Illuminate\\Container\\BoundMethod.php(36): Database\\Seeders\\DatabaseSeeder->run()
#25 C:\\Users\\Domain\\Desktop\\Laravel\\inventory\\vendor\\laravel\\framework\\src\\Illuminate\\Container\\Util.php(43): Illuminate\\Container\\BoundMethod::Illuminate\\Container\\{closure}()
#26 C:\\Users\\Domain\\Desktop\\Laravel\\inventory\\vendor\\laravel\\framework\\src\\Illuminate\\Container\\BoundMethod.php(96): Illuminate\\Container\\Util::unwrapIfClosure(Object(Closure))
#27 C:\\Users\\Domain\\Desktop\\Laravel\\inventory\\vendor\\laravel\\framework\\src\\Illuminate\\Container\\BoundMethod.php(35): Illuminate\\Container\\BoundMethod::callBoundMethod(Object(Illuminate\\Foundation\\Application), Array, Object(Closure))
#28 C:\\Users\\Domain\\Desktop\\Laravel\\inventory\\vendor\\laravel\\framework\\src\\Illuminate\\Container\\Container.php(754): Illuminate\\Container\\BoundMethod::call(Object(Illuminate\\Foundation\\Application), Array, Array, NULL)
#29 C:\\Users\\Domain\\Desktop\\Laravel\\inventory\\vendor\\laravel\\framework\\src\\Illuminate\\Database\\Seeder.php(188): Illuminate\\Container\\Container->call(Array, Array)
#30 C:\\Users\\Domain\\Desktop\\Laravel\\inventory\\vendor\\laravel\\framework\\src\\Illuminate\\Database\\Seeder.php(197): Illuminate\\Database\\Seeder->Illuminate\\Database\\{closure}()
#31 C:\\Users\\Domain\\Desktop\\Laravel\\inventory\\vendor\\laravel\\framework\\src\\Illuminate\\Database\\Console\\Seeds\\SeedCommand.php(71): Illuminate\\Database\\Seeder->__invoke()
#32 C:\\Users\\Domain\\Desktop\\Laravel\\inventory\\vendor\\laravel\\framework\\src\\Illuminate\\Database\\Eloquent\\Concerns\\GuardsAttributes.php(155): Illuminate\\Database\\Console\\Seeds\\SeedCommand->Illuminate\\Database\\Console\\Seeds\\{closure}()
#33 C:\\Users\\Domain\\Desktop\\Laravel\\inventory\\vendor\\laravel\\framework\\src\\Illuminate\\Database\\Console\\Seeds\\SeedCommand.php(70): Illuminate\\Database\\Eloquent\\Model::unguarded(Object(Closure))
#34 C:\\Users\\Domain\\Desktop\\Laravel\\inventory\\vendor\\laravel\\framework\\src\\Illuminate\\Container\\BoundMethod.php(36): Illuminate\\Database\\Console\\Seeds\\SeedCommand->handle()
#35 C:\\Users\\Domain\\Desktop\\Laravel\\inventory\\vendor\\laravel\\framework\\src\\Illuminate\\Container\\Util.php(43): Illuminate\\Container\\BoundMethod::Illuminate\\Container\\{closure}()
#36 C:\\Users\\Domain\\Desktop\\Laravel\\inventory\\vendor\\laravel\\framework\\src\\Illuminate\\Container\\BoundMethod.php(96): Illuminate\\Container\\Util::unwrapIfClosure(Object(Closure))
#37 C:\\Users\\Domain\\Desktop\\Laravel\\inventory\\vendor\\laravel\\framework\\src\\Illuminate\\Container\\BoundMethod.php(35): Illuminate\\Container\\BoundMethod::callBoundMethod(Object(Illuminate\\Foundation\\Application), Array, Object(Closure))
#38 C:\\Users\\Domain\\Desktop\\Laravel\\inventory\\vendor\\laravel\\framework\\src\\Illuminate\\Container\\Container.php(754): Illuminate\\Container\\BoundMethod::call(Object(Illuminate\\Foundation\\Application), Array, Array, NULL)
#39 C:\\Users\\Domain\\Desktop\\Laravel\\inventory\\vendor\\laravel\\framework\\src\\Illuminate\\Console\\Command.php(211): Illuminate\\Container\\Container->call(Array)
#40 C:\\Users\\Domain\\Desktop\\Laravel\\inventory\\vendor\\symfony\\console\\Command\\Command.php(279): Illuminate\\Console\\Command->execute(Object(Symfony\\Component\\Console\\Input\\ArrayInput), Object(Illuminate\\Console\\OutputStyle))
#41 C:\\Users\\Domain\\Desktop\\Laravel\\inventory\\vendor\\laravel\\framework\\src\\Illuminate\\Console\\Command.php(180): Symfony\\Component\\Console\\Command\\Command->run(Object(Symfony\\Component\\Console\\Input\\ArrayInput), Object(Illuminate\\Console\\OutputStyle))
#42 C:\\Users\\Domain\\Desktop\\Laravel\\inventory\\vendor\\laravel\\framework\\src\\Illuminate\\Console\\Concerns\\CallsCommands.php(68): Illuminate\\Console\\Command->run(Object(Symfony\\Component\\Console\\Input\\ArrayInput), Object(Illuminate\\Console\\OutputStyle))
#43 C:\\Users\\Domain\\Desktop\\Laravel\\inventory\\vendor\\laravel\\framework\\src\\Illuminate\\Console\\Concerns\\CallsCommands.php(29): Illuminate\\Console\\Command->runCommand('db:seed', Array, Object(Illuminate\\Console\\OutputStyle))
#44 C:\\Users\\Domain\\Desktop\\Laravel\\inventory\\vendor\\laravel\\framework\\src\\Illuminate\\Database\\Console\\Migrations\\FreshCommand.php(121): Illuminate\\Console\\Command->call('db:seed', Array)
#45 C:\\Users\\Domain\\Desktop\\Laravel\\inventory\\vendor\\laravel\\framework\\src\\Illuminate\\Database\\Console\\Migrations\\FreshCommand.php(97): Illuminate\\Database\\Console\\Migrations\\FreshCommand->runSeeder(NULL)
#46 C:\\Users\\Domain\\Desktop\\Laravel\\inventory\\vendor\\laravel\\framework\\src\\Illuminate\\Container\\BoundMethod.php(36): Illuminate\\Database\\Console\\Migrations\\FreshCommand->handle()
#47 C:\\Users\\Domain\\Desktop\\Laravel\\inventory\\vendor\\laravel\\framework\\src\\Illuminate\\Container\\Util.php(43): Illuminate\\Container\\BoundMethod::Illuminate\\Container\\{closure}()
#48 C:\\Users\\Domain\\Desktop\\Laravel\\inventory\\vendor\\laravel\\framework\\src\\Illuminate\\Container\\BoundMethod.php(96): Illuminate\\Container\\Util::unwrapIfClosure(Object(Closure))
#49 C:\\Users\\Domain\\Desktop\\Laravel\\inventory\\vendor\\laravel\\framework\\src\\Illuminate\\Container\\BoundMethod.php(35): Illuminate\\Container\\BoundMethod::callBoundMethod(Object(Illuminate\\Foundation\\Application), Array, Object(Closure))
#50 C:\\Users\\Domain\\Desktop\\Laravel\\inventory\\vendor\\laravel\\framework\\src\\Illuminate\\Container\\Container.php(754): Illuminate\\Container\\BoundMethod::call(Object(Illuminate\\Foundation\\Application), Array, Array, NULL)
#51 C:\\Users\\Domain\\Desktop\\Laravel\\inventory\\vendor\\laravel\\framework\\src\\Illuminate\\Console\\Command.php(211): Illuminate\\Container\\Container->call(Array)
#52 C:\\Users\\Domain\\Desktop\\Laravel\\inventory\\vendor\\symfony\\console\\Command\\Command.php(279): Illuminate\\Console\\Command->execute(Object(Symfony\\Component\\Console\\Input\\ArgvInput), Object(Illuminate\\Console\\OutputStyle))
#53 C:\\Users\\Domain\\Desktop\\Laravel\\inventory\\vendor\\laravel\\framework\\src\\Illuminate\\Console\\Command.php(180): Symfony\\Component\\Console\\Command\\Command->run(Object(Symfony\\Component\\Console\\Input\\ArgvInput), Object(Illuminate\\Console\\OutputStyle))
#54 C:\\Users\\Domain\\Desktop\\Laravel\\inventory\\vendor\\symfony\\console\\Application.php(1094): Illuminate\\Console\\Command->run(Object(Symfony\\Component\\Console\\Input\\ArgvInput), Object(Symfony\\Component\\Console\\Output\\ConsoleOutput))
#55 C:\\Users\\Domain\\Desktop\\Laravel\\inventory\\vendor\\symfony\\console\\Application.php(342): Symfony\\Component\\Console\\Application->doRunCommand(Object(Illuminate\\Database\\Console\\Migrations\\FreshCommand), Object(Symfony\\Component\\Console\\Input\\ArgvInput), Object(Symfony\\Component\\Console\\Output\\ConsoleOutput))
#56 C:\\Users\\Domain\\Desktop\\Laravel\\inventory\\vendor\\symfony\\console\\Application.php(193): Symfony\\Component\\Console\\Application->doRun(Object(Symfony\\Component\\Console\\Input\\ArgvInput), Object(Symfony\\Component\\Console\\Output\\ConsoleOutput))
#57 C:\\Users\\Domain\\Desktop\\Laravel\\inventory\\vendor\\laravel\\framework\\src\\Illuminate\\Foundation\\Console\\Kernel.php(197): Symfony\\Component\\Console\\Application->run(Object(Symfony\\Component\\Console\\Input\\ArgvInput), Object(Symfony\\Component\\Console\\Output\\ConsoleOutput))
#58 C:\\Users\\Domain\\Desktop\\Laravel\\inventory\\vendor\\laravel\\framework\\src\\Illuminate\\Foundation\\Application.php(1234): Illuminate\\Foundation\\Console\\Kernel->handle(Object(Symfony\\Component\\Console\\Input\\ArgvInput), Object(Symfony\\Component\\Console\\Output\\ConsoleOutput))
#59 C:\\Users\\Domain\\Desktop\\Laravel\\inventory\\artisan(16): Illuminate\\Foundation\\Application->handleCommand(Object(Symfony\\Component\\Console\\Input\\ArgvInput))
#60 {main}
"} 
[2025-05-10 09:18:52] local.ERROR: Too many arguments to "make:observer" command, expected arguments "name". {"exception":"[object] (Symfony\\Component\\Console\\Exception\\RuntimeException(code: 0): Too many arguments to \"make:observer\" command, expected arguments \"name\". at C:\\Users\\Domain\\Desktop\\Laravel\\inventory\\vendor\\symfony\\console\\Input\\ArgvInput.php:199)
[stacktrace]
#0 C:\\Users\\Domain\\Desktop\\Laravel\\inventory\\vendor\\symfony\\console\\Input\\ArgvInput.php(92): Symfony\\Component\\Console\\Input\\ArgvInput->parseArgument('artisan')
#1 C:\\Users\\Domain\\Desktop\\Laravel\\inventory\\vendor\\symfony\\console\\Input\\ArgvInput.php(77): Symfony\\Component\\Console\\Input\\ArgvInput->parseToken('artisan', true)
#2 C:\\Users\\Domain\\Desktop\\Laravel\\inventory\\vendor\\symfony\\console\\Input\\Input.php(53): Symfony\\Component\\Console\\Input\\ArgvInput->parse()
#3 C:\\Users\\Domain\\Desktop\\Laravel\\inventory\\vendor\\symfony\\console\\Command\\Command.php(238): Symfony\\Component\\Console\\Input\\Input->bind(Object(Symfony\\Component\\Console\\Input\\InputDefinition))
#4 C:\\Users\\Domain\\Desktop\\Laravel\\inventory\\vendor\\laravel\\framework\\src\\Illuminate\\Console\\Command.php(180): Symfony\\Component\\Console\\Command\\Command->run(Object(Symfony\\Component\\Console\\Input\\ArgvInput), Object(Illuminate\\Console\\OutputStyle))
#5 C:\\Users\\Domain\\Desktop\\Laravel\\inventory\\vendor\\symfony\\console\\Application.php(1094): Illuminate\\Console\\Command->run(Object(Symfony\\Component\\Console\\Input\\ArgvInput), Object(Symfony\\Component\\Console\\Output\\ConsoleOutput))
#6 C:\\Users\\Domain\\Desktop\\Laravel\\inventory\\vendor\\symfony\\console\\Application.php(342): Symfony\\Component\\Console\\Application->doRunCommand(Object(Illuminate\\Foundation\\Console\\ObserverMakeCommand), Object(Symfony\\Component\\Console\\Input\\ArgvInput), Object(Symfony\\Component\\Console\\Output\\ConsoleOutput))
#7 C:\\Users\\Domain\\Desktop\\Laravel\\inventory\\vendor\\symfony\\console\\Application.php(193): Symfony\\Component\\Console\\Application->doRun(Object(Symfony\\Component\\Console\\Input\\ArgvInput), Object(Symfony\\Component\\Console\\Output\\ConsoleOutput))
#8 C:\\Users\\Domain\\Desktop\\Laravel\\inventory\\vendor\\laravel\\framework\\src\\Illuminate\\Foundation\\Console\\Kernel.php(197): Symfony\\Component\\Console\\Application->run(Object(Symfony\\Component\\Console\\Input\\ArgvInput), Object(Symfony\\Component\\Console\\Output\\ConsoleOutput))
#9 C:\\Users\\Domain\\Desktop\\Laravel\\inventory\\vendor\\laravel\\framework\\src\\Illuminate\\Foundation\\Application.php(1234): Illuminate\\Foundation\\Console\\Kernel->handle(Object(Symfony\\Component\\Console\\Input\\ArgvInput), Object(Symfony\\Component\\Console\\Output\\ConsoleOutput))
#10 C:\\Users\\Domain\\Desktop\\Laravel\\inventory\\artisan(16): Illuminate\\Foundation\\Application->handleCommand(Object(Symfony\\Component\\Console\\Input\\ArgvInput))
#11 {main}
"} 
[2025-05-10 09:20:34] local.ERROR: Class "App\Providers\AssetsTransactionPurpose" not found {"exception":"[object] (Error(code: 0): Class \"App\\Providers\\AssetsTransactionPurpose\" not found at C:\\Users\\Domain\\Desktop\\Laravel\\inventory\\app\\Providers\\AppServiceProvider.php:45)
[stacktrace]
#0 C:\\Users\\Domain\\Desktop\\Laravel\\inventory\\vendor\\laravel\\framework\\src\\Illuminate\\Container\\BoundMethod.php(36): App\\Providers\\AppServiceProvider->boot()
#1 C:\\Users\\Domain\\Desktop\\Laravel\\inventory\\vendor\\laravel\\framework\\src\\Illuminate\\Container\\Util.php(43): Illuminate\\Container\\BoundMethod::Illuminate\\Container\\{closure}()
#2 C:\\Users\\Domain\\Desktop\\Laravel\\inventory\\vendor\\laravel\\framework\\src\\Illuminate\\Container\\BoundMethod.php(96): Illuminate\\Container\\Util::unwrapIfClosure(Object(Closure))
#3 C:\\Users\\Domain\\Desktop\\Laravel\\inventory\\vendor\\laravel\\framework\\src\\Illuminate\\Container\\BoundMethod.php(35): Illuminate\\Container\\BoundMethod::callBoundMethod(Object(Illuminate\\Foundation\\Application), Array, Object(Closure))
#4 C:\\Users\\Domain\\Desktop\\Laravel\\inventory\\vendor\\laravel\\framework\\src\\Illuminate\\Container\\Container.php(754): Illuminate\\Container\\BoundMethod::call(Object(Illuminate\\Foundation\\Application), Array, Array, NULL)
#5 C:\\Users\\Domain\\Desktop\\Laravel\\inventory\\vendor\\laravel\\framework\\src\\Illuminate\\Foundation\\Application.php(1150): Illuminate\\Container\\Container->call(Array)
#6 C:\\Users\\Domain\\Desktop\\Laravel\\inventory\\vendor\\laravel\\framework\\src\\Illuminate\\Foundation\\Application.php(1131): Illuminate\\Foundation\\Application->bootProvider(Object(App\\Providers\\AppServiceProvider))
#7 [internal function]: Illuminate\\Foundation\\Application->Illuminate\\Foundation\\{closure}(Object(App\\Providers\\AppServiceProvider), 'App\\\\Providers\\\\A...')
#8 C:\\Users\\Domain\\Desktop\\Laravel\\inventory\\vendor\\laravel\\framework\\src\\Illuminate\\Foundation\\Application.php(1130): array_walk(Array, Object(Closure))
#9 C:\\Users\\Domain\\Desktop\\Laravel\\inventory\\vendor\\laravel\\framework\\src\\Illuminate\\Foundation\\Bootstrap\\BootProviders.php(17): Illuminate\\Foundation\\Application->boot()
#10 C:\\Users\\Domain\\Desktop\\Laravel\\inventory\\vendor\\laravel\\framework\\src\\Illuminate\\Foundation\\Application.php(341): Illuminate\\Foundation\\Bootstrap\\BootProviders->bootstrap(Object(Illuminate\\Foundation\\Application))
#11 C:\\Users\\Domain\\Desktop\\Laravel\\inventory\\vendor\\laravel\\framework\\src\\Illuminate\\Foundation\\Console\\Kernel.php(473): Illuminate\\Foundation\\Application->bootstrapWith(Array)
#12 C:\\Users\\Domain\\Desktop\\Laravel\\inventory\\vendor\\laravel\\framework\\src\\Illuminate\\Foundation\\Console\\Kernel.php(195): Illuminate\\Foundation\\Console\\Kernel->bootstrap()
#13 Command line code(1): Illuminate\\Foundation\\Console\\Kernel->handle(Object(Symfony\\Component\\Console\\Input\\ArgvInput), Object(Symfony\\Component\\Console\\Output\\ConsoleOutput))
#14 {main}
"} 
[2025-05-10 09:20:34] local.ERROR: Class "App\Providers\AssetsTransactionPurpose" not found {"exception":"[object] (Error(code: 0): Class \"App\\Providers\\AssetsTransactionPurpose\" not found at C:\\Users\\Domain\\Desktop\\Laravel\\inventory\\app\\Providers\\AppServiceProvider.php:45)
[stacktrace]
#0 C:\\Users\\Domain\\Desktop\\Laravel\\inventory\\vendor\\laravel\\framework\\src\\Illuminate\\Container\\BoundMethod.php(36): App\\Providers\\AppServiceProvider->boot()
#1 C:\\Users\\Domain\\Desktop\\Laravel\\inventory\\vendor\\laravel\\framework\\src\\Illuminate\\Container\\Util.php(43): Illuminate\\Container\\BoundMethod::Illuminate\\Container\\{closure}()
#2 C:\\Users\\Domain\\Desktop\\Laravel\\inventory\\vendor\\laravel\\framework\\src\\Illuminate\\Container\\BoundMethod.php(96): Illuminate\\Container\\Util::unwrapIfClosure(Object(Closure))
#3 C:\\Users\\Domain\\Desktop\\Laravel\\inventory\\vendor\\laravel\\framework\\src\\Illuminate\\Container\\BoundMethod.php(35): Illuminate\\Container\\BoundMethod::callBoundMethod(Object(Illuminate\\Foundation\\Application), Array, Object(Closure))
#4 C:\\Users\\Domain\\Desktop\\Laravel\\inventory\\vendor\\laravel\\framework\\src\\Illuminate\\Container\\Container.php(754): Illuminate\\Container\\BoundMethod::call(Object(Illuminate\\Foundation\\Application), Array, Array, NULL)
#5 C:\\Users\\Domain\\Desktop\\Laravel\\inventory\\vendor\\laravel\\framework\\src\\Illuminate\\Foundation\\Application.php(1150): Illuminate\\Container\\Container->call(Array)
#6 C:\\Users\\Domain\\Desktop\\Laravel\\inventory\\vendor\\laravel\\framework\\src\\Illuminate\\Foundation\\Application.php(1131): Illuminate\\Foundation\\Application->bootProvider(Object(App\\Providers\\AppServiceProvider))
#7 [internal function]: Illuminate\\Foundation\\Application->Illuminate\\Foundation\\{closure}(Object(App\\Providers\\AppServiceProvider), 'App\\\\Providers\\\\A...')
#8 C:\\Users\\Domain\\Desktop\\Laravel\\inventory\\vendor\\laravel\\framework\\src\\Illuminate\\Foundation\\Application.php(1130): array_walk(Array, Object(Closure))
#9 C:\\Users\\Domain\\Desktop\\Laravel\\inventory\\vendor\\laravel\\framework\\src\\Illuminate\\Foundation\\Bootstrap\\BootProviders.php(17): Illuminate\\Foundation\\Application->boot()
#10 C:\\Users\\Domain\\Desktop\\Laravel\\inventory\\vendor\\laravel\\framework\\src\\Illuminate\\Foundation\\Application.php(341): Illuminate\\Foundation\\Bootstrap\\BootProviders->bootstrap(Object(Illuminate\\Foundation\\Application))
#11 C:\\Users\\Domain\\Desktop\\Laravel\\inventory\\vendor\\laravel\\framework\\src\\Illuminate\\Foundation\\Console\\Kernel.php(473): Illuminate\\Foundation\\Application->bootstrapWith(Array)
#12 C:\\Users\\Domain\\Desktop\\Laravel\\inventory\\vendor\\laravel\\framework\\src\\Illuminate\\Foundation\\Console\\Kernel.php(195): Illuminate\\Foundation\\Console\\Kernel->bootstrap()
#13 Command line code(1): Illuminate\\Foundation\\Console\\Kernel->handle(Object(Symfony\\Component\\Console\\Input\\ArgvInput), Object(Symfony\\Component\\Console\\Output\\ConsoleOutput))
#14 {main}
"} 
[2025-05-13 09:10:32] local.ERROR: Not enough arguments (missing: "key"). {"exception":"[object] (Symfony\\Component\\Console\\Exception\\RuntimeException(code: 0): Not enough arguments (missing: \"key\"). at C:\\Users\\Domain\\Desktop\\Laravel\\inventory\\vendor\\symfony\\console\\Input\\Input.php:69)
[stacktrace]
#0 C:\\Users\\Domain\\Desktop\\Laravel\\inventory\\vendor\\symfony\\console\\Command\\Command.php(274): Symfony\\Component\\Console\\Input\\Input->validate()
#1 C:\\Users\\Domain\\Desktop\\Laravel\\inventory\\vendor\\laravel\\framework\\src\\Illuminate\\Console\\Command.php(180): Symfony\\Component\\Console\\Command\\Command->run(Object(Symfony\\Component\\Console\\Input\\ArgvInput), Object(Illuminate\\Console\\OutputStyle))
#2 C:\\Users\\Domain\\Desktop\\Laravel\\inventory\\vendor\\symfony\\console\\Application.php(1094): Illuminate\\Console\\Command->run(Object(Symfony\\Component\\Console\\Input\\ArgvInput), Object(Symfony\\Component\\Console\\Output\\ConsoleOutput))
#3 C:\\Users\\Domain\\Desktop\\Laravel\\inventory\\vendor\\symfony\\console\\Application.php(342): Symfony\\Component\\Console\\Application->doRunCommand(Object(Illuminate\\Cache\\Console\\ForgetCommand), Object(Symfony\\Component\\Console\\Input\\ArgvInput), Object(Symfony\\Component\\Console\\Output\\ConsoleOutput))
#4 C:\\Users\\Domain\\Desktop\\Laravel\\inventory\\vendor\\symfony\\console\\Application.php(193): Symfony\\Component\\Console\\Application->doRun(Object(Symfony\\Component\\Console\\Input\\ArgvInput), Object(Symfony\\Component\\Console\\Output\\ConsoleOutput))
#5 C:\\Users\\Domain\\Desktop\\Laravel\\inventory\\vendor\\laravel\\framework\\src\\Illuminate\\Foundation\\Console\\Kernel.php(197): Symfony\\Component\\Console\\Application->run(Object(Symfony\\Component\\Console\\Input\\ArgvInput), Object(Symfony\\Component\\Console\\Output\\ConsoleOutput))
#6 C:\\Users\\Domain\\Desktop\\Laravel\\inventory\\vendor\\laravel\\framework\\src\\Illuminate\\Foundation\\Application.php(1234): Illuminate\\Foundation\\Console\\Kernel->handle(Object(Symfony\\Component\\Console\\Input\\ArgvInput), Object(Symfony\\Component\\Console\\Output\\ConsoleOutput))
#7 C:\\Users\\Domain\\Desktop\\Laravel\\inventory\\artisan(16): Illuminate\\Foundation\\Application->handleCommand(Object(Symfony\\Component\\Console\\Input\\ArgvInput))
#8 {main}
"} 
[2025-05-13 09:10:45] local.ERROR: Command "cache:" is ambiguous.
Did you mean one of these?
    cache:clear            Flush the application cache
    cache:forget           Remove an item from the cache
    cache:prune-stale-tags Prune stale cache tags from the cache (Redis only)
    cache:table            Create a migration for the cache database table. {"exception":"[object] (Symfony\\Component\\Console\\Exception\\CommandNotFoundException(code: 0): Command \"cache:\" is ambiguous.
Did you mean one of these?
    cache:clear            Flush the application cache
    cache:forget           Remove an item from the cache
    cache:prune-stale-tags Prune stale cache tags from the cache (Redis only)
    cache:table            Create a migration for the cache database table. at C:\\Users\\Domain\\Desktop\\Laravel\\inventory\\vendor\\symfony\\console\\Application.php:767)
[stacktrace]
#0 C:\\Users\\Domain\\Desktop\\Laravel\\inventory\\vendor\\symfony\\console\\Application.php(284): Symfony\\Component\\Console\\Application->find('cache:')
#1 C:\\Users\\Domain\\Desktop\\Laravel\\inventory\\vendor\\symfony\\console\\Application.php(193): Symfony\\Component\\Console\\Application->doRun(Object(Symfony\\Component\\Console\\Input\\ArgvInput), Object(Symfony\\Component\\Console\\Output\\ConsoleOutput))
#2 C:\\Users\\Domain\\Desktop\\Laravel\\inventory\\vendor\\laravel\\framework\\src\\Illuminate\\Foundation\\Console\\Kernel.php(197): Symfony\\Component\\Console\\Application->run(Object(Symfony\\Component\\Console\\Input\\ArgvInput), Object(Symfony\\Component\\Console\\Output\\ConsoleOutput))
#3 C:\\Users\\Domain\\Desktop\\Laravel\\inventory\\vendor\\laravel\\framework\\src\\Illuminate\\Foundation\\Application.php(1234): Illuminate\\Foundation\\Console\\Kernel->handle(Object(Symfony\\Component\\Console\\Input\\ArgvInput), Object(Symfony\\Component\\Console\\Output\\ConsoleOutput))
#4 C:\\Users\\Domain\\Desktop\\Laravel\\inventory\\artisan(16): Illuminate\\Foundation\\Application->handleCommand(Object(Symfony\\Component\\Console\\Input\\ArgvInput))
#5 {main}
"} 
[2025-05-13 09:13:43] local.ERROR: Property [id] does not exist on this collection instance. {"userId":1,"exception":"[object] (Exception(code: 0): Property [id] does not exist on this collection instance. at C:\\Users\\Domain\\Desktop\\Laravel\\inventory\\vendor\\laravel\\framework\\src\\Illuminate\\Collections\\Traits\\EnumeratesValues.php:1048)
[stacktrace]
#0 C:\\Users\\Domain\\Desktop\\Laravel\\inventory\\app\\Http\\Controllers\\Api\\AssetsBranchController.php(31): Illuminate\\Support\\Collection->__get('id')
#1 C:\\Users\\Domain\\Desktop\\Laravel\\inventory\\vendor\\laravel\\framework\\src\\Illuminate\\Routing\\ControllerDispatcher.php(46): App\\Http\\Controllers\\Api\\AssetsBranchController->index()
#2 C:\\Users\\Domain\\Desktop\\Laravel\\inventory\\vendor\\laravel\\framework\\src\\Illuminate\\Routing\\Route.php(265): Illuminate\\Routing\\ControllerDispatcher->dispatch(Object(Illuminate\\Routing\\Route), Object(App\\Http\\Controllers\\Api\\AssetsBranchController), 'index')
#3 C:\\Users\\Domain\\Desktop\\Laravel\\inventory\\vendor\\laravel\\framework\\src\\Illuminate\\Routing\\Route.php(211): Illuminate\\Routing\\Route->runController()
#4 C:\\Users\\Domain\\Desktop\\Laravel\\inventory\\vendor\\laravel\\framework\\src\\Illuminate\\Routing\\Router.php(808): Illuminate\\Routing\\Route->run()
#5 C:\\Users\\Domain\\Desktop\\Laravel\\inventory\\vendor\\laravel\\framework\\src\\Illuminate\\Pipeline\\Pipeline.php(169): Illuminate\\Routing\\Router->Illuminate\\Routing\\{closure}(Object(Illuminate\\Http\\Request))
#6 C:\\Users\\Domain\\Desktop\\Laravel\\inventory\\vendor\\laravel\\framework\\src\\Illuminate\\Routing\\Middleware\\SubstituteBindings.php(50): Illuminate\\Pipeline\\Pipeline->Illuminate\\Pipeline\\{closure}(Object(Illuminate\\Http\\Request))
#7 C:\\Users\\Domain\\Desktop\\Laravel\\inventory\\vendor\\laravel\\framework\\src\\Illuminate\\Pipeline\\Pipeline.php(208): Illuminate\\Routing\\Middleware\\SubstituteBindings->handle(Object(Illuminate\\Http\\Request), Object(Closure))
#8 C:\\Users\\Domain\\Desktop\\Laravel\\inventory\\vendor\\laravel\\framework\\src\\Illuminate\\Auth\\Middleware\\Authenticate.php(63): Illuminate\\Pipeline\\Pipeline->Illuminate\\Pipeline\\{closure}(Object(Illuminate\\Http\\Request))
#9 C:\\Users\\Domain\\Desktop\\Laravel\\inventory\\vendor\\laravel\\framework\\src\\Illuminate\\Pipeline\\Pipeline.php(208): Illuminate\\Auth\\Middleware\\Authenticate->handle(Object(Illuminate\\Http\\Request), Object(Closure), 'sanctum')
#10 C:\\Users\\Domain\\Desktop\\Laravel\\inventory\\vendor\\laravel\\framework\\src\\Illuminate\\Pipeline\\Pipeline.php(126): Illuminate\\Pipeline\\Pipeline->Illuminate\\Pipeline\\{closure}(Object(Illuminate\\Http\\Request))
#11 C:\\Users\\Domain\\Desktop\\Laravel\\inventory\\vendor\\laravel\\framework\\src\\Illuminate\\Routing\\Router.php(807): Illuminate\\Pipeline\\Pipeline->then(Object(Closure))
#12 C:\\Users\\Domain\\Desktop\\Laravel\\inventory\\vendor\\laravel\\framework\\src\\Illuminate\\Routing\\Router.php(786): Illuminate\\Routing\\Router->runRouteWithinStack(Object(Illuminate\\Routing\\Route), Object(Illuminate\\Http\\Request))
#13 C:\\Users\\Domain\\Desktop\\Laravel\\inventory\\vendor\\laravel\\framework\\src\\Illuminate\\Routing\\Router.php(750): Illuminate\\Routing\\Router->runRoute(Object(Illuminate\\Http\\Request), Object(Illuminate\\Routing\\Route))
#14 C:\\Users\\Domain\\Desktop\\Laravel\\inventory\\vendor\\laravel\\framework\\src\\Illuminate\\Routing\\Router.php(739): Illuminate\\Routing\\Router->dispatchToRoute(Object(Illuminate\\Http\\Request))
#15 C:\\Users\\Domain\\Desktop\\Laravel\\inventory\\vendor\\laravel\\framework\\src\\Illuminate\\Foundation\\Http\\Kernel.php(200): Illuminate\\Routing\\Router->dispatch(Object(Illuminate\\Http\\Request))
#16 C:\\Users\\Domain\\Desktop\\Laravel\\inventory\\vendor\\laravel\\framework\\src\\Illuminate\\Pipeline\\Pipeline.php(169): Illuminate\\Foundation\\Http\\Kernel->Illuminate\\Foundation\\Http\\{closure}(Object(Illuminate\\Http\\Request))
#17 C:\\Users\\Domain\\Desktop\\Laravel\\inventory\\vendor\\laravel\\framework\\src\\Illuminate\\Foundation\\Http\\Middleware\\TransformsRequest.php(21): Illuminate\\Pipeline\\Pipeline->Illuminate\\Pipeline\\{closure}(Object(Illuminate\\Http\\Request))
#18 C:\\Users\\Domain\\Desktop\\Laravel\\inventory\\vendor\\laravel\\framework\\src\\Illuminate\\Foundation\\Http\\Middleware\\ConvertEmptyStringsToNull.php(31): Illuminate\\Foundation\\Http\\Middleware\\TransformsRequest->handle(Object(Illuminate\\Http\\Request), Object(Closure))
#19 C:\\Users\\Domain\\Desktop\\Laravel\\inventory\\vendor\\laravel\\framework\\src\\Illuminate\\Pipeline\\Pipeline.php(208): Illuminate\\Foundation\\Http\\Middleware\\ConvertEmptyStringsToNull->handle(Object(Illuminate\\Http\\Request), Object(Closure))
#20 C:\\Users\\Domain\\Desktop\\Laravel\\inventory\\vendor\\laravel\\framework\\src\\Illuminate\\Foundation\\Http\\Middleware\\TransformsRequest.php(21): Illuminate\\Pipeline\\Pipeline->Illuminate\\Pipeline\\{closure}(Object(Illuminate\\Http\\Request))
#21 C:\\Users\\Domain\\Desktop\\Laravel\\inventory\\vendor\\laravel\\framework\\src\\Illuminate\\Foundation\\Http\\Middleware\\TrimStrings.php(51): Illuminate\\Foundation\\Http\\Middleware\\TransformsRequest->handle(Object(Illuminate\\Http\\Request), Object(Closure))
#22 C:\\Users\\Domain\\Desktop\\Laravel\\inventory\\vendor\\laravel\\framework\\src\\Illuminate\\Pipeline\\Pipeline.php(208): Illuminate\\Foundation\\Http\\Middleware\\TrimStrings->handle(Object(Illuminate\\Http\\Request), Object(Closure))
#23 C:\\Users\\Domain\\Desktop\\Laravel\\inventory\\vendor\\laravel\\framework\\src\\Illuminate\\Http\\Middleware\\ValidatePostSize.php(27): Illuminate\\Pipeline\\Pipeline->Illuminate\\Pipeline\\{closure}(Object(Illuminate\\Http\\Request))
#24 C:\\Users\\Domain\\Desktop\\Laravel\\inventory\\vendor\\laravel\\framework\\src\\Illuminate\\Pipeline\\Pipeline.php(208): Illuminate\\Http\\Middleware\\ValidatePostSize->handle(Object(Illuminate\\Http\\Request), Object(Closure))
#25 C:\\Users\\Domain\\Desktop\\Laravel\\inventory\\vendor\\laravel\\framework\\src\\Illuminate\\Foundation\\Http\\Middleware\\PreventRequestsDuringMaintenance.php(109): Illuminate\\Pipeline\\Pipeline->Illuminate\\Pipeline\\{closure}(Object(Illuminate\\Http\\Request))
#26 C:\\Users\\Domain\\Desktop\\Laravel\\inventory\\vendor\\laravel\\framework\\src\\Illuminate\\Pipeline\\Pipeline.php(208): Illuminate\\Foundation\\Http\\Middleware\\PreventRequestsDuringMaintenance->handle(Object(Illuminate\\Http\\Request), Object(Closure))
#27 C:\\Users\\Domain\\Desktop\\Laravel\\inventory\\vendor\\laravel\\framework\\src\\Illuminate\\Http\\Middleware\\HandleCors.php(61): Illuminate\\Pipeline\\Pipeline->Illuminate\\Pipeline\\{closure}(Object(Illuminate\\Http\\Request))
#28 C:\\Users\\Domain\\Desktop\\Laravel\\inventory\\vendor\\laravel\\framework\\src\\Illuminate\\Pipeline\\Pipeline.php(208): Illuminate\\Http\\Middleware\\HandleCors->handle(Object(Illuminate\\Http\\Request), Object(Closure))
#29 C:\\Users\\Domain\\Desktop\\Laravel\\inventory\\vendor\\laravel\\framework\\src\\Illuminate\\Http\\Middleware\\TrustProxies.php(58): Illuminate\\Pipeline\\Pipeline->Illuminate\\Pipeline\\{closure}(Object(Illuminate\\Http\\Request))
#30 C:\\Users\\Domain\\Desktop\\Laravel\\inventory\\vendor\\laravel\\framework\\src\\Illuminate\\Pipeline\\Pipeline.php(208): Illuminate\\Http\\Middleware\\TrustProxies->handle(Object(Illuminate\\Http\\Request), Object(Closure))
#31 C:\\Users\\Domain\\Desktop\\Laravel\\inventory\\vendor\\laravel\\framework\\src\\Illuminate\\Foundation\\Http\\Middleware\\InvokeDeferredCallbacks.php(22): Illuminate\\Pipeline\\Pipeline->Illuminate\\Pipeline\\{closure}(Object(Illuminate\\Http\\Request))
#32 C:\\Users\\Domain\\Desktop\\Laravel\\inventory\\vendor\\laravel\\framework\\src\\Illuminate\\Pipeline\\Pipeline.php(208): Illuminate\\Foundation\\Http\\Middleware\\InvokeDeferredCallbacks->handle(Object(Illuminate\\Http\\Request), Object(Closure))
#33 C:\\Users\\Domain\\Desktop\\Laravel\\inventory\\vendor\\laravel\\framework\\src\\Illuminate\\Http\\Middleware\\ValidatePathEncoding.php(26): Illuminate\\Pipeline\\Pipeline->Illuminate\\Pipeline\\{closure}(Object(Illuminate\\Http\\Request))
#34 C:\\Users\\Domain\\Desktop\\Laravel\\inventory\\vendor\\laravel\\framework\\src\\Illuminate\\Pipeline\\Pipeline.php(208): Illuminate\\Http\\Middleware\\ValidatePathEncoding->handle(Object(Illuminate\\Http\\Request), Object(Closure))
#35 C:\\Users\\Domain\\Desktop\\Laravel\\inventory\\app\\Http\\Middleware\\Cors.php(16): Illuminate\\Pipeline\\Pipeline->Illuminate\\Pipeline\\{closure}(Object(Illuminate\\Http\\Request))
#36 C:\\Users\\Domain\\Desktop\\Laravel\\inventory\\vendor\\laravel\\framework\\src\\Illuminate\\Pipeline\\Pipeline.php(208): App\\Http\\Middleware\\Cors->handle(Object(Illuminate\\Http\\Request), Object(Closure))
#37 C:\\Users\\Domain\\Desktop\\Laravel\\inventory\\vendor\\laravel\\framework\\src\\Illuminate\\Pipeline\\Pipeline.php(126): Illuminate\\Pipeline\\Pipeline->Illuminate\\Pipeline\\{closure}(Object(Illuminate\\Http\\Request))
#38 C:\\Users\\Domain\\Desktop\\Laravel\\inventory\\vendor\\laravel\\framework\\src\\Illuminate\\Foundation\\Http\\Kernel.php(175): Illuminate\\Pipeline\\Pipeline->then(Object(Closure))
#39 C:\\Users\\Domain\\Desktop\\Laravel\\inventory\\vendor\\laravel\\framework\\src\\Illuminate\\Foundation\\Http\\Kernel.php(144): Illuminate\\Foundation\\Http\\Kernel->sendRequestThroughRouter(Object(Illuminate\\Http\\Request))
#40 C:\\Users\\Domain\\Desktop\\Laravel\\inventory\\vendor\\laravel\\framework\\src\\Illuminate\\Foundation\\Application.php(1219): Illuminate\\Foundation\\Http\\Kernel->handle(Object(Illuminate\\Http\\Request))
#41 C:\\Users\\Domain\\Desktop\\Laravel\\inventory\\public\\index.php(20): Illuminate\\Foundation\\Application->handleRequest(Object(Illuminate\\Http\\Request))
#42 C:\\Users\\Domain\\Desktop\\Laravel\\inventory\\vendor\\laravel\\framework\\src\\Illuminate\\Foundation\\resources\\server.php(23): require_once('C:\\\\Users\\\\Domain...')
#43 {main}
"} 
[2025-05-13 09:15:13] local.ERROR: Property [id] does not exist on this collection instance. {"userId":1,"exception":"[object] (Exception(code: 0): Property [id] does not exist on this collection instance. at C:\\Users\\Domain\\Desktop\\Laravel\\inventory\\vendor\\laravel\\framework\\src\\Illuminate\\Collections\\Traits\\EnumeratesValues.php:1048)
[stacktrace]
#0 C:\\Users\\Domain\\Desktop\\Laravel\\inventory\\app\\Http\\Controllers\\Api\\AssetsBranchController.php(31): Illuminate\\Support\\Collection->__get('id')
#1 C:\\Users\\Domain\\Desktop\\Laravel\\inventory\\vendor\\laravel\\framework\\src\\Illuminate\\Routing\\ControllerDispatcher.php(46): App\\Http\\Controllers\\Api\\AssetsBranchController->index()
#2 C:\\Users\\Domain\\Desktop\\Laravel\\inventory\\vendor\\laravel\\framework\\src\\Illuminate\\Routing\\Route.php(265): Illuminate\\Routing\\ControllerDispatcher->dispatch(Object(Illuminate\\Routing\\Route), Object(App\\Http\\Controllers\\Api\\AssetsBranchController), 'index')
#3 C:\\Users\\Domain\\Desktop\\Laravel\\inventory\\vendor\\laravel\\framework\\src\\Illuminate\\Routing\\Route.php(211): Illuminate\\Routing\\Route->runController()
#4 C:\\Users\\Domain\\Desktop\\Laravel\\inventory\\vendor\\laravel\\framework\\src\\Illuminate\\Routing\\Router.php(808): Illuminate\\Routing\\Route->run()
#5 C:\\Users\\Domain\\Desktop\\Laravel\\inventory\\vendor\\laravel\\framework\\src\\Illuminate\\Pipeline\\Pipeline.php(169): Illuminate\\Routing\\Router->Illuminate\\Routing\\{closure}(Object(Illuminate\\Http\\Request))
#6 C:\\Users\\Domain\\Desktop\\Laravel\\inventory\\vendor\\laravel\\framework\\src\\Illuminate\\Routing\\Middleware\\SubstituteBindings.php(50): Illuminate\\Pipeline\\Pipeline->Illuminate\\Pipeline\\{closure}(Object(Illuminate\\Http\\Request))
#7 C:\\Users\\Domain\\Desktop\\Laravel\\inventory\\vendor\\laravel\\framework\\src\\Illuminate\\Pipeline\\Pipeline.php(208): Illuminate\\Routing\\Middleware\\SubstituteBindings->handle(Object(Illuminate\\Http\\Request), Object(Closure))
#8 C:\\Users\\Domain\\Desktop\\Laravel\\inventory\\vendor\\laravel\\framework\\src\\Illuminate\\Auth\\Middleware\\Authenticate.php(63): Illuminate\\Pipeline\\Pipeline->Illuminate\\Pipeline\\{closure}(Object(Illuminate\\Http\\Request))
#9 C:\\Users\\Domain\\Desktop\\Laravel\\inventory\\vendor\\laravel\\framework\\src\\Illuminate\\Pipeline\\Pipeline.php(208): Illuminate\\Auth\\Middleware\\Authenticate->handle(Object(Illuminate\\Http\\Request), Object(Closure), 'sanctum')
#10 C:\\Users\\Domain\\Desktop\\Laravel\\inventory\\vendor\\laravel\\framework\\src\\Illuminate\\Pipeline\\Pipeline.php(126): Illuminate\\Pipeline\\Pipeline->Illuminate\\Pipeline\\{closure}(Object(Illuminate\\Http\\Request))
#11 C:\\Users\\Domain\\Desktop\\Laravel\\inventory\\vendor\\laravel\\framework\\src\\Illuminate\\Routing\\Router.php(807): Illuminate\\Pipeline\\Pipeline->then(Object(Closure))
#12 C:\\Users\\Domain\\Desktop\\Laravel\\inventory\\vendor\\laravel\\framework\\src\\Illuminate\\Routing\\Router.php(786): Illuminate\\Routing\\Router->runRouteWithinStack(Object(Illuminate\\Routing\\Route), Object(Illuminate\\Http\\Request))
#13 C:\\Users\\Domain\\Desktop\\Laravel\\inventory\\vendor\\laravel\\framework\\src\\Illuminate\\Routing\\Router.php(750): Illuminate\\Routing\\Router->runRoute(Object(Illuminate\\Http\\Request), Object(Illuminate\\Routing\\Route))
#14 C:\\Users\\Domain\\Desktop\\Laravel\\inventory\\vendor\\laravel\\framework\\src\\Illuminate\\Routing\\Router.php(739): Illuminate\\Routing\\Router->dispatchToRoute(Object(Illuminate\\Http\\Request))
#15 C:\\Users\\Domain\\Desktop\\Laravel\\inventory\\vendor\\laravel\\framework\\src\\Illuminate\\Foundation\\Http\\Kernel.php(200): Illuminate\\Routing\\Router->dispatch(Object(Illuminate\\Http\\Request))
#16 C:\\Users\\Domain\\Desktop\\Laravel\\inventory\\vendor\\laravel\\framework\\src\\Illuminate\\Pipeline\\Pipeline.php(169): Illuminate\\Foundation\\Http\\Kernel->Illuminate\\Foundation\\Http\\{closure}(Object(Illuminate\\Http\\Request))
#17 C:\\Users\\Domain\\Desktop\\Laravel\\inventory\\vendor\\laravel\\framework\\src\\Illuminate\\Foundation\\Http\\Middleware\\TransformsRequest.php(21): Illuminate\\Pipeline\\Pipeline->Illuminate\\Pipeline\\{closure}(Object(Illuminate\\Http\\Request))
#18 C:\\Users\\Domain\\Desktop\\Laravel\\inventory\\vendor\\laravel\\framework\\src\\Illuminate\\Foundation\\Http\\Middleware\\ConvertEmptyStringsToNull.php(31): Illuminate\\Foundation\\Http\\Middleware\\TransformsRequest->handle(Object(Illuminate\\Http\\Request), Object(Closure))
#19 C:\\Users\\Domain\\Desktop\\Laravel\\inventory\\vendor\\laravel\\framework\\src\\Illuminate\\Pipeline\\Pipeline.php(208): Illuminate\\Foundation\\Http\\Middleware\\ConvertEmptyStringsToNull->handle(Object(Illuminate\\Http\\Request), Object(Closure))
#20 C:\\Users\\Domain\\Desktop\\Laravel\\inventory\\vendor\\laravel\\framework\\src\\Illuminate\\Foundation\\Http\\Middleware\\TransformsRequest.php(21): Illuminate\\Pipeline\\Pipeline->Illuminate\\Pipeline\\{closure}(Object(Illuminate\\Http\\Request))
#21 C:\\Users\\Domain\\Desktop\\Laravel\\inventory\\vendor\\laravel\\framework\\src\\Illuminate\\Foundation\\Http\\Middleware\\TrimStrings.php(51): Illuminate\\Foundation\\Http\\Middleware\\TransformsRequest->handle(Object(Illuminate\\Http\\Request), Object(Closure))
#22 C:\\Users\\Domain\\Desktop\\Laravel\\inventory\\vendor\\laravel\\framework\\src\\Illuminate\\Pipeline\\Pipeline.php(208): Illuminate\\Foundation\\Http\\Middleware\\TrimStrings->handle(Object(Illuminate\\Http\\Request), Object(Closure))
#23 C:\\Users\\Domain\\Desktop\\Laravel\\inventory\\vendor\\laravel\\framework\\src\\Illuminate\\Http\\Middleware\\ValidatePostSize.php(27): Illuminate\\Pipeline\\Pipeline->Illuminate\\Pipeline\\{closure}(Object(Illuminate\\Http\\Request))
#24 C:\\Users\\Domain\\Desktop\\Laravel\\inventory\\vendor\\laravel\\framework\\src\\Illuminate\\Pipeline\\Pipeline.php(208): Illuminate\\Http\\Middleware\\ValidatePostSize->handle(Object(Illuminate\\Http\\Request), Object(Closure))
#25 C:\\Users\\Domain\\Desktop\\Laravel\\inventory\\vendor\\laravel\\framework\\src\\Illuminate\\Foundation\\Http\\Middleware\\PreventRequestsDuringMaintenance.php(109): Illuminate\\Pipeline\\Pipeline->Illuminate\\Pipeline\\{closure}(Object(Illuminate\\Http\\Request))
#26 C:\\Users\\Domain\\Desktop\\Laravel\\inventory\\vendor\\laravel\\framework\\src\\Illuminate\\Pipeline\\Pipeline.php(208): Illuminate\\Foundation\\Http\\Middleware\\PreventRequestsDuringMaintenance->handle(Object(Illuminate\\Http\\Request), Object(Closure))
#27 C:\\Users\\Domain\\Desktop\\Laravel\\inventory\\vendor\\laravel\\framework\\src\\Illuminate\\Http\\Middleware\\HandleCors.php(61): Illuminate\\Pipeline\\Pipeline->Illuminate\\Pipeline\\{closure}(Object(Illuminate\\Http\\Request))
#28 C:\\Users\\Domain\\Desktop\\Laravel\\inventory\\vendor\\laravel\\framework\\src\\Illuminate\\Pipeline\\Pipeline.php(208): Illuminate\\Http\\Middleware\\HandleCors->handle(Object(Illuminate\\Http\\Request), Object(Closure))
#29 C:\\Users\\Domain\\Desktop\\Laravel\\inventory\\vendor\\laravel\\framework\\src\\Illuminate\\Http\\Middleware\\TrustProxies.php(58): Illuminate\\Pipeline\\Pipeline->Illuminate\\Pipeline\\{closure}(Object(Illuminate\\Http\\Request))
#30 C:\\Users\\Domain\\Desktop\\Laravel\\inventory\\vendor\\laravel\\framework\\src\\Illuminate\\Pipeline\\Pipeline.php(208): Illuminate\\Http\\Middleware\\TrustProxies->handle(Object(Illuminate\\Http\\Request), Object(Closure))
#31 C:\\Users\\Domain\\Desktop\\Laravel\\inventory\\vendor\\laravel\\framework\\src\\Illuminate\\Foundation\\Http\\Middleware\\InvokeDeferredCallbacks.php(22): Illuminate\\Pipeline\\Pipeline->Illuminate\\Pipeline\\{closure}(Object(Illuminate\\Http\\Request))
#32 C:\\Users\\Domain\\Desktop\\Laravel\\inventory\\vendor\\laravel\\framework\\src\\Illuminate\\Pipeline\\Pipeline.php(208): Illuminate\\Foundation\\Http\\Middleware\\InvokeDeferredCallbacks->handle(Object(Illuminate\\Http\\Request), Object(Closure))
#33 C:\\Users\\Domain\\Desktop\\Laravel\\inventory\\vendor\\laravel\\framework\\src\\Illuminate\\Http\\Middleware\\ValidatePathEncoding.php(26): Illuminate\\Pipeline\\Pipeline->Illuminate\\Pipeline\\{closure}(Object(Illuminate\\Http\\Request))
#34 C:\\Users\\Domain\\Desktop\\Laravel\\inventory\\vendor\\laravel\\framework\\src\\Illuminate\\Pipeline\\Pipeline.php(208): Illuminate\\Http\\Middleware\\ValidatePathEncoding->handle(Object(Illuminate\\Http\\Request), Object(Closure))
#35 C:\\Users\\Domain\\Desktop\\Laravel\\inventory\\app\\Http\\Middleware\\Cors.php(16): Illuminate\\Pipeline\\Pipeline->Illuminate\\Pipeline\\{closure}(Object(Illuminate\\Http\\Request))
#36 C:\\Users\\Domain\\Desktop\\Laravel\\inventory\\vendor\\laravel\\framework\\src\\Illuminate\\Pipeline\\Pipeline.php(208): App\\Http\\Middleware\\Cors->handle(Object(Illuminate\\Http\\Request), Object(Closure))
#37 C:\\Users\\Domain\\Desktop\\Laravel\\inventory\\vendor\\laravel\\framework\\src\\Illuminate\\Pipeline\\Pipeline.php(126): Illuminate\\Pipeline\\Pipeline->Illuminate\\Pipeline\\{closure}(Object(Illuminate\\Http\\Request))
#38 C:\\Users\\Domain\\Desktop\\Laravel\\inventory\\vendor\\laravel\\framework\\src\\Illuminate\\Foundation\\Http\\Kernel.php(175): Illuminate\\Pipeline\\Pipeline->then(Object(Closure))
#39 C:\\Users\\Domain\\Desktop\\Laravel\\inventory\\vendor\\laravel\\framework\\src\\Illuminate\\Foundation\\Http\\Kernel.php(144): Illuminate\\Foundation\\Http\\Kernel->sendRequestThroughRouter(Object(Illuminate\\Http\\Request))
#40 C:\\Users\\Domain\\Desktop\\Laravel\\inventory\\vendor\\laravel\\framework\\src\\Illuminate\\Foundation\\Application.php(1219): Illuminate\\Foundation\\Http\\Kernel->handle(Object(Illuminate\\Http\\Request))
#41 C:\\Users\\Domain\\Desktop\\Laravel\\inventory\\public\\index.php(20): Illuminate\\Foundation\\Application->handleRequest(Object(Illuminate\\Http\\Request))
#42 C:\\Users\\Domain\\Desktop\\Laravel\\inventory\\vendor\\laravel\\framework\\src\\Illuminate\\Foundation\\resources\\server.php(23): require_once('C:\\\\Users\\\\Domain...')
#43 {main}
"} 
[2025-05-13 09:15:39] local.ERROR: Undefined array key "id" {"userId":1,"exception":"[object] (ErrorException(code: 0): Undefined array key \"id\" at C:\\Users\\Domain\\Desktop\\Laravel\\inventory\\vendor\\laravel\\framework\\src\\Illuminate\\Collections\\Collection.php:1896)
[stacktrace]
#0 C:\\Users\\Domain\\Desktop\\Laravel\\inventory\\vendor\\laravel\\framework\\src\\Illuminate\\Foundation\\Bootstrap\\HandleExceptions.php(256): Illuminate\\Foundation\\Bootstrap\\HandleExceptions->handleError(2, 'Undefined array...', 'C:\\\\Users\\\\Domain...', 1896)
#1 C:\\Users\\Domain\\Desktop\\Laravel\\inventory\\vendor\\laravel\\framework\\src\\Illuminate\\Collections\\Collection.php(1896): Illuminate\\Foundation\\Bootstrap\\HandleExceptions->Illuminate\\Foundation\\Bootstrap\\{closure}(2, 'Undefined array...', 'C:\\\\Users\\\\Domain...', 1896)
#2 C:\\Users\\Domain\\Desktop\\Laravel\\inventory\\app\\Http\\Controllers\\Api\\AssetsBranchController.php(31): Illuminate\\Support\\Collection->offsetGet('id')
#3 C:\\Users\\Domain\\Desktop\\Laravel\\inventory\\vendor\\laravel\\framework\\src\\Illuminate\\Routing\\ControllerDispatcher.php(46): App\\Http\\Controllers\\Api\\AssetsBranchController->index()
#4 C:\\Users\\Domain\\Desktop\\Laravel\\inventory\\vendor\\laravel\\framework\\src\\Illuminate\\Routing\\Route.php(265): Illuminate\\Routing\\ControllerDispatcher->dispatch(Object(Illuminate\\Routing\\Route), Object(App\\Http\\Controllers\\Api\\AssetsBranchController), 'index')
#5 C:\\Users\\Domain\\Desktop\\Laravel\\inventory\\vendor\\laravel\\framework\\src\\Illuminate\\Routing\\Route.php(211): Illuminate\\Routing\\Route->runController()
#6 C:\\Users\\Domain\\Desktop\\Laravel\\inventory\\vendor\\laravel\\framework\\src\\Illuminate\\Routing\\Router.php(808): Illuminate\\Routing\\Route->run()
#7 C:\\Users\\Domain\\Desktop\\Laravel\\inventory\\vendor\\laravel\\framework\\src\\Illuminate\\Pipeline\\Pipeline.php(169): Illuminate\\Routing\\Router->Illuminate\\Routing\\{closure}(Object(Illuminate\\Http\\Request))
#8 C:\\Users\\Domain\\Desktop\\Laravel\\inventory\\vendor\\laravel\\framework\\src\\Illuminate\\Routing\\Middleware\\SubstituteBindings.php(50): Illuminate\\Pipeline\\Pipeline->Illuminate\\Pipeline\\{closure}(Object(Illuminate\\Http\\Request))
#9 C:\\Users\\Domain\\Desktop\\Laravel\\inventory\\vendor\\laravel\\framework\\src\\Illuminate\\Pipeline\\Pipeline.php(208): Illuminate\\Routing\\Middleware\\SubstituteBindings->handle(Object(Illuminate\\Http\\Request), Object(Closure))
#10 C:\\Users\\Domain\\Desktop\\Laravel\\inventory\\vendor\\laravel\\framework\\src\\Illuminate\\Auth\\Middleware\\Authenticate.php(63): Illuminate\\Pipeline\\Pipeline->Illuminate\\Pipeline\\{closure}(Object(Illuminate\\Http\\Request))
#11 C:\\Users\\Domain\\Desktop\\Laravel\\inventory\\vendor\\laravel\\framework\\src\\Illuminate\\Pipeline\\Pipeline.php(208): Illuminate\\Auth\\Middleware\\Authenticate->handle(Object(Illuminate\\Http\\Request), Object(Closure), 'sanctum')
#12 C:\\Users\\Domain\\Desktop\\Laravel\\inventory\\vendor\\laravel\\framework\\src\\Illuminate\\Pipeline\\Pipeline.php(126): Illuminate\\Pipeline\\Pipeline->Illuminate\\Pipeline\\{closure}(Object(Illuminate\\Http\\Request))
#13 C:\\Users\\Domain\\Desktop\\Laravel\\inventory\\vendor\\laravel\\framework\\src\\Illuminate\\Routing\\Router.php(807): Illuminate\\Pipeline\\Pipeline->then(Object(Closure))
#14 C:\\Users\\Domain\\Desktop\\Laravel\\inventory\\vendor\\laravel\\framework\\src\\Illuminate\\Routing\\Router.php(786): Illuminate\\Routing\\Router->runRouteWithinStack(Object(Illuminate\\Routing\\Route), Object(Illuminate\\Http\\Request))
#15 C:\\Users\\Domain\\Desktop\\Laravel\\inventory\\vendor\\laravel\\framework\\src\\Illuminate\\Routing\\Router.php(750): Illuminate\\Routing\\Router->runRoute(Object(Illuminate\\Http\\Request), Object(Illuminate\\Routing\\Route))
#16 C:\\Users\\Domain\\Desktop\\Laravel\\inventory\\vendor\\laravel\\framework\\src\\Illuminate\\Routing\\Router.php(739): Illuminate\\Routing\\Router->dispatchToRoute(Object(Illuminate\\Http\\Request))
#17 C:\\Users\\Domain\\Desktop\\Laravel\\inventory\\vendor\\laravel\\framework\\src\\Illuminate\\Foundation\\Http\\Kernel.php(200): Illuminate\\Routing\\Router->dispatch(Object(Illuminate\\Http\\Request))
#18 C:\\Users\\Domain\\Desktop\\Laravel\\inventory\\vendor\\laravel\\framework\\src\\Illuminate\\Pipeline\\Pipeline.php(169): Illuminate\\Foundation\\Http\\Kernel->Illuminate\\Foundation\\Http\\{closure}(Object(Illuminate\\Http\\Request))
#19 C:\\Users\\Domain\\Desktop\\Laravel\\inventory\\vendor\\laravel\\framework\\src\\Illuminate\\Foundation\\Http\\Middleware\\TransformsRequest.php(21): Illuminate\\Pipeline\\Pipeline->Illuminate\\Pipeline\\{closure}(Object(Illuminate\\Http\\Request))
#20 C:\\Users\\Domain\\Desktop\\Laravel\\inventory\\vendor\\laravel\\framework\\src\\Illuminate\\Foundation\\Http\\Middleware\\ConvertEmptyStringsToNull.php(31): Illuminate\\Foundation\\Http\\Middleware\\TransformsRequest->handle(Object(Illuminate\\Http\\Request), Object(Closure))
#21 C:\\Users\\Domain\\Desktop\\Laravel\\inventory\\vendor\\laravel\\framework\\src\\Illuminate\\Pipeline\\Pipeline.php(208): Illuminate\\Foundation\\Http\\Middleware\\ConvertEmptyStringsToNull->handle(Object(Illuminate\\Http\\Request), Object(Closure))
#22 C:\\Users\\Domain\\Desktop\\Laravel\\inventory\\vendor\\laravel\\framework\\src\\Illuminate\\Foundation\\Http\\Middleware\\TransformsRequest.php(21): Illuminate\\Pipeline\\Pipeline->Illuminate\\Pipeline\\{closure}(Object(Illuminate\\Http\\Request))
#23 C:\\Users\\Domain\\Desktop\\Laravel\\inventory\\vendor\\laravel\\framework\\src\\Illuminate\\Foundation\\Http\\Middleware\\TrimStrings.php(51): Illuminate\\Foundation\\Http\\Middleware\\TransformsRequest->handle(Object(Illuminate\\Http\\Request), Object(Closure))
#24 C:\\Users\\Domain\\Desktop\\Laravel\\inventory\\vendor\\laravel\\framework\\src\\Illuminate\\Pipeline\\Pipeline.php(208): Illuminate\\Foundation\\Http\\Middleware\\TrimStrings->handle(Object(Illuminate\\Http\\Request), Object(Closure))
#25 C:\\Users\\Domain\\Desktop\\Laravel\\inventory\\vendor\\laravel\\framework\\src\\Illuminate\\Http\\Middleware\\ValidatePostSize.php(27): Illuminate\\Pipeline\\Pipeline->Illuminate\\Pipeline\\{closure}(Object(Illuminate\\Http\\Request))
#26 C:\\Users\\Domain\\Desktop\\Laravel\\inventory\\vendor\\laravel\\framework\\src\\Illuminate\\Pipeline\\Pipeline.php(208): Illuminate\\Http\\Middleware\\ValidatePostSize->handle(Object(Illuminate\\Http\\Request), Object(Closure))
#27 C:\\Users\\Domain\\Desktop\\Laravel\\inventory\\vendor\\laravel\\framework\\src\\Illuminate\\Foundation\\Http\\Middleware\\PreventRequestsDuringMaintenance.php(109): Illuminate\\Pipeline\\Pipeline->Illuminate\\Pipeline\\{closure}(Object(Illuminate\\Http\\Request))
#28 C:\\Users\\Domain\\Desktop\\Laravel\\inventory\\vendor\\laravel\\framework\\src\\Illuminate\\Pipeline\\Pipeline.php(208): Illuminate\\Foundation\\Http\\Middleware\\PreventRequestsDuringMaintenance->handle(Object(Illuminate\\Http\\Request), Object(Closure))
#29 C:\\Users\\Domain\\Desktop\\Laravel\\inventory\\vendor\\laravel\\framework\\src\\Illuminate\\Http\\Middleware\\HandleCors.php(61): Illuminate\\Pipeline\\Pipeline->Illuminate\\Pipeline\\{closure}(Object(Illuminate\\Http\\Request))
#30 C:\\Users\\Domain\\Desktop\\Laravel\\inventory\\vendor\\laravel\\framework\\src\\Illuminate\\Pipeline\\Pipeline.php(208): Illuminate\\Http\\Middleware\\HandleCors->handle(Object(Illuminate\\Http\\Request), Object(Closure))
#31 C:\\Users\\Domain\\Desktop\\Laravel\\inventory\\vendor\\laravel\\framework\\src\\Illuminate\\Http\\Middleware\\TrustProxies.php(58): Illuminate\\Pipeline\\Pipeline->Illuminate\\Pipeline\\{closure}(Object(Illuminate\\Http\\Request))
#32 C:\\Users\\Domain\\Desktop\\Laravel\\inventory\\vendor\\laravel\\framework\\src\\Illuminate\\Pipeline\\Pipeline.php(208): Illuminate\\Http\\Middleware\\TrustProxies->handle(Object(Illuminate\\Http\\Request), Object(Closure))
#33 C:\\Users\\Domain\\Desktop\\Laravel\\inventory\\vendor\\laravel\\framework\\src\\Illuminate\\Foundation\\Http\\Middleware\\InvokeDeferredCallbacks.php(22): Illuminate\\Pipeline\\Pipeline->Illuminate\\Pipeline\\{closure}(Object(Illuminate\\Http\\Request))
#34 C:\\Users\\Domain\\Desktop\\Laravel\\inventory\\vendor\\laravel\\framework\\src\\Illuminate\\Pipeline\\Pipeline.php(208): Illuminate\\Foundation\\Http\\Middleware\\InvokeDeferredCallbacks->handle(Object(Illuminate\\Http\\Request), Object(Closure))
#35 C:\\Users\\Domain\\Desktop\\Laravel\\inventory\\vendor\\laravel\\framework\\src\\Illuminate\\Http\\Middleware\\ValidatePathEncoding.php(26): Illuminate\\Pipeline\\Pipeline->Illuminate\\Pipeline\\{closure}(Object(Illuminate\\Http\\Request))
#36 C:\\Users\\Domain\\Desktop\\Laravel\\inventory\\vendor\\laravel\\framework\\src\\Illuminate\\Pipeline\\Pipeline.php(208): Illuminate\\Http\\Middleware\\ValidatePathEncoding->handle(Object(Illuminate\\Http\\Request), Object(Closure))
#37 C:\\Users\\Domain\\Desktop\\Laravel\\inventory\\app\\Http\\Middleware\\Cors.php(16): Illuminate\\Pipeline\\Pipeline->Illuminate\\Pipeline\\{closure}(Object(Illuminate\\Http\\Request))
#38 C:\\Users\\Domain\\Desktop\\Laravel\\inventory\\vendor\\laravel\\framework\\src\\Illuminate\\Pipeline\\Pipeline.php(208): App\\Http\\Middleware\\Cors->handle(Object(Illuminate\\Http\\Request), Object(Closure))
#39 C:\\Users\\Domain\\Desktop\\Laravel\\inventory\\vendor\\laravel\\framework\\src\\Illuminate\\Pipeline\\Pipeline.php(126): Illuminate\\Pipeline\\Pipeline->Illuminate\\Pipeline\\{closure}(Object(Illuminate\\Http\\Request))
#40 C:\\Users\\Domain\\Desktop\\Laravel\\inventory\\vendor\\laravel\\framework\\src\\Illuminate\\Foundation\\Http\\Kernel.php(175): Illuminate\\Pipeline\\Pipeline->then(Object(Closure))
#41 C:\\Users\\Domain\\Desktop\\Laravel\\inventory\\vendor\\laravel\\framework\\src\\Illuminate\\Foundation\\Http\\Kernel.php(144): Illuminate\\Foundation\\Http\\Kernel->sendRequestThroughRouter(Object(Illuminate\\Http\\Request))
#42 C:\\Users\\Domain\\Desktop\\Laravel\\inventory\\vendor\\laravel\\framework\\src\\Illuminate\\Foundation\\Application.php(1219): Illuminate\\Foundation\\Http\\Kernel->handle(Object(Illuminate\\Http\\Request))
#43 C:\\Users\\Domain\\Desktop\\Laravel\\inventory\\public\\index.php(20): Illuminate\\Foundation\\Application->handleRequest(Object(Illuminate\\Http\\Request))
#44 C:\\Users\\Domain\\Desktop\\Laravel\\inventory\\vendor\\laravel\\framework\\src\\Illuminate\\Foundation\\resources\\server.php(23): require_once('C:\\\\Users\\\\Domain...')
#45 {main}
"} 
[2025-05-13 10:01:34] local.ERROR: Route [login] not defined. {"exception":"[object] (Symfony\\Component\\Routing\\Exception\\RouteNotFoundException(code: 0): Route [login] not defined. at C:\\Users\\Domain\\Desktop\\Laravel\\inventory\\vendor\\laravel\\framework\\src\\Illuminate\\Routing\\UrlGenerator.php:526)
[stacktrace]
#0 C:\\Users\\Domain\\Desktop\\Laravel\\inventory\\vendor\\laravel\\framework\\src\\Illuminate\\Foundation\\helpers.php(856): Illuminate\\Routing\\UrlGenerator->route('login', Array, true)
#1 C:\\Users\\Domain\\Desktop\\Laravel\\inventory\\vendor\\laravel\\framework\\src\\Illuminate\\Foundation\\Configuration\\ApplicationBuilder.php(278): route('login')
#2 [internal function]: Illuminate\\Foundation\\Configuration\\ApplicationBuilder->Illuminate\\Foundation\\Configuration\\{closure}(Object(Illuminate\\Http\\Request))
#3 C:\\Users\\Domain\\Desktop\\Laravel\\inventory\\vendor\\laravel\\framework\\src\\Illuminate\\Auth\\Middleware\\Authenticate.php(117): call_user_func(Object(Closure), Object(Illuminate\\Http\\Request))
#4 C:\\Users\\Domain\\Desktop\\Laravel\\inventory\\vendor\\laravel\\framework\\src\\Illuminate\\Auth\\Middleware\\Authenticate.php(104): Illuminate\\Auth\\Middleware\\Authenticate->redirectTo(Object(Illuminate\\Http\\Request))
#5 C:\\Users\\Domain\\Desktop\\Laravel\\inventory\\vendor\\laravel\\framework\\src\\Illuminate\\Auth\\Middleware\\Authenticate.php(87): Illuminate\\Auth\\Middleware\\Authenticate->unauthenticated(Object(Illuminate\\Http\\Request), Array)
#6 C:\\Users\\Domain\\Desktop\\Laravel\\inventory\\vendor\\laravel\\framework\\src\\Illuminate\\Auth\\Middleware\\Authenticate.php(61): Illuminate\\Auth\\Middleware\\Authenticate->authenticate(Object(Illuminate\\Http\\Request), Array)
#7 C:\\Users\\Domain\\Desktop\\Laravel\\inventory\\vendor\\laravel\\framework\\src\\Illuminate\\Pipeline\\Pipeline.php(208): Illuminate\\Auth\\Middleware\\Authenticate->handle(Object(Illuminate\\Http\\Request), Object(Closure), 'sanctum')
#8 C:\\Users\\Domain\\Desktop\\Laravel\\inventory\\vendor\\laravel\\framework\\src\\Illuminate\\Pipeline\\Pipeline.php(126): Illuminate\\Pipeline\\Pipeline->Illuminate\\Pipeline\\{closure}(Object(Illuminate\\Http\\Request))
#9 C:\\Users\\Domain\\Desktop\\Laravel\\inventory\\vendor\\laravel\\framework\\src\\Illuminate\\Routing\\Router.php(807): Illuminate\\Pipeline\\Pipeline->then(Object(Closure))
#10 C:\\Users\\Domain\\Desktop\\Laravel\\inventory\\vendor\\laravel\\framework\\src\\Illuminate\\Routing\\Router.php(786): Illuminate\\Routing\\Router->runRouteWithinStack(Object(Illuminate\\Routing\\Route), Object(Illuminate\\Http\\Request))
#11 C:\\Users\\Domain\\Desktop\\Laravel\\inventory\\vendor\\laravel\\framework\\src\\Illuminate\\Routing\\Router.php(750): Illuminate\\Routing\\Router->runRoute(Object(Illuminate\\Http\\Request), Object(Illuminate\\Routing\\Route))
#12 C:\\Users\\Domain\\Desktop\\Laravel\\inventory\\vendor\\laravel\\framework\\src\\Illuminate\\Routing\\Router.php(739): Illuminate\\Routing\\Router->dispatchToRoute(Object(Illuminate\\Http\\Request))
#13 C:\\Users\\Domain\\Desktop\\Laravel\\inventory\\vendor\\laravel\\framework\\src\\Illuminate\\Foundation\\Http\\Kernel.php(200): Illuminate\\Routing\\Router->dispatch(Object(Illuminate\\Http\\Request))
#14 C:\\Users\\Domain\\Desktop\\Laravel\\inventory\\vendor\\laravel\\framework\\src\\Illuminate\\Pipeline\\Pipeline.php(169): Illuminate\\Foundation\\Http\\Kernel->Illuminate\\Foundation\\Http\\{closure}(Object(Illuminate\\Http\\Request))
#15 C:\\Users\\Domain\\Desktop\\Laravel\\inventory\\vendor\\laravel\\framework\\src\\Illuminate\\Foundation\\Http\\Middleware\\TransformsRequest.php(21): Illuminate\\Pipeline\\Pipeline->Illuminate\\Pipeline\\{closure}(Object(Illuminate\\Http\\Request))
#16 C:\\Users\\Domain\\Desktop\\Laravel\\inventory\\vendor\\laravel\\framework\\src\\Illuminate\\Foundation\\Http\\Middleware\\ConvertEmptyStringsToNull.php(31): Illuminate\\Foundation\\Http\\Middleware\\TransformsRequest->handle(Object(Illuminate\\Http\\Request), Object(Closure))
#17 C:\\Users\\Domain\\Desktop\\Laravel\\inventory\\vendor\\laravel\\framework\\src\\Illuminate\\Pipeline\\Pipeline.php(208): Illuminate\\Foundation\\Http\\Middleware\\ConvertEmptyStringsToNull->handle(Object(Illuminate\\Http\\Request), Object(Closure))
#18 C:\\Users\\Domain\\Desktop\\Laravel\\inventory\\vendor\\laravel\\framework\\src\\Illuminate\\Foundation\\Http\\Middleware\\TransformsRequest.php(21): Illuminate\\Pipeline\\Pipeline->Illuminate\\Pipeline\\{closure}(Object(Illuminate\\Http\\Request))
#19 C:\\Users\\Domain\\Desktop\\Laravel\\inventory\\vendor\\laravel\\framework\\src\\Illuminate\\Foundation\\Http\\Middleware\\TrimStrings.php(51): Illuminate\\Foundation\\Http\\Middleware\\TransformsRequest->handle(Object(Illuminate\\Http\\Request), Object(Closure))
#20 C:\\Users\\Domain\\Desktop\\Laravel\\inventory\\vendor\\laravel\\framework\\src\\Illuminate\\Pipeline\\Pipeline.php(208): Illuminate\\Foundation\\Http\\Middleware\\TrimStrings->handle(Object(Illuminate\\Http\\Request), Object(Closure))
#21 C:\\Users\\Domain\\Desktop\\Laravel\\inventory\\vendor\\laravel\\framework\\src\\Illuminate\\Http\\Middleware\\ValidatePostSize.php(27): Illuminate\\Pipeline\\Pipeline->Illuminate\\Pipeline\\{closure}(Object(Illuminate\\Http\\Request))
#22 C:\\Users\\Domain\\Desktop\\Laravel\\inventory\\vendor\\laravel\\framework\\src\\Illuminate\\Pipeline\\Pipeline.php(208): Illuminate\\Http\\Middleware\\ValidatePostSize->handle(Object(Illuminate\\Http\\Request), Object(Closure))
#23 C:\\Users\\Domain\\Desktop\\Laravel\\inventory\\vendor\\laravel\\framework\\src\\Illuminate\\Foundation\\Http\\Middleware\\PreventRequestsDuringMaintenance.php(109): Illuminate\\Pipeline\\Pipeline->Illuminate\\Pipeline\\{closure}(Object(Illuminate\\Http\\Request))
#24 C:\\Users\\Domain\\Desktop\\Laravel\\inventory\\vendor\\laravel\\framework\\src\\Illuminate\\Pipeline\\Pipeline.php(208): Illuminate\\Foundation\\Http\\Middleware\\PreventRequestsDuringMaintenance->handle(Object(Illuminate\\Http\\Request), Object(Closure))
#25 C:\\Users\\Domain\\Desktop\\Laravel\\inventory\\vendor\\laravel\\framework\\src\\Illuminate\\Http\\Middleware\\HandleCors.php(61): Illuminate\\Pipeline\\Pipeline->Illuminate\\Pipeline\\{closure}(Object(Illuminate\\Http\\Request))
#26 C:\\Users\\Domain\\Desktop\\Laravel\\inventory\\vendor\\laravel\\framework\\src\\Illuminate\\Pipeline\\Pipeline.php(208): Illuminate\\Http\\Middleware\\HandleCors->handle(Object(Illuminate\\Http\\Request), Object(Closure))
#27 C:\\Users\\Domain\\Desktop\\Laravel\\inventory\\vendor\\laravel\\framework\\src\\Illuminate\\Http\\Middleware\\TrustProxies.php(58): Illuminate\\Pipeline\\Pipeline->Illuminate\\Pipeline\\{closure}(Object(Illuminate\\Http\\Request))
#28 C:\\Users\\Domain\\Desktop\\Laravel\\inventory\\vendor\\laravel\\framework\\src\\Illuminate\\Pipeline\\Pipeline.php(208): Illuminate\\Http\\Middleware\\TrustProxies->handle(Object(Illuminate\\Http\\Request), Object(Closure))
#29 C:\\Users\\Domain\\Desktop\\Laravel\\inventory\\vendor\\laravel\\framework\\src\\Illuminate\\Foundation\\Http\\Middleware\\InvokeDeferredCallbacks.php(22): Illuminate\\Pipeline\\Pipeline->Illuminate\\Pipeline\\{closure}(Object(Illuminate\\Http\\Request))
#30 C:\\Users\\Domain\\Desktop\\Laravel\\inventory\\vendor\\laravel\\framework\\src\\Illuminate\\Pipeline\\Pipeline.php(208): Illuminate\\Foundation\\Http\\Middleware\\InvokeDeferredCallbacks->handle(Object(Illuminate\\Http\\Request), Object(Closure))
#31 C:\\Users\\Domain\\Desktop\\Laravel\\inventory\\vendor\\laravel\\framework\\src\\Illuminate\\Http\\Middleware\\ValidatePathEncoding.php(26): Illuminate\\Pipeline\\Pipeline->Illuminate\\Pipeline\\{closure}(Object(Illuminate\\Http\\Request))
#32 C:\\Users\\Domain\\Desktop\\Laravel\\inventory\\vendor\\laravel\\framework\\src\\Illuminate\\Pipeline\\Pipeline.php(208): Illuminate\\Http\\Middleware\\ValidatePathEncoding->handle(Object(Illuminate\\Http\\Request), Object(Closure))
#33 C:\\Users\\Domain\\Desktop\\Laravel\\inventory\\app\\Http\\Middleware\\Cors.php(16): Illuminate\\Pipeline\\Pipeline->Illuminate\\Pipeline\\{closure}(Object(Illuminate\\Http\\Request))
#34 C:\\Users\\Domain\\Desktop\\Laravel\\inventory\\vendor\\laravel\\framework\\src\\Illuminate\\Pipeline\\Pipeline.php(208): App\\Http\\Middleware\\Cors->handle(Object(Illuminate\\Http\\Request), Object(Closure))
#35 C:\\Users\\Domain\\Desktop\\Laravel\\inventory\\vendor\\laravel\\framework\\src\\Illuminate\\Pipeline\\Pipeline.php(126): Illuminate\\Pipeline\\Pipeline->Illuminate\\Pipeline\\{closure}(Object(Illuminate\\Http\\Request))
#36 C:\\Users\\Domain\\Desktop\\Laravel\\inventory\\vendor\\laravel\\framework\\src\\Illuminate\\Foundation\\Http\\Kernel.php(175): Illuminate\\Pipeline\\Pipeline->then(Object(Closure))
#37 C:\\Users\\Domain\\Desktop\\Laravel\\inventory\\vendor\\laravel\\framework\\src\\Illuminate\\Foundation\\Http\\Kernel.php(144): Illuminate\\Foundation\\Http\\Kernel->sendRequestThroughRouter(Object(Illuminate\\Http\\Request))
#38 C:\\Users\\Domain\\Desktop\\Laravel\\inventory\\vendor\\laravel\\framework\\src\\Illuminate\\Foundation\\Application.php(1219): Illuminate\\Foundation\\Http\\Kernel->handle(Object(Illuminate\\Http\\Request))
#39 C:\\Users\\Domain\\Desktop\\Laravel\\inventory\\public\\index.php(20): Illuminate\\Foundation\\Application->handleRequest(Object(Illuminate\\Http\\Request))
#40 C:\\Users\\Domain\\Desktop\\Laravel\\inventory\\vendor\\laravel\\framework\\src\\Illuminate\\Foundation\\resources\\server.php(23): require_once('C:\\\\Users\\\\Domain...')
#41 {main}
"} 
[2025-05-13 10:01:45] local.ERROR: Route [login] not defined. {"exception":"[object] (Symfony\\Component\\Routing\\Exception\\RouteNotFoundException(code: 0): Route [login] not defined. at C:\\Users\\Domain\\Desktop\\Laravel\\inventory\\vendor\\laravel\\framework\\src\\Illuminate\\Routing\\UrlGenerator.php:526)
[stacktrace]
#0 C:\\Users\\Domain\\Desktop\\Laravel\\inventory\\vendor\\laravel\\framework\\src\\Illuminate\\Foundation\\helpers.php(856): Illuminate\\Routing\\UrlGenerator->route('login', Array, true)
#1 C:\\Users\\Domain\\Desktop\\Laravel\\inventory\\vendor\\laravel\\framework\\src\\Illuminate\\Foundation\\Configuration\\ApplicationBuilder.php(278): route('login')
#2 [internal function]: Illuminate\\Foundation\\Configuration\\ApplicationBuilder->Illuminate\\Foundation\\Configuration\\{closure}(Object(Illuminate\\Http\\Request))
#3 C:\\Users\\Domain\\Desktop\\Laravel\\inventory\\vendor\\laravel\\framework\\src\\Illuminate\\Auth\\Middleware\\Authenticate.php(117): call_user_func(Object(Closure), Object(Illuminate\\Http\\Request))
#4 C:\\Users\\Domain\\Desktop\\Laravel\\inventory\\vendor\\laravel\\framework\\src\\Illuminate\\Auth\\Middleware\\Authenticate.php(104): Illuminate\\Auth\\Middleware\\Authenticate->redirectTo(Object(Illuminate\\Http\\Request))
#5 C:\\Users\\Domain\\Desktop\\Laravel\\inventory\\vendor\\laravel\\framework\\src\\Illuminate\\Auth\\Middleware\\Authenticate.php(87): Illuminate\\Auth\\Middleware\\Authenticate->unauthenticated(Object(Illuminate\\Http\\Request), Array)
#6 C:\\Users\\Domain\\Desktop\\Laravel\\inventory\\vendor\\laravel\\framework\\src\\Illuminate\\Auth\\Middleware\\Authenticate.php(61): Illuminate\\Auth\\Middleware\\Authenticate->authenticate(Object(Illuminate\\Http\\Request), Array)
#7 C:\\Users\\Domain\\Desktop\\Laravel\\inventory\\vendor\\laravel\\framework\\src\\Illuminate\\Pipeline\\Pipeline.php(208): Illuminate\\Auth\\Middleware\\Authenticate->handle(Object(Illuminate\\Http\\Request), Object(Closure), 'sanctum')
#8 C:\\Users\\Domain\\Desktop\\Laravel\\inventory\\vendor\\laravel\\framework\\src\\Illuminate\\Pipeline\\Pipeline.php(126): Illuminate\\Pipeline\\Pipeline->Illuminate\\Pipeline\\{closure}(Object(Illuminate\\Http\\Request))
#9 C:\\Users\\Domain\\Desktop\\Laravel\\inventory\\vendor\\laravel\\framework\\src\\Illuminate\\Routing\\Router.php(807): Illuminate\\Pipeline\\Pipeline->then(Object(Closure))
#10 C:\\Users\\Domain\\Desktop\\Laravel\\inventory\\vendor\\laravel\\framework\\src\\Illuminate\\Routing\\Router.php(786): Illuminate\\Routing\\Router->runRouteWithinStack(Object(Illuminate\\Routing\\Route), Object(Illuminate\\Http\\Request))
#11 C:\\Users\\Domain\\Desktop\\Laravel\\inventory\\vendor\\laravel\\framework\\src\\Illuminate\\Routing\\Router.php(750): Illuminate\\Routing\\Router->runRoute(Object(Illuminate\\Http\\Request), Object(Illuminate\\Routing\\Route))
#12 C:\\Users\\Domain\\Desktop\\Laravel\\inventory\\vendor\\laravel\\framework\\src\\Illuminate\\Routing\\Router.php(739): Illuminate\\Routing\\Router->dispatchToRoute(Object(Illuminate\\Http\\Request))
#13 C:\\Users\\Domain\\Desktop\\Laravel\\inventory\\vendor\\laravel\\framework\\src\\Illuminate\\Foundation\\Http\\Kernel.php(200): Illuminate\\Routing\\Router->dispatch(Object(Illuminate\\Http\\Request))
#14 C:\\Users\\Domain\\Desktop\\Laravel\\inventory\\vendor\\laravel\\framework\\src\\Illuminate\\Pipeline\\Pipeline.php(169): Illuminate\\Foundation\\Http\\Kernel->Illuminate\\Foundation\\Http\\{closure}(Object(Illuminate\\Http\\Request))
#15 C:\\Users\\Domain\\Desktop\\Laravel\\inventory\\vendor\\laravel\\framework\\src\\Illuminate\\Foundation\\Http\\Middleware\\TransformsRequest.php(21): Illuminate\\Pipeline\\Pipeline->Illuminate\\Pipeline\\{closure}(Object(Illuminate\\Http\\Request))
#16 C:\\Users\\Domain\\Desktop\\Laravel\\inventory\\vendor\\laravel\\framework\\src\\Illuminate\\Foundation\\Http\\Middleware\\ConvertEmptyStringsToNull.php(31): Illuminate\\Foundation\\Http\\Middleware\\TransformsRequest->handle(Object(Illuminate\\Http\\Request), Object(Closure))
#17 C:\\Users\\Domain\\Desktop\\Laravel\\inventory\\vendor\\laravel\\framework\\src\\Illuminate\\Pipeline\\Pipeline.php(208): Illuminate\\Foundation\\Http\\Middleware\\ConvertEmptyStringsToNull->handle(Object(Illuminate\\Http\\Request), Object(Closure))
#18 C:\\Users\\Domain\\Desktop\\Laravel\\inventory\\vendor\\laravel\\framework\\src\\Illuminate\\Foundation\\Http\\Middleware\\TransformsRequest.php(21): Illuminate\\Pipeline\\Pipeline->Illuminate\\Pipeline\\{closure}(Object(Illuminate\\Http\\Request))
#19 C:\\Users\\Domain\\Desktop\\Laravel\\inventory\\vendor\\laravel\\framework\\src\\Illuminate\\Foundation\\Http\\Middleware\\TrimStrings.php(51): Illuminate\\Foundation\\Http\\Middleware\\TransformsRequest->handle(Object(Illuminate\\Http\\Request), Object(Closure))
#20 C:\\Users\\Domain\\Desktop\\Laravel\\inventory\\vendor\\laravel\\framework\\src\\Illuminate\\Pipeline\\Pipeline.php(208): Illuminate\\Foundation\\Http\\Middleware\\TrimStrings->handle(Object(Illuminate\\Http\\Request), Object(Closure))
#21 C:\\Users\\Domain\\Desktop\\Laravel\\inventory\\vendor\\laravel\\framework\\src\\Illuminate\\Http\\Middleware\\ValidatePostSize.php(27): Illuminate\\Pipeline\\Pipeline->Illuminate\\Pipeline\\{closure}(Object(Illuminate\\Http\\Request))
#22 C:\\Users\\Domain\\Desktop\\Laravel\\inventory\\vendor\\laravel\\framework\\src\\Illuminate\\Pipeline\\Pipeline.php(208): Illuminate\\Http\\Middleware\\ValidatePostSize->handle(Object(Illuminate\\Http\\Request), Object(Closure))
#23 C:\\Users\\Domain\\Desktop\\Laravel\\inventory\\vendor\\laravel\\framework\\src\\Illuminate\\Foundation\\Http\\Middleware\\PreventRequestsDuringMaintenance.php(109): Illuminate\\Pipeline\\Pipeline->Illuminate\\Pipeline\\{closure}(Object(Illuminate\\Http\\Request))
#24 C:\\Users\\Domain\\Desktop\\Laravel\\inventory\\vendor\\laravel\\framework\\src\\Illuminate\\Pipeline\\Pipeline.php(208): Illuminate\\Foundation\\Http\\Middleware\\PreventRequestsDuringMaintenance->handle(Object(Illuminate\\Http\\Request), Object(Closure))
#25 C:\\Users\\Domain\\Desktop\\Laravel\\inventory\\vendor\\laravel\\framework\\src\\Illuminate\\Http\\Middleware\\HandleCors.php(61): Illuminate\\Pipeline\\Pipeline->Illuminate\\Pipeline\\{closure}(Object(Illuminate\\Http\\Request))
#26 C:\\Users\\Domain\\Desktop\\Laravel\\inventory\\vendor\\laravel\\framework\\src\\Illuminate\\Pipeline\\Pipeline.php(208): Illuminate\\Http\\Middleware\\HandleCors->handle(Object(Illuminate\\Http\\Request), Object(Closure))
#27 C:\\Users\\Domain\\Desktop\\Laravel\\inventory\\vendor\\laravel\\framework\\src\\Illuminate\\Http\\Middleware\\TrustProxies.php(58): Illuminate\\Pipeline\\Pipeline->Illuminate\\Pipeline\\{closure}(Object(Illuminate\\Http\\Request))
#28 C:\\Users\\Domain\\Desktop\\Laravel\\inventory\\vendor\\laravel\\framework\\src\\Illuminate\\Pipeline\\Pipeline.php(208): Illuminate\\Http\\Middleware\\TrustProxies->handle(Object(Illuminate\\Http\\Request), Object(Closure))
#29 C:\\Users\\Domain\\Desktop\\Laravel\\inventory\\vendor\\laravel\\framework\\src\\Illuminate\\Foundation\\Http\\Middleware\\InvokeDeferredCallbacks.php(22): Illuminate\\Pipeline\\Pipeline->Illuminate\\Pipeline\\{closure}(Object(Illuminate\\Http\\Request))
#30 C:\\Users\\Domain\\Desktop\\Laravel\\inventory\\vendor\\laravel\\framework\\src\\Illuminate\\Pipeline\\Pipeline.php(208): Illuminate\\Foundation\\Http\\Middleware\\InvokeDeferredCallbacks->handle(Object(Illuminate\\Http\\Request), Object(Closure))
#31 C:\\Users\\Domain\\Desktop\\Laravel\\inventory\\vendor\\laravel\\framework\\src\\Illuminate\\Http\\Middleware\\ValidatePathEncoding.php(26): Illuminate\\Pipeline\\Pipeline->Illuminate\\Pipeline\\{closure}(Object(Illuminate\\Http\\Request))
#32 C:\\Users\\Domain\\Desktop\\Laravel\\inventory\\vendor\\laravel\\framework\\src\\Illuminate\\Pipeline\\Pipeline.php(208): Illuminate\\Http\\Middleware\\ValidatePathEncoding->handle(Object(Illuminate\\Http\\Request), Object(Closure))
#33 C:\\Users\\Domain\\Desktop\\Laravel\\inventory\\app\\Http\\Middleware\\Cors.php(16): Illuminate\\Pipeline\\Pipeline->Illuminate\\Pipeline\\{closure}(Object(Illuminate\\Http\\Request))
#34 C:\\Users\\Domain\\Desktop\\Laravel\\inventory\\vendor\\laravel\\framework\\src\\Illuminate\\Pipeline\\Pipeline.php(208): App\\Http\\Middleware\\Cors->handle(Object(Illuminate\\Http\\Request), Object(Closure))
#35 C:\\Users\\Domain\\Desktop\\Laravel\\inventory\\vendor\\laravel\\framework\\src\\Illuminate\\Pipeline\\Pipeline.php(126): Illuminate\\Pipeline\\Pipeline->Illuminate\\Pipeline\\{closure}(Object(Illuminate\\Http\\Request))
#36 C:\\Users\\Domain\\Desktop\\Laravel\\inventory\\vendor\\laravel\\framework\\src\\Illuminate\\Foundation\\Http\\Kernel.php(175): Illuminate\\Pipeline\\Pipeline->then(Object(Closure))
#37 C:\\Users\\Domain\\Desktop\\Laravel\\inventory\\vendor\\laravel\\framework\\src\\Illuminate\\Foundation\\Http\\Kernel.php(144): Illuminate\\Foundation\\Http\\Kernel->sendRequestThroughRouter(Object(Illuminate\\Http\\Request))
#38 C:\\Users\\Domain\\Desktop\\Laravel\\inventory\\vendor\\laravel\\framework\\src\\Illuminate\\Foundation\\Application.php(1219): Illuminate\\Foundation\\Http\\Kernel->handle(Object(Illuminate\\Http\\Request))
#39 C:\\Users\\Domain\\Desktop\\Laravel\\inventory\\public\\index.php(20): Illuminate\\Foundation\\Application->handleRequest(Object(Illuminate\\Http\\Request))
#40 C:\\Users\\Domain\\Desktop\\Laravel\\inventory\\vendor\\laravel\\framework\\src\\Illuminate\\Foundation\\resources\\server.php(23): require_once('C:\\\\Users\\\\Domain...')
#41 {main}
"} 
[2025-05-16 09:19:38] local.ERROR: Call to undefined function Symfony\Component\Console\proc_close() {"userId":1,"exception":"[object] (Error(code: 0): Call to undefined function Symfony\\Component\\Console\\proc_close() at /home/umgroupc/public_html/inventory.umgroup.com.my/vendor/symfony/console/Terminal.php:219)
[stacktrace]
#0 /home/umgroupc/public_html/inventory.umgroup.com.my/vendor/symfony/console/Terminal.php(196): Symfony\\Component\\Console\\Terminal::readFromProcess(Array)
#1 /home/umgroupc/public_html/inventory.umgroup.com.my/vendor/symfony/console/Terminal.php(162): Symfony\\Component\\Console\\Terminal::getSttyColumns()
#2 /home/umgroupc/public_html/inventory.umgroup.com.my/vendor/symfony/console/Terminal.php(153): Symfony\\Component\\Console\\Terminal::initDimensionsUsingStty()
#3 /home/umgroupc/public_html/inventory.umgroup.com.my/vendor/symfony/console/Terminal.php(111): Symfony\\Component\\Console\\Terminal::initDimensions()
#4 /home/umgroupc/public_html/inventory.umgroup.com.my/vendor/symfony/console/Application.php(167): Symfony\\Component\\Console\\Terminal->getHeight()
#5 /home/umgroupc/public_html/inventory.umgroup.com.my/vendor/laravel/framework/src/Illuminate/Console/Application.php(163): Symfony\\Component\\Console\\Application->run(Object(Symfony\\Component\\Console\\Input\\StringInput), Object(Symfony\\Component\\Console\\Output\\BufferedOutput))
#6 /home/umgroupc/public_html/inventory.umgroup.com.my/vendor/laravel/framework/src/Illuminate/Foundation/Console/Kernel.php(426): Illuminate\\Console\\Application->call('optimize:clear', Array, NULL)
#7 /home/umgroupc/public_html/inventory.umgroup.com.my/vendor/laravel/framework/src/Illuminate/Support/Facades/Facade.php(361): Illuminate\\Foundation\\Console\\Kernel->call('optimize:clear')
#8 /home/umgroupc/public_html/inventory.umgroup.com.my/routes/api.php(73): Illuminate\\Support\\Facades\\Facade::__callStatic('call', Array)
#9 /home/umgroupc/public_html/inventory.umgroup.com.my/vendor/laravel/framework/src/Illuminate/Routing/CallableDispatcher.php(39): Illuminate\\Routing\\RouteFileRegistrar->{closure}(Object(Illuminate\\Http\\Request))
#10 /home/umgroupc/public_html/inventory.umgroup.com.my/vendor/laravel/framework/src/Illuminate/Routing/Route.php(243): Illuminate\\Routing\\CallableDispatcher->dispatch(Object(Illuminate\\Routing\\Route), Object(Closure))
#11 /home/umgroupc/public_html/inventory.umgroup.com.my/vendor/laravel/framework/src/Illuminate/Routing/Route.php(214): Illuminate\\Routing\\Route->runCallable()
#12 /home/umgroupc/public_html/inventory.umgroup.com.my/vendor/laravel/framework/src/Illuminate/Routing/Router.php(808): Illuminate\\Routing\\Route->run()
#13 /home/umgroupc/public_html/inventory.umgroup.com.my/vendor/laravel/framework/src/Illuminate/Pipeline/Pipeline.php(169): Illuminate\\Routing\\Router->Illuminate\\Routing\\{closure}(Object(Illuminate\\Http\\Request))
#14 /home/umgroupc/public_html/inventory.umgroup.com.my/vendor/laravel/framework/src/Illuminate/Routing/Middleware/SubstituteBindings.php(50): Illuminate\\Pipeline\\Pipeline->Illuminate\\Pipeline\\{closure}(Object(Illuminate\\Http\\Request))
#15 /home/umgroupc/public_html/inventory.umgroup.com.my/vendor/laravel/framework/src/Illuminate/Pipeline/Pipeline.php(208): Illuminate\\Routing\\Middleware\\SubstituteBindings->handle(Object(Illuminate\\Http\\Request), Object(Closure))
#16 /home/umgroupc/public_html/inventory.umgroup.com.my/vendor/laravel/framework/src/Illuminate/Auth/Middleware/Authenticate.php(63): Illuminate\\Pipeline\\Pipeline->Illuminate\\Pipeline\\{closure}(Object(Illuminate\\Http\\Request))
#17 /home/umgroupc/public_html/inventory.umgroup.com.my/vendor/laravel/framework/src/Illuminate/Pipeline/Pipeline.php(208): Illuminate\\Auth\\Middleware\\Authenticate->handle(Object(Illuminate\\Http\\Request), Object(Closure), 'sanctum')
#18 /home/umgroupc/public_html/inventory.umgroup.com.my/vendor/laravel/framework/src/Illuminate/Pipeline/Pipeline.php(126): Illuminate\\Pipeline\\Pipeline->Illuminate\\Pipeline\\{closure}(Object(Illuminate\\Http\\Request))
#19 /home/umgroupc/public_html/inventory.umgroup.com.my/vendor/laravel/framework/src/Illuminate/Routing/Router.php(807): Illuminate\\Pipeline\\Pipeline->then(Object(Closure))
#20 /home/umgroupc/public_html/inventory.umgroup.com.my/vendor/laravel/framework/src/Illuminate/Routing/Router.php(786): Illuminate\\Routing\\Router->runRouteWithinStack(Object(Illuminate\\Routing\\Route), Object(Illuminate\\Http\\Request))
#21 /home/umgroupc/public_html/inventory.umgroup.com.my/vendor/laravel/framework/src/Illuminate/Routing/Router.php(750): Illuminate\\Routing\\Router->runRoute(Object(Illuminate\\Http\\Request), Object(Illuminate\\Routing\\Route))
#22 /home/umgroupc/public_html/inventory.umgroup.com.my/vendor/laravel/framework/src/Illuminate/Routing/Router.php(739): Illuminate\\Routing\\Router->dispatchToRoute(Object(Illuminate\\Http\\Request))
#23 /home/umgroupc/public_html/inventory.umgroup.com.my/vendor/laravel/framework/src/Illuminate/Foundation/Http/Kernel.php(200): Illuminate\\Routing\\Router->dispatch(Object(Illuminate\\Http\\Request))
#24 /home/umgroupc/public_html/inventory.umgroup.com.my/vendor/laravel/framework/src/Illuminate/Pipeline/Pipeline.php(169): Illuminate\\Foundation\\Http\\Kernel->Illuminate\\Foundation\\Http\\{closure}(Object(Illuminate\\Http\\Request))
#25 /home/umgroupc/public_html/inventory.umgroup.com.my/vendor/laravel/framework/src/Illuminate/Foundation/Http/Middleware/TransformsRequest.php(21): Illuminate\\Pipeline\\Pipeline->Illuminate\\Pipeline\\{closure}(Object(Illuminate\\Http\\Request))
#26 /home/umgroupc/public_html/inventory.umgroup.com.my/vendor/laravel/framework/src/Illuminate/Foundation/Http/Middleware/ConvertEmptyStringsToNull.php(31): Illuminate\\Foundation\\Http\\Middleware\\TransformsRequest->handle(Object(Illuminate\\Http\\Request), Object(Closure))
#27 /home/umgroupc/public_html/inventory.umgroup.com.my/vendor/laravel/framework/src/Illuminate/Pipeline/Pipeline.php(208): Illuminate\\Foundation\\Http\\Middleware\\ConvertEmptyStringsToNull->handle(Object(Illuminate\\Http\\Request), Object(Closure))
#28 /home/umgroupc/public_html/inventory.umgroup.com.my/vendor/laravel/framework/src/Illuminate/Foundation/Http/Middleware/TransformsRequest.php(21): Illuminate\\Pipeline\\Pipeline->Illuminate\\Pipeline\\{closure}(Object(Illuminate\\Http\\Request))
#29 /home/umgroupc/public_html/inventory.umgroup.com.my/vendor/laravel/framework/src/Illuminate/Foundation/Http/Middleware/TrimStrings.php(51): Illuminate\\Foundation\\Http\\Middleware\\TransformsRequest->handle(Object(Illuminate\\Http\\Request), Object(Closure))
#30 /home/umgroupc/public_html/inventory.umgroup.com.my/vendor/laravel/framework/src/Illuminate/Pipeline/Pipeline.php(208): Illuminate\\Foundation\\Http\\Middleware\\TrimStrings->handle(Object(Illuminate\\Http\\Request), Object(Closure))
#31 /home/umgroupc/public_html/inventory.umgroup.com.my/vendor/laravel/framework/src/Illuminate/Http/Middleware/ValidatePostSize.php(27): Illuminate\\Pipeline\\Pipeline->Illuminate\\Pipeline\\{closure}(Object(Illuminate\\Http\\Request))
#32 /home/umgroupc/public_html/inventory.umgroup.com.my/vendor/laravel/framework/src/Illuminate/Pipeline/Pipeline.php(208): Illuminate\\Http\\Middleware\\ValidatePostSize->handle(Object(Illuminate\\Http\\Request), Object(Closure))
#33 /home/umgroupc/public_html/inventory.umgroup.com.my/vendor/laravel/framework/src/Illuminate/Foundation/Http/Middleware/PreventRequestsDuringMaintenance.php(109): Illuminate\\Pipeline\\Pipeline->Illuminate\\Pipeline\\{closure}(Object(Illuminate\\Http\\Request))
#34 /home/umgroupc/public_html/inventory.umgroup.com.my/vendor/laravel/framework/src/Illuminate/Pipeline/Pipeline.php(208): Illuminate\\Foundation\\Http\\Middleware\\PreventRequestsDuringMaintenance->handle(Object(Illuminate\\Http\\Request), Object(Closure))
#35 /home/umgroupc/public_html/inventory.umgroup.com.my/vendor/laravel/framework/src/Illuminate/Http/Middleware/HandleCors.php(61): Illuminate\\Pipeline\\Pipeline->Illuminate\\Pipeline\\{closure}(Object(Illuminate\\Http\\Request))
#36 /home/umgroupc/public_html/inventory.umgroup.com.my/vendor/laravel/framework/src/Illuminate/Pipeline/Pipeline.php(208): Illuminate\\Http\\Middleware\\HandleCors->handle(Object(Illuminate\\Http\\Request), Object(Closure))
#37 /home/umgroupc/public_html/inventory.umgroup.com.my/vendor/laravel/framework/src/Illuminate/Http/Middleware/TrustProxies.php(58): Illuminate\\Pipeline\\Pipeline->Illuminate\\Pipeline\\{closure}(Object(Illuminate\\Http\\Request))
#38 /home/umgroupc/public_html/inventory.umgroup.com.my/vendor/laravel/framework/src/Illuminate/Pipeline/Pipeline.php(208): Illuminate\\Http\\Middleware\\TrustProxies->handle(Object(Illuminate\\Http\\Request), Object(Closure))
#39 /home/umgroupc/public_html/inventory.umgroup.com.my/vendor/laravel/framework/src/Illuminate/Foundation/Http/Middleware/InvokeDeferredCallbacks.php(22): Illuminate\\Pipeline\\Pipeline->Illuminate\\Pipeline\\{closure}(Object(Illuminate\\Http\\Request))
#40 /home/umgroupc/public_html/inventory.umgroup.com.my/vendor/laravel/framework/src/Illuminate/Pipeline/Pipeline.php(208): Illuminate\\Foundation\\Http\\Middleware\\InvokeDeferredCallbacks->handle(Object(Illuminate\\Http\\Request), Object(Closure))
#41 /home/umgroupc/public_html/inventory.umgroup.com.my/vendor/laravel/framework/src/Illuminate/Http/Middleware/ValidatePathEncoding.php(26): Illuminate\\Pipeline\\Pipeline->Illuminate\\Pipeline\\{closure}(Object(Illuminate\\Http\\Request))
#42 /home/umgroupc/public_html/inventory.umgroup.com.my/vendor/laravel/framework/src/Illuminate/Pipeline/Pipeline.php(208): Illuminate\\Http\\Middleware\\ValidatePathEncoding->handle(Object(Illuminate\\Http\\Request), Object(Closure))
#43 /home/umgroupc/public_html/inventory.umgroup.com.my/app/Http/Middleware/Cors.php(16): Illuminate\\Pipeline\\Pipeline->Illuminate\\Pipeline\\{closure}(Object(Illuminate\\Http\\Request))
#44 /home/umgroupc/public_html/inventory.umgroup.com.my/vendor/laravel/framework/src/Illuminate/Pipeline/Pipeline.php(208): App\\Http\\Middleware\\Cors->handle(Object(Illuminate\\Http\\Request), Object(Closure))
#45 /home/umgroupc/public_html/inventory.umgroup.com.my/vendor/laravel/framework/src/Illuminate/Pipeline/Pipeline.php(126): Illuminate\\Pipeline\\Pipeline->Illuminate\\Pipeline\\{closure}(Object(Illuminate\\Http\\Request))
#46 /home/umgroupc/public_html/inventory.umgroup.com.my/vendor/laravel/framework/src/Illuminate/Foundation/Http/Kernel.php(175): Illuminate\\Pipeline\\Pipeline->then(Object(Closure))
#47 /home/umgroupc/public_html/inventory.umgroup.com.my/vendor/laravel/framework/src/Illuminate/Foundation/Http/Kernel.php(144): Illuminate\\Foundation\\Http\\Kernel->sendRequestThroughRouter(Object(Illuminate\\Http\\Request))
#48 /home/umgroupc/public_html/inventory.umgroup.com.my/vendor/laravel/framework/src/Illuminate/Foundation/Application.php(1219): Illuminate\\Foundation\\Http\\Kernel->handle(Object(Illuminate\\Http\\Request))
#49 /home/umgroupc/public_html/inventory.umgroup.com.my/public/index.php(20): Illuminate\\Foundation\\Application->handleRequest(Object(Illuminate\\Http\\Request))
#50 {main}
"} 
[2025-05-16 09:20:22] local.ERROR: Call to undefined function Symfony\Component\Console\proc_close() {"exception":"[object] (Error(code: 0): Call to undefined function Symfony\\Component\\Console\\proc_close() at /home/umgroupc/public_html/inventory.umgroup.com.my/vendor/symfony/console/Terminal.php:219)
[stacktrace]
#0 /home/umgroupc/public_html/inventory.umgroup.com.my/vendor/symfony/console/Terminal.php(196): Symfony\\Component\\Console\\Terminal::readFromProcess(Array)
#1 /home/umgroupc/public_html/inventory.umgroup.com.my/vendor/symfony/console/Terminal.php(162): Symfony\\Component\\Console\\Terminal::getSttyColumns()
#2 /home/umgroupc/public_html/inventory.umgroup.com.my/vendor/symfony/console/Terminal.php(153): Symfony\\Component\\Console\\Terminal::initDimensionsUsingStty()
#3 /home/umgroupc/public_html/inventory.umgroup.com.my/vendor/symfony/console/Terminal.php(111): Symfony\\Component\\Console\\Terminal::initDimensions()
#4 /home/umgroupc/public_html/inventory.umgroup.com.my/vendor/symfony/console/Application.php(167): Symfony\\Component\\Console\\Terminal->getHeight()
#5 /home/umgroupc/public_html/inventory.umgroup.com.my/vendor/laravel/framework/src/Illuminate/Console/Application.php(163): Symfony\\Component\\Console\\Application->run(Object(Symfony\\Component\\Console\\Input\\StringInput), Object(Symfony\\Component\\Console\\Output\\BufferedOutput))
#6 /home/umgroupc/public_html/inventory.umgroup.com.my/vendor/laravel/framework/src/Illuminate/Foundation/Console/Kernel.php(426): Illuminate\\Console\\Application->call('optimize:clear', Array, NULL)
#7 /home/umgroupc/public_html/inventory.umgroup.com.my/vendor/laravel/framework/src/Illuminate/Support/Facades/Facade.php(361): Illuminate\\Foundation\\Console\\Kernel->call('optimize:clear')
#8 /home/umgroupc/public_html/inventory.umgroup.com.my/routes/api.php(41): Illuminate\\Support\\Facades\\Facade::__callStatic('call', Array)
#9 /home/umgroupc/public_html/inventory.umgroup.com.my/vendor/laravel/framework/src/Illuminate/Routing/CallableDispatcher.php(39): Illuminate\\Routing\\RouteFileRegistrar->{closure}(Object(Illuminate\\Http\\Request))
#10 /home/umgroupc/public_html/inventory.umgroup.com.my/vendor/laravel/framework/src/Illuminate/Routing/Route.php(243): Illuminate\\Routing\\CallableDispatcher->dispatch(Object(Illuminate\\Routing\\Route), Object(Closure))
#11 /home/umgroupc/public_html/inventory.umgroup.com.my/vendor/laravel/framework/src/Illuminate/Routing/Route.php(214): Illuminate\\Routing\\Route->runCallable()
#12 /home/umgroupc/public_html/inventory.umgroup.com.my/vendor/laravel/framework/src/Illuminate/Routing/Router.php(808): Illuminate\\Routing\\Route->run()
#13 /home/umgroupc/public_html/inventory.umgroup.com.my/vendor/laravel/framework/src/Illuminate/Pipeline/Pipeline.php(169): Illuminate\\Routing\\Router->Illuminate\\Routing\\{closure}(Object(Illuminate\\Http\\Request))
#14 /home/umgroupc/public_html/inventory.umgroup.com.my/vendor/laravel/framework/src/Illuminate/Routing/Middleware/SubstituteBindings.php(50): Illuminate\\Pipeline\\Pipeline->Illuminate\\Pipeline\\{closure}(Object(Illuminate\\Http\\Request))
#15 /home/umgroupc/public_html/inventory.umgroup.com.my/vendor/laravel/framework/src/Illuminate/Pipeline/Pipeline.php(208): Illuminate\\Routing\\Middleware\\SubstituteBindings->handle(Object(Illuminate\\Http\\Request), Object(Closure))
#16 /home/umgroupc/public_html/inventory.umgroup.com.my/vendor/laravel/framework/src/Illuminate/Pipeline/Pipeline.php(126): Illuminate\\Pipeline\\Pipeline->Illuminate\\Pipeline\\{closure}(Object(Illuminate\\Http\\Request))
#17 /home/umgroupc/public_html/inventory.umgroup.com.my/vendor/laravel/framework/src/Illuminate/Routing/Router.php(807): Illuminate\\Pipeline\\Pipeline->then(Object(Closure))
#18 /home/umgroupc/public_html/inventory.umgroup.com.my/vendor/laravel/framework/src/Illuminate/Routing/Router.php(786): Illuminate\\Routing\\Router->runRouteWithinStack(Object(Illuminate\\Routing\\Route), Object(Illuminate\\Http\\Request))
#19 /home/umgroupc/public_html/inventory.umgroup.com.my/vendor/laravel/framework/src/Illuminate/Routing/Router.php(750): Illuminate\\Routing\\Router->runRoute(Object(Illuminate\\Http\\Request), Object(Illuminate\\Routing\\Route))
#20 /home/umgroupc/public_html/inventory.umgroup.com.my/vendor/laravel/framework/src/Illuminate/Routing/Router.php(739): Illuminate\\Routing\\Router->dispatchToRoute(Object(Illuminate\\Http\\Request))
#21 /home/umgroupc/public_html/inventory.umgroup.com.my/vendor/laravel/framework/src/Illuminate/Foundation/Http/Kernel.php(200): Illuminate\\Routing\\Router->dispatch(Object(Illuminate\\Http\\Request))
#22 /home/umgroupc/public_html/inventory.umgroup.com.my/vendor/laravel/framework/src/Illuminate/Pipeline/Pipeline.php(169): Illuminate\\Foundation\\Http\\Kernel->Illuminate\\Foundation\\Http\\{closure}(Object(Illuminate\\Http\\Request))
#23 /home/umgroupc/public_html/inventory.umgroup.com.my/vendor/laravel/framework/src/Illuminate/Foundation/Http/Middleware/TransformsRequest.php(21): Illuminate\\Pipeline\\Pipeline->Illuminate\\Pipeline\\{closure}(Object(Illuminate\\Http\\Request))
#24 /home/umgroupc/public_html/inventory.umgroup.com.my/vendor/laravel/framework/src/Illuminate/Foundation/Http/Middleware/ConvertEmptyStringsToNull.php(31): Illuminate\\Foundation\\Http\\Middleware\\TransformsRequest->handle(Object(Illuminate\\Http\\Request), Object(Closure))
#25 /home/umgroupc/public_html/inventory.umgroup.com.my/vendor/laravel/framework/src/Illuminate/Pipeline/Pipeline.php(208): Illuminate\\Foundation\\Http\\Middleware\\ConvertEmptyStringsToNull->handle(Object(Illuminate\\Http\\Request), Object(Closure))
#26 /home/umgroupc/public_html/inventory.umgroup.com.my/vendor/laravel/framework/src/Illuminate/Foundation/Http/Middleware/TransformsRequest.php(21): Illuminate\\Pipeline\\Pipeline->Illuminate\\Pipeline\\{closure}(Object(Illuminate\\Http\\Request))
#27 /home/umgroupc/public_html/inventory.umgroup.com.my/vendor/laravel/framework/src/Illuminate/Foundation/Http/Middleware/TrimStrings.php(51): Illuminate\\Foundation\\Http\\Middleware\\TransformsRequest->handle(Object(Illuminate\\Http\\Request), Object(Closure))
#28 /home/umgroupc/public_html/inventory.umgroup.com.my/vendor/laravel/framework/src/Illuminate/Pipeline/Pipeline.php(208): Illuminate\\Foundation\\Http\\Middleware\\TrimStrings->handle(Object(Illuminate\\Http\\Request), Object(Closure))
#29 /home/umgroupc/public_html/inventory.umgroup.com.my/vendor/laravel/framework/src/Illuminate/Http/Middleware/ValidatePostSize.php(27): Illuminate\\Pipeline\\Pipeline->Illuminate\\Pipeline\\{closure}(Object(Illuminate\\Http\\Request))
#30 /home/umgroupc/public_html/inventory.umgroup.com.my/vendor/laravel/framework/src/Illuminate/Pipeline/Pipeline.php(208): Illuminate\\Http\\Middleware\\ValidatePostSize->handle(Object(Illuminate\\Http\\Request), Object(Closure))
#31 /home/umgroupc/public_html/inventory.umgroup.com.my/vendor/laravel/framework/src/Illuminate/Foundation/Http/Middleware/PreventRequestsDuringMaintenance.php(109): Illuminate\\Pipeline\\Pipeline->Illuminate\\Pipeline\\{closure}(Object(Illuminate\\Http\\Request))
#32 /home/umgroupc/public_html/inventory.umgroup.com.my/vendor/laravel/framework/src/Illuminate/Pipeline/Pipeline.php(208): Illuminate\\Foundation\\Http\\Middleware\\PreventRequestsDuringMaintenance->handle(Object(Illuminate\\Http\\Request), Object(Closure))
#33 /home/umgroupc/public_html/inventory.umgroup.com.my/vendor/laravel/framework/src/Illuminate/Http/Middleware/HandleCors.php(61): Illuminate\\Pipeline\\Pipeline->Illuminate\\Pipeline\\{closure}(Object(Illuminate\\Http\\Request))
#34 /home/umgroupc/public_html/inventory.umgroup.com.my/vendor/laravel/framework/src/Illuminate/Pipeline/Pipeline.php(208): Illuminate\\Http\\Middleware\\HandleCors->handle(Object(Illuminate\\Http\\Request), Object(Closure))
#35 /home/umgroupc/public_html/inventory.umgroup.com.my/vendor/laravel/framework/src/Illuminate/Http/Middleware/TrustProxies.php(58): Illuminate\\Pipeline\\Pipeline->Illuminate\\Pipeline\\{closure}(Object(Illuminate\\Http\\Request))
#36 /home/umgroupc/public_html/inventory.umgroup.com.my/vendor/laravel/framework/src/Illuminate/Pipeline/Pipeline.php(208): Illuminate\\Http\\Middleware\\TrustProxies->handle(Object(Illuminate\\Http\\Request), Object(Closure))
#37 /home/umgroupc/public_html/inventory.umgroup.com.my/vendor/laravel/framework/src/Illuminate/Foundation/Http/Middleware/InvokeDeferredCallbacks.php(22): Illuminate\\Pipeline\\Pipeline->Illuminate\\Pipeline\\{closure}(Object(Illuminate\\Http\\Request))
#38 /home/umgroupc/public_html/inventory.umgroup.com.my/vendor/laravel/framework/src/Illuminate/Pipeline/Pipeline.php(208): Illuminate\\Foundation\\Http\\Middleware\\InvokeDeferredCallbacks->handle(Object(Illuminate\\Http\\Request), Object(Closure))
#39 /home/umgroupc/public_html/inventory.umgroup.com.my/vendor/laravel/framework/src/Illuminate/Http/Middleware/ValidatePathEncoding.php(26): Illuminate\\Pipeline\\Pipeline->Illuminate\\Pipeline\\{closure}(Object(Illuminate\\Http\\Request))
#40 /home/umgroupc/public_html/inventory.umgroup.com.my/vendor/laravel/framework/src/Illuminate/Pipeline/Pipeline.php(208): Illuminate\\Http\\Middleware\\ValidatePathEncoding->handle(Object(Illuminate\\Http\\Request), Object(Closure))
#41 /home/umgroupc/public_html/inventory.umgroup.com.my/app/Http/Middleware/Cors.php(16): Illuminate\\Pipeline\\Pipeline->Illuminate\\Pipeline\\{closure}(Object(Illuminate\\Http\\Request))
#42 /home/umgroupc/public_html/inventory.umgroup.com.my/vendor/laravel/framework/src/Illuminate/Pipeline/Pipeline.php(208): App\\Http\\Middleware\\Cors->handle(Object(Illuminate\\Http\\Request), Object(Closure))
#43 /home/umgroupc/public_html/inventory.umgroup.com.my/vendor/laravel/framework/src/Illuminate/Pipeline/Pipeline.php(126): Illuminate\\Pipeline\\Pipeline->Illuminate\\Pipeline\\{closure}(Object(Illuminate\\Http\\Request))
#44 /home/umgroupc/public_html/inventory.umgroup.com.my/vendor/laravel/framework/src/Illuminate/Foundation/Http/Kernel.php(175): Illuminate\\Pipeline\\Pipeline->then(Object(Closure))
#45 /home/umgroupc/public_html/inventory.umgroup.com.my/vendor/laravel/framework/src/Illuminate/Foundation/Http/Kernel.php(144): Illuminate\\Foundation\\Http\\Kernel->sendRequestThroughRouter(Object(Illuminate\\Http\\Request))
#46 /home/umgroupc/public_html/inventory.umgroup.com.my/vendor/laravel/framework/src/Illuminate/Foundation/Application.php(1219): Illuminate\\Foundation\\Http\\Kernel->handle(Object(Illuminate\\Http\\Request))
#47 /home/umgroupc/public_html/inventory.umgroup.com.my/public/index.php(20): Illuminate\\Foundation\\Application->handleRequest(Object(Illuminate\\Http\\Request))
#48 {main}
"} 
[2025-05-16 09:21:54] local.ERROR: Call to undefined function Symfony\Component\Console\proc_close() {"userId":1,"exception":"[object] (Error(code: 0): Call to undefined function Symfony\\Component\\Console\\proc_close() at /home/umgroupc/public_html/inventory.umgroup.com.my/vendor/symfony/console/Terminal.php:219)
[stacktrace]
#0 /home/umgroupc/public_html/inventory.umgroup.com.my/vendor/symfony/console/Terminal.php(196): Symfony\\Component\\Console\\Terminal::readFromProcess(Array)
#1 /home/umgroupc/public_html/inventory.umgroup.com.my/vendor/symfony/console/Terminal.php(162): Symfony\\Component\\Console\\Terminal::getSttyColumns()
#2 /home/umgroupc/public_html/inventory.umgroup.com.my/vendor/symfony/console/Terminal.php(153): Symfony\\Component\\Console\\Terminal::initDimensionsUsingStty()
#3 /home/umgroupc/public_html/inventory.umgroup.com.my/vendor/symfony/console/Terminal.php(111): Symfony\\Component\\Console\\Terminal::initDimensions()
#4 /home/umgroupc/public_html/inventory.umgroup.com.my/vendor/symfony/console/Application.php(167): Symfony\\Component\\Console\\Terminal->getHeight()
#5 /home/umgroupc/public_html/inventory.umgroup.com.my/vendor/laravel/framework/src/Illuminate/Console/Application.php(163): Symfony\\Component\\Console\\Application->run(Object(Symfony\\Component\\Console\\Input\\StringInput), Object(Symfony\\Component\\Console\\Output\\BufferedOutput))
#6 /home/umgroupc/public_html/inventory.umgroup.com.my/vendor/laravel/framework/src/Illuminate/Foundation/Console/Kernel.php(426): Illuminate\\Console\\Application->call('optimize:clear', Array, NULL)
#7 /home/umgroupc/public_html/inventory.umgroup.com.my/vendor/laravel/framework/src/Illuminate/Support/Facades/Facade.php(361): Illuminate\\Foundation\\Console\\Kernel->call('optimize:clear')
#8 /home/umgroupc/public_html/inventory.umgroup.com.my/routes/api.php(78): Illuminate\\Support\\Facades\\Facade::__callStatic('call', Array)
#9 /home/umgroupc/public_html/inventory.umgroup.com.my/vendor/laravel/framework/src/Illuminate/Routing/CallableDispatcher.php(39): Illuminate\\Routing\\RouteFileRegistrar->{closure}(Object(Illuminate\\Http\\Request))
#10 /home/umgroupc/public_html/inventory.umgroup.com.my/vendor/laravel/framework/src/Illuminate/Routing/Route.php(243): Illuminate\\Routing\\CallableDispatcher->dispatch(Object(Illuminate\\Routing\\Route), Object(Closure))
#11 /home/umgroupc/public_html/inventory.umgroup.com.my/vendor/laravel/framework/src/Illuminate/Routing/Route.php(214): Illuminate\\Routing\\Route->runCallable()
#12 /home/umgroupc/public_html/inventory.umgroup.com.my/vendor/laravel/framework/src/Illuminate/Routing/Router.php(808): Illuminate\\Routing\\Route->run()
#13 /home/umgroupc/public_html/inventory.umgroup.com.my/vendor/laravel/framework/src/Illuminate/Pipeline/Pipeline.php(169): Illuminate\\Routing\\Router->Illuminate\\Routing\\{closure}(Object(Illuminate\\Http\\Request))
#14 /home/umgroupc/public_html/inventory.umgroup.com.my/vendor/laravel/framework/src/Illuminate/Routing/Middleware/SubstituteBindings.php(50): Illuminate\\Pipeline\\Pipeline->Illuminate\\Pipeline\\{closure}(Object(Illuminate\\Http\\Request))
#15 /home/umgroupc/public_html/inventory.umgroup.com.my/vendor/laravel/framework/src/Illuminate/Pipeline/Pipeline.php(208): Illuminate\\Routing\\Middleware\\SubstituteBindings->handle(Object(Illuminate\\Http\\Request), Object(Closure))
#16 /home/umgroupc/public_html/inventory.umgroup.com.my/vendor/laravel/framework/src/Illuminate/Auth/Middleware/Authenticate.php(63): Illuminate\\Pipeline\\Pipeline->Illuminate\\Pipeline\\{closure}(Object(Illuminate\\Http\\Request))
#17 /home/umgroupc/public_html/inventory.umgroup.com.my/vendor/laravel/framework/src/Illuminate/Pipeline/Pipeline.php(208): Illuminate\\Auth\\Middleware\\Authenticate->handle(Object(Illuminate\\Http\\Request), Object(Closure), 'sanctum')
#18 /home/umgroupc/public_html/inventory.umgroup.com.my/vendor/laravel/framework/src/Illuminate/Pipeline/Pipeline.php(126): Illuminate\\Pipeline\\Pipeline->Illuminate\\Pipeline\\{closure}(Object(Illuminate\\Http\\Request))
#19 /home/umgroupc/public_html/inventory.umgroup.com.my/vendor/laravel/framework/src/Illuminate/Routing/Router.php(807): Illuminate\\Pipeline\\Pipeline->then(Object(Closure))
#20 /home/umgroupc/public_html/inventory.umgroup.com.my/vendor/laravel/framework/src/Illuminate/Routing/Router.php(786): Illuminate\\Routing\\Router->runRouteWithinStack(Object(Illuminate\\Routing\\Route), Object(Illuminate\\Http\\Request))
#21 /home/umgroupc/public_html/inventory.umgroup.com.my/vendor/laravel/framework/src/Illuminate/Routing/Router.php(750): Illuminate\\Routing\\Router->runRoute(Object(Illuminate\\Http\\Request), Object(Illuminate\\Routing\\Route))
#22 /home/umgroupc/public_html/inventory.umgroup.com.my/vendor/laravel/framework/src/Illuminate/Routing/Router.php(739): Illuminate\\Routing\\Router->dispatchToRoute(Object(Illuminate\\Http\\Request))
#23 /home/umgroupc/public_html/inventory.umgroup.com.my/vendor/laravel/framework/src/Illuminate/Foundation/Http/Kernel.php(200): Illuminate\\Routing\\Router->dispatch(Object(Illuminate\\Http\\Request))
#24 /home/umgroupc/public_html/inventory.umgroup.com.my/vendor/laravel/framework/src/Illuminate/Pipeline/Pipeline.php(169): Illuminate\\Foundation\\Http\\Kernel->Illuminate\\Foundation\\Http\\{closure}(Object(Illuminate\\Http\\Request))
#25 /home/umgroupc/public_html/inventory.umgroup.com.my/vendor/laravel/framework/src/Illuminate/Foundation/Http/Middleware/TransformsRequest.php(21): Illuminate\\Pipeline\\Pipeline->Illuminate\\Pipeline\\{closure}(Object(Illuminate\\Http\\Request))
#26 /home/umgroupc/public_html/inventory.umgroup.com.my/vendor/laravel/framework/src/Illuminate/Foundation/Http/Middleware/ConvertEmptyStringsToNull.php(31): Illuminate\\Foundation\\Http\\Middleware\\TransformsRequest->handle(Object(Illuminate\\Http\\Request), Object(Closure))
#27 /home/umgroupc/public_html/inventory.umgroup.com.my/vendor/laravel/framework/src/Illuminate/Pipeline/Pipeline.php(208): Illuminate\\Foundation\\Http\\Middleware\\ConvertEmptyStringsToNull->handle(Object(Illuminate\\Http\\Request), Object(Closure))
#28 /home/umgroupc/public_html/inventory.umgroup.com.my/vendor/laravel/framework/src/Illuminate/Foundation/Http/Middleware/TransformsRequest.php(21): Illuminate\\Pipeline\\Pipeline->Illuminate\\Pipeline\\{closure}(Object(Illuminate\\Http\\Request))
#29 /home/umgroupc/public_html/inventory.umgroup.com.my/vendor/laravel/framework/src/Illuminate/Foundation/Http/Middleware/TrimStrings.php(51): Illuminate\\Foundation\\Http\\Middleware\\TransformsRequest->handle(Object(Illuminate\\Http\\Request), Object(Closure))
#30 /home/umgroupc/public_html/inventory.umgroup.com.my/vendor/laravel/framework/src/Illuminate/Pipeline/Pipeline.php(208): Illuminate\\Foundation\\Http\\Middleware\\TrimStrings->handle(Object(Illuminate\\Http\\Request), Object(Closure))
#31 /home/umgroupc/public_html/inventory.umgroup.com.my/vendor/laravel/framework/src/Illuminate/Http/Middleware/ValidatePostSize.php(27): Illuminate\\Pipeline\\Pipeline->Illuminate\\Pipeline\\{closure}(Object(Illuminate\\Http\\Request))
#32 /home/umgroupc/public_html/inventory.umgroup.com.my/vendor/laravel/framework/src/Illuminate/Pipeline/Pipeline.php(208): Illuminate\\Http\\Middleware\\ValidatePostSize->handle(Object(Illuminate\\Http\\Request), Object(Closure))
#33 /home/umgroupc/public_html/inventory.umgroup.com.my/vendor/laravel/framework/src/Illuminate/Foundation/Http/Middleware/PreventRequestsDuringMaintenance.php(109): Illuminate\\Pipeline\\Pipeline->Illuminate\\Pipeline\\{closure}(Object(Illuminate\\Http\\Request))
#34 /home/umgroupc/public_html/inventory.umgroup.com.my/vendor/laravel/framework/src/Illuminate/Pipeline/Pipeline.php(208): Illuminate\\Foundation\\Http\\Middleware\\PreventRequestsDuringMaintenance->handle(Object(Illuminate\\Http\\Request), Object(Closure))
#35 /home/umgroupc/public_html/inventory.umgroup.com.my/vendor/laravel/framework/src/Illuminate/Http/Middleware/HandleCors.php(61): Illuminate\\Pipeline\\Pipeline->Illuminate\\Pipeline\\{closure}(Object(Illuminate\\Http\\Request))
#36 /home/umgroupc/public_html/inventory.umgroup.com.my/vendor/laravel/framework/src/Illuminate/Pipeline/Pipeline.php(208): Illuminate\\Http\\Middleware\\HandleCors->handle(Object(Illuminate\\Http\\Request), Object(Closure))
#37 /home/umgroupc/public_html/inventory.umgroup.com.my/vendor/laravel/framework/src/Illuminate/Http/Middleware/TrustProxies.php(58): Illuminate\\Pipeline\\Pipeline->Illuminate\\Pipeline\\{closure}(Object(Illuminate\\Http\\Request))
#38 /home/umgroupc/public_html/inventory.umgroup.com.my/vendor/laravel/framework/src/Illuminate/Pipeline/Pipeline.php(208): Illuminate\\Http\\Middleware\\TrustProxies->handle(Object(Illuminate\\Http\\Request), Object(Closure))
#39 /home/umgroupc/public_html/inventory.umgroup.com.my/vendor/laravel/framework/src/Illuminate/Foundation/Http/Middleware/InvokeDeferredCallbacks.php(22): Illuminate\\Pipeline\\Pipeline->Illuminate\\Pipeline\\{closure}(Object(Illuminate\\Http\\Request))
#40 /home/umgroupc/public_html/inventory.umgroup.com.my/vendor/laravel/framework/src/Illuminate/Pipeline/Pipeline.php(208): Illuminate\\Foundation\\Http\\Middleware\\InvokeDeferredCallbacks->handle(Object(Illuminate\\Http\\Request), Object(Closure))
#41 /home/umgroupc/public_html/inventory.umgroup.com.my/vendor/laravel/framework/src/Illuminate/Http/Middleware/ValidatePathEncoding.php(26): Illuminate\\Pipeline\\Pipeline->Illuminate\\Pipeline\\{closure}(Object(Illuminate\\Http\\Request))
#42 /home/umgroupc/public_html/inventory.umgroup.com.my/vendor/laravel/framework/src/Illuminate/Pipeline/Pipeline.php(208): Illuminate\\Http\\Middleware\\ValidatePathEncoding->handle(Object(Illuminate\\Http\\Request), Object(Closure))
#43 /home/umgroupc/public_html/inventory.umgroup.com.my/app/Http/Middleware/Cors.php(16): Illuminate\\Pipeline\\Pipeline->Illuminate\\Pipeline\\{closure}(Object(Illuminate\\Http\\Request))
#44 /home/umgroupc/public_html/inventory.umgroup.com.my/vendor/laravel/framework/src/Illuminate/Pipeline/Pipeline.php(208): App\\Http\\Middleware\\Cors->handle(Object(Illuminate\\Http\\Request), Object(Closure))
#45 /home/umgroupc/public_html/inventory.umgroup.com.my/vendor/laravel/framework/src/Illuminate/Pipeline/Pipeline.php(126): Illuminate\\Pipeline\\Pipeline->Illuminate\\Pipeline\\{closure}(Object(Illuminate\\Http\\Request))
#46 /home/umgroupc/public_html/inventory.umgroup.com.my/vendor/laravel/framework/src/Illuminate/Foundation/Http/Kernel.php(175): Illuminate\\Pipeline\\Pipeline->then(Object(Closure))
#47 /home/umgroupc/public_html/inventory.umgroup.com.my/vendor/laravel/framework/src/Illuminate/Foundation/Http/Kernel.php(144): Illuminate\\Foundation\\Http\\Kernel->sendRequestThroughRouter(Object(Illuminate\\Http\\Request))
#48 /home/umgroupc/public_html/inventory.umgroup.com.my/vendor/laravel/framework/src/Illuminate/Foundation/Application.php(1219): Illuminate\\Foundation\\Http\\Kernel->handle(Object(Illuminate\\Http\\Request))
#49 /home/umgroupc/public_html/inventory.umgroup.com.my/public/index.php(20): Illuminate\\Foundation\\Application->handleRequest(Object(Illuminate\\Http\\Request))
#50 {main}
"} 
[2025-05-16 09:26:17] local.ERROR: Call to undefined function Symfony\Component\Console\proc_close() {"userId":1,"exception":"[object] (Error(code: 0): Call to undefined function Symfony\\Component\\Console\\proc_close() at /home/umgroupc/public_html/inventory.umgroup.com.my/vendor/symfony/console/Terminal.php:219)
[stacktrace]
#0 /home/umgroupc/public_html/inventory.umgroup.com.my/vendor/symfony/console/Terminal.php(196): Symfony\\Component\\Console\\Terminal::readFromProcess(Array)
#1 /home/umgroupc/public_html/inventory.umgroup.com.my/vendor/symfony/console/Terminal.php(162): Symfony\\Component\\Console\\Terminal::getSttyColumns()
#2 /home/umgroupc/public_html/inventory.umgroup.com.my/vendor/symfony/console/Terminal.php(153): Symfony\\Component\\Console\\Terminal::initDimensionsUsingStty()
#3 /home/umgroupc/public_html/inventory.umgroup.com.my/vendor/symfony/console/Terminal.php(111): Symfony\\Component\\Console\\Terminal::initDimensions()
#4 /home/umgroupc/public_html/inventory.umgroup.com.my/vendor/symfony/console/Application.php(167): Symfony\\Component\\Console\\Terminal->getHeight()
#5 /home/umgroupc/public_html/inventory.umgroup.com.my/vendor/laravel/framework/src/Illuminate/Console/Application.php(163): Symfony\\Component\\Console\\Application->run(Object(Symfony\\Component\\Console\\Input\\StringInput), Object(Symfony\\Component\\Console\\Output\\BufferedOutput))
#6 /home/umgroupc/public_html/inventory.umgroup.com.my/vendor/laravel/framework/src/Illuminate/Foundation/Console/Kernel.php(426): Illuminate\\Console\\Application->call('optimize:clear', Array, NULL)
#7 /home/umgroupc/public_html/inventory.umgroup.com.my/vendor/laravel/framework/src/Illuminate/Support/Facades/Facade.php(361): Illuminate\\Foundation\\Console\\Kernel->call('optimize:clear')
#8 /home/umgroupc/public_html/inventory.umgroup.com.my/routes/api.php(78): Illuminate\\Support\\Facades\\Facade::__callStatic('call', Array)
#9 /home/umgroupc/public_html/inventory.umgroup.com.my/vendor/laravel/framework/src/Illuminate/Routing/CallableDispatcher.php(39): Illuminate\\Routing\\RouteFileRegistrar->{closure}(Object(Illuminate\\Http\\Request))
#10 /home/umgroupc/public_html/inventory.umgroup.com.my/vendor/laravel/framework/src/Illuminate/Routing/Route.php(243): Illuminate\\Routing\\CallableDispatcher->dispatch(Object(Illuminate\\Routing\\Route), Object(Closure))
#11 /home/umgroupc/public_html/inventory.umgroup.com.my/vendor/laravel/framework/src/Illuminate/Routing/Route.php(214): Illuminate\\Routing\\Route->runCallable()
#12 /home/umgroupc/public_html/inventory.umgroup.com.my/vendor/laravel/framework/src/Illuminate/Routing/Router.php(808): Illuminate\\Routing\\Route->run()
#13 /home/umgroupc/public_html/inventory.umgroup.com.my/vendor/laravel/framework/src/Illuminate/Pipeline/Pipeline.php(169): Illuminate\\Routing\\Router->Illuminate\\Routing\\{closure}(Object(Illuminate\\Http\\Request))
#14 /home/umgroupc/public_html/inventory.umgroup.com.my/vendor/laravel/framework/src/Illuminate/Routing/Middleware/SubstituteBindings.php(50): Illuminate\\Pipeline\\Pipeline->Illuminate\\Pipeline\\{closure}(Object(Illuminate\\Http\\Request))
#15 /home/umgroupc/public_html/inventory.umgroup.com.my/vendor/laravel/framework/src/Illuminate/Pipeline/Pipeline.php(208): Illuminate\\Routing\\Middleware\\SubstituteBindings->handle(Object(Illuminate\\Http\\Request), Object(Closure))
#16 /home/umgroupc/public_html/inventory.umgroup.com.my/vendor/laravel/framework/src/Illuminate/Auth/Middleware/Authenticate.php(63): Illuminate\\Pipeline\\Pipeline->Illuminate\\Pipeline\\{closure}(Object(Illuminate\\Http\\Request))
#17 /home/umgroupc/public_html/inventory.umgroup.com.my/vendor/laravel/framework/src/Illuminate/Pipeline/Pipeline.php(208): Illuminate\\Auth\\Middleware\\Authenticate->handle(Object(Illuminate\\Http\\Request), Object(Closure), 'sanctum')
#18 /home/umgroupc/public_html/inventory.umgroup.com.my/vendor/laravel/framework/src/Illuminate/Pipeline/Pipeline.php(126): Illuminate\\Pipeline\\Pipeline->Illuminate\\Pipeline\\{closure}(Object(Illuminate\\Http\\Request))
#19 /home/umgroupc/public_html/inventory.umgroup.com.my/vendor/laravel/framework/src/Illuminate/Routing/Router.php(807): Illuminate\\Pipeline\\Pipeline->then(Object(Closure))
#20 /home/umgroupc/public_html/inventory.umgroup.com.my/vendor/laravel/framework/src/Illuminate/Routing/Router.php(786): Illuminate\\Routing\\Router->runRouteWithinStack(Object(Illuminate\\Routing\\Route), Object(Illuminate\\Http\\Request))
#21 /home/umgroupc/public_html/inventory.umgroup.com.my/vendor/laravel/framework/src/Illuminate/Routing/Router.php(750): Illuminate\\Routing\\Router->runRoute(Object(Illuminate\\Http\\Request), Object(Illuminate\\Routing\\Route))
#22 /home/umgroupc/public_html/inventory.umgroup.com.my/vendor/laravel/framework/src/Illuminate/Routing/Router.php(739): Illuminate\\Routing\\Router->dispatchToRoute(Object(Illuminate\\Http\\Request))
#23 /home/umgroupc/public_html/inventory.umgroup.com.my/vendor/laravel/framework/src/Illuminate/Foundation/Http/Kernel.php(200): Illuminate\\Routing\\Router->dispatch(Object(Illuminate\\Http\\Request))
#24 /home/umgroupc/public_html/inventory.umgroup.com.my/vendor/laravel/framework/src/Illuminate/Pipeline/Pipeline.php(169): Illuminate\\Foundation\\Http\\Kernel->Illuminate\\Foundation\\Http\\{closure}(Object(Illuminate\\Http\\Request))
#25 /home/umgroupc/public_html/inventory.umgroup.com.my/vendor/laravel/framework/src/Illuminate/Foundation/Http/Middleware/TransformsRequest.php(21): Illuminate\\Pipeline\\Pipeline->Illuminate\\Pipeline\\{closure}(Object(Illuminate\\Http\\Request))
#26 /home/umgroupc/public_html/inventory.umgroup.com.my/vendor/laravel/framework/src/Illuminate/Foundation/Http/Middleware/ConvertEmptyStringsToNull.php(31): Illuminate\\Foundation\\Http\\Middleware\\TransformsRequest->handle(Object(Illuminate\\Http\\Request), Object(Closure))
#27 /home/umgroupc/public_html/inventory.umgroup.com.my/vendor/laravel/framework/src/Illuminate/Pipeline/Pipeline.php(208): Illuminate\\Foundation\\Http\\Middleware\\ConvertEmptyStringsToNull->handle(Object(Illuminate\\Http\\Request), Object(Closure))
#28 /home/umgroupc/public_html/inventory.umgroup.com.my/vendor/laravel/framework/src/Illuminate/Foundation/Http/Middleware/TransformsRequest.php(21): Illuminate\\Pipeline\\Pipeline->Illuminate\\Pipeline\\{closure}(Object(Illuminate\\Http\\Request))
#29 /home/umgroupc/public_html/inventory.umgroup.com.my/vendor/laravel/framework/src/Illuminate/Foundation/Http/Middleware/TrimStrings.php(51): Illuminate\\Foundation\\Http\\Middleware\\TransformsRequest->handle(Object(Illuminate\\Http\\Request), Object(Closure))
#30 /home/umgroupc/public_html/inventory.umgroup.com.my/vendor/laravel/framework/src/Illuminate/Pipeline/Pipeline.php(208): Illuminate\\Foundation\\Http\\Middleware\\TrimStrings->handle(Object(Illuminate\\Http\\Request), Object(Closure))
#31 /home/umgroupc/public_html/inventory.umgroup.com.my/vendor/laravel/framework/src/Illuminate/Http/Middleware/ValidatePostSize.php(27): Illuminate\\Pipeline\\Pipeline->Illuminate\\Pipeline\\{closure}(Object(Illuminate\\Http\\Request))
#32 /home/umgroupc/public_html/inventory.umgroup.com.my/vendor/laravel/framework/src/Illuminate/Pipeline/Pipeline.php(208): Illuminate\\Http\\Middleware\\ValidatePostSize->handle(Object(Illuminate\\Http\\Request), Object(Closure))
#33 /home/umgroupc/public_html/inventory.umgroup.com.my/vendor/laravel/framework/src/Illuminate/Foundation/Http/Middleware/PreventRequestsDuringMaintenance.php(109): Illuminate\\Pipeline\\Pipeline->Illuminate\\Pipeline\\{closure}(Object(Illuminate\\Http\\Request))
#34 /home/umgroupc/public_html/inventory.umgroup.com.my/vendor/laravel/framework/src/Illuminate/Pipeline/Pipeline.php(208): Illuminate\\Foundation\\Http\\Middleware\\PreventRequestsDuringMaintenance->handle(Object(Illuminate\\Http\\Request), Object(Closure))
#35 /home/umgroupc/public_html/inventory.umgroup.com.my/vendor/laravel/framework/src/Illuminate/Http/Middleware/HandleCors.php(61): Illuminate\\Pipeline\\Pipeline->Illuminate\\Pipeline\\{closure}(Object(Illuminate\\Http\\Request))
#36 /home/umgroupc/public_html/inventory.umgroup.com.my/vendor/laravel/framework/src/Illuminate/Pipeline/Pipeline.php(208): Illuminate\\Http\\Middleware\\HandleCors->handle(Object(Illuminate\\Http\\Request), Object(Closure))
#37 /home/umgroupc/public_html/inventory.umgroup.com.my/vendor/laravel/framework/src/Illuminate/Http/Middleware/TrustProxies.php(58): Illuminate\\Pipeline\\Pipeline->Illuminate\\Pipeline\\{closure}(Object(Illuminate\\Http\\Request))
#38 /home/umgroupc/public_html/inventory.umgroup.com.my/vendor/laravel/framework/src/Illuminate/Pipeline/Pipeline.php(208): Illuminate\\Http\\Middleware\\TrustProxies->handle(Object(Illuminate\\Http\\Request), Object(Closure))
#39 /home/umgroupc/public_html/inventory.umgroup.com.my/vendor/laravel/framework/src/Illuminate/Foundation/Http/Middleware/InvokeDeferredCallbacks.php(22): Illuminate\\Pipeline\\Pipeline->Illuminate\\Pipeline\\{closure}(Object(Illuminate\\Http\\Request))
#40 /home/umgroupc/public_html/inventory.umgroup.com.my/vendor/laravel/framework/src/Illuminate/Pipeline/Pipeline.php(208): Illuminate\\Foundation\\Http\\Middleware\\InvokeDeferredCallbacks->handle(Object(Illuminate\\Http\\Request), Object(Closure))
#41 /home/umgroupc/public_html/inventory.umgroup.com.my/vendor/laravel/framework/src/Illuminate/Http/Middleware/ValidatePathEncoding.php(26): Illuminate\\Pipeline\\Pipeline->Illuminate\\Pipeline\\{closure}(Object(Illuminate\\Http\\Request))
#42 /home/umgroupc/public_html/inventory.umgroup.com.my/vendor/laravel/framework/src/Illuminate/Pipeline/Pipeline.php(208): Illuminate\\Http\\Middleware\\ValidatePathEncoding->handle(Object(Illuminate\\Http\\Request), Object(Closure))
#43 /home/umgroupc/public_html/inventory.umgroup.com.my/app/Http/Middleware/Cors.php(16): Illuminate\\Pipeline\\Pipeline->Illuminate\\Pipeline\\{closure}(Object(Illuminate\\Http\\Request))
#44 /home/umgroupc/public_html/inventory.umgroup.com.my/vendor/laravel/framework/src/Illuminate/Pipeline/Pipeline.php(208): App\\Http\\Middleware\\Cors->handle(Object(Illuminate\\Http\\Request), Object(Closure))
#45 /home/umgroupc/public_html/inventory.umgroup.com.my/vendor/laravel/framework/src/Illuminate/Pipeline/Pipeline.php(126): Illuminate\\Pipeline\\Pipeline->Illuminate\\Pipeline\\{closure}(Object(Illuminate\\Http\\Request))
#46 /home/umgroupc/public_html/inventory.umgroup.com.my/vendor/laravel/framework/src/Illuminate/Foundation/Http/Kernel.php(175): Illuminate\\Pipeline\\Pipeline->then(Object(Closure))
#47 /home/umgroupc/public_html/inventory.umgroup.com.my/vendor/laravel/framework/src/Illuminate/Foundation/Http/Kernel.php(144): Illuminate\\Foundation\\Http\\Kernel->sendRequestThroughRouter(Object(Illuminate\\Http\\Request))
#48 /home/umgroupc/public_html/inventory.umgroup.com.my/vendor/laravel/framework/src/Illuminate/Foundation/Application.php(1219): Illuminate\\Foundation\\Http\\Kernel->handle(Object(Illuminate\\Http\\Request))
#49 /home/umgroupc/public_html/inventory.umgroup.com.my/public/index.php(20): Illuminate\\Foundation\\Application->handleRequest(Object(Illuminate\\Http\\Request))
#50 {main}
"} 
[2025-05-16 09:26:27] local.ERROR: Call to undefined function Symfony\Component\Console\proc_close() {"userId":1,"exception":"[object] (Error(code: 0): Call to undefined function Symfony\\Component\\Console\\proc_close() at /home/umgroupc/public_html/inventory.umgroup.com.my/vendor/symfony/console/Terminal.php:219)
[stacktrace]
#0 /home/umgroupc/public_html/inventory.umgroup.com.my/vendor/symfony/console/Terminal.php(196): Symfony\\Component\\Console\\Terminal::readFromProcess(Array)
#1 /home/umgroupc/public_html/inventory.umgroup.com.my/vendor/symfony/console/Terminal.php(162): Symfony\\Component\\Console\\Terminal::getSttyColumns()
#2 /home/umgroupc/public_html/inventory.umgroup.com.my/vendor/symfony/console/Terminal.php(153): Symfony\\Component\\Console\\Terminal::initDimensionsUsingStty()
#3 /home/umgroupc/public_html/inventory.umgroup.com.my/vendor/symfony/console/Terminal.php(111): Symfony\\Component\\Console\\Terminal::initDimensions()
#4 /home/umgroupc/public_html/inventory.umgroup.com.my/vendor/symfony/console/Application.php(167): Symfony\\Component\\Console\\Terminal->getHeight()
#5 /home/umgroupc/public_html/inventory.umgroup.com.my/vendor/laravel/framework/src/Illuminate/Console/Application.php(163): Symfony\\Component\\Console\\Application->run(Object(Symfony\\Component\\Console\\Input\\StringInput), Object(Symfony\\Component\\Console\\Output\\BufferedOutput))
#6 /home/umgroupc/public_html/inventory.umgroup.com.my/vendor/laravel/framework/src/Illuminate/Foundation/Console/Kernel.php(426): Illuminate\\Console\\Application->call('optimize:clear', Array, NULL)
#7 /home/umgroupc/public_html/inventory.umgroup.com.my/vendor/laravel/framework/src/Illuminate/Support/Facades/Facade.php(361): Illuminate\\Foundation\\Console\\Kernel->call('optimize:clear')
#8 /home/umgroupc/public_html/inventory.umgroup.com.my/routes/api.php(78): Illuminate\\Support\\Facades\\Facade::__callStatic('call', Array)
#9 /home/umgroupc/public_html/inventory.umgroup.com.my/vendor/laravel/framework/src/Illuminate/Routing/CallableDispatcher.php(39): Illuminate\\Routing\\RouteFileRegistrar->{closure}(Object(Illuminate\\Http\\Request))
#10 /home/umgroupc/public_html/inventory.umgroup.com.my/vendor/laravel/framework/src/Illuminate/Routing/Route.php(243): Illuminate\\Routing\\CallableDispatcher->dispatch(Object(Illuminate\\Routing\\Route), Object(Closure))
#11 /home/umgroupc/public_html/inventory.umgroup.com.my/vendor/laravel/framework/src/Illuminate/Routing/Route.php(214): Illuminate\\Routing\\Route->runCallable()
#12 /home/umgroupc/public_html/inventory.umgroup.com.my/vendor/laravel/framework/src/Illuminate/Routing/Router.php(808): Illuminate\\Routing\\Route->run()
#13 /home/umgroupc/public_html/inventory.umgroup.com.my/vendor/laravel/framework/src/Illuminate/Pipeline/Pipeline.php(169): Illuminate\\Routing\\Router->Illuminate\\Routing\\{closure}(Object(Illuminate\\Http\\Request))
#14 /home/umgroupc/public_html/inventory.umgroup.com.my/vendor/laravel/framework/src/Illuminate/Routing/Middleware/SubstituteBindings.php(50): Illuminate\\Pipeline\\Pipeline->Illuminate\\Pipeline\\{closure}(Object(Illuminate\\Http\\Request))
#15 /home/umgroupc/public_html/inventory.umgroup.com.my/vendor/laravel/framework/src/Illuminate/Pipeline/Pipeline.php(208): Illuminate\\Routing\\Middleware\\SubstituteBindings->handle(Object(Illuminate\\Http\\Request), Object(Closure))
#16 /home/umgroupc/public_html/inventory.umgroup.com.my/vendor/laravel/framework/src/Illuminate/Auth/Middleware/Authenticate.php(63): Illuminate\\Pipeline\\Pipeline->Illuminate\\Pipeline\\{closure}(Object(Illuminate\\Http\\Request))
#17 /home/umgroupc/public_html/inventory.umgroup.com.my/vendor/laravel/framework/src/Illuminate/Pipeline/Pipeline.php(208): Illuminate\\Auth\\Middleware\\Authenticate->handle(Object(Illuminate\\Http\\Request), Object(Closure), 'sanctum')
#18 /home/umgroupc/public_html/inventory.umgroup.com.my/vendor/laravel/framework/src/Illuminate/Pipeline/Pipeline.php(126): Illuminate\\Pipeline\\Pipeline->Illuminate\\Pipeline\\{closure}(Object(Illuminate\\Http\\Request))
#19 /home/umgroupc/public_html/inventory.umgroup.com.my/vendor/laravel/framework/src/Illuminate/Routing/Router.php(807): Illuminate\\Pipeline\\Pipeline->then(Object(Closure))
#20 /home/umgroupc/public_html/inventory.umgroup.com.my/vendor/laravel/framework/src/Illuminate/Routing/Router.php(786): Illuminate\\Routing\\Router->runRouteWithinStack(Object(Illuminate\\Routing\\Route), Object(Illuminate\\Http\\Request))
#21 /home/umgroupc/public_html/inventory.umgroup.com.my/vendor/laravel/framework/src/Illuminate/Routing/Router.php(750): Illuminate\\Routing\\Router->runRoute(Object(Illuminate\\Http\\Request), Object(Illuminate\\Routing\\Route))
#22 /home/umgroupc/public_html/inventory.umgroup.com.my/vendor/laravel/framework/src/Illuminate/Routing/Router.php(739): Illuminate\\Routing\\Router->dispatchToRoute(Object(Illuminate\\Http\\Request))
#23 /home/umgroupc/public_html/inventory.umgroup.com.my/vendor/laravel/framework/src/Illuminate/Foundation/Http/Kernel.php(200): Illuminate\\Routing\\Router->dispatch(Object(Illuminate\\Http\\Request))
#24 /home/umgroupc/public_html/inventory.umgroup.com.my/vendor/laravel/framework/src/Illuminate/Pipeline/Pipeline.php(169): Illuminate\\Foundation\\Http\\Kernel->Illuminate\\Foundation\\Http\\{closure}(Object(Illuminate\\Http\\Request))
#25 /home/umgroupc/public_html/inventory.umgroup.com.my/vendor/laravel/framework/src/Illuminate/Foundation/Http/Middleware/TransformsRequest.php(21): Illuminate\\Pipeline\\Pipeline->Illuminate\\Pipeline\\{closure}(Object(Illuminate\\Http\\Request))
#26 /home/umgroupc/public_html/inventory.umgroup.com.my/vendor/laravel/framework/src/Illuminate/Foundation/Http/Middleware/ConvertEmptyStringsToNull.php(31): Illuminate\\Foundation\\Http\\Middleware\\TransformsRequest->handle(Object(Illuminate\\Http\\Request), Object(Closure))
#27 /home/umgroupc/public_html/inventory.umgroup.com.my/vendor/laravel/framework/src/Illuminate/Pipeline/Pipeline.php(208): Illuminate\\Foundation\\Http\\Middleware\\ConvertEmptyStringsToNull->handle(Object(Illuminate\\Http\\Request), Object(Closure))
#28 /home/umgroupc/public_html/inventory.umgroup.com.my/vendor/laravel/framework/src/Illuminate/Foundation/Http/Middleware/TransformsRequest.php(21): Illuminate\\Pipeline\\Pipeline->Illuminate\\Pipeline\\{closure}(Object(Illuminate\\Http\\Request))
#29 /home/umgroupc/public_html/inventory.umgroup.com.my/vendor/laravel/framework/src/Illuminate/Foundation/Http/Middleware/TrimStrings.php(51): Illuminate\\Foundation\\Http\\Middleware\\TransformsRequest->handle(Object(Illuminate\\Http\\Request), Object(Closure))
#30 /home/umgroupc/public_html/inventory.umgroup.com.my/vendor/laravel/framework/src/Illuminate/Pipeline/Pipeline.php(208): Illuminate\\Foundation\\Http\\Middleware\\TrimStrings->handle(Object(Illuminate\\Http\\Request), Object(Closure))
#31 /home/umgroupc/public_html/inventory.umgroup.com.my/vendor/laravel/framework/src/Illuminate/Http/Middleware/ValidatePostSize.php(27): Illuminate\\Pipeline\\Pipeline->Illuminate\\Pipeline\\{closure}(Object(Illuminate\\Http\\Request))
#32 /home/umgroupc/public_html/inventory.umgroup.com.my/vendor/laravel/framework/src/Illuminate/Pipeline/Pipeline.php(208): Illuminate\\Http\\Middleware\\ValidatePostSize->handle(Object(Illuminate\\Http\\Request), Object(Closure))
#33 /home/umgroupc/public_html/inventory.umgroup.com.my/vendor/laravel/framework/src/Illuminate/Foundation/Http/Middleware/PreventRequestsDuringMaintenance.php(109): Illuminate\\Pipeline\\Pipeline->Illuminate\\Pipeline\\{closure}(Object(Illuminate\\Http\\Request))
#34 /home/umgroupc/public_html/inventory.umgroup.com.my/vendor/laravel/framework/src/Illuminate/Pipeline/Pipeline.php(208): Illuminate\\Foundation\\Http\\Middleware\\PreventRequestsDuringMaintenance->handle(Object(Illuminate\\Http\\Request), Object(Closure))
#35 /home/umgroupc/public_html/inventory.umgroup.com.my/vendor/laravel/framework/src/Illuminate/Http/Middleware/HandleCors.php(61): Illuminate\\Pipeline\\Pipeline->Illuminate\\Pipeline\\{closure}(Object(Illuminate\\Http\\Request))
#36 /home/umgroupc/public_html/inventory.umgroup.com.my/vendor/laravel/framework/src/Illuminate/Pipeline/Pipeline.php(208): Illuminate\\Http\\Middleware\\HandleCors->handle(Object(Illuminate\\Http\\Request), Object(Closure))
#37 /home/umgroupc/public_html/inventory.umgroup.com.my/vendor/laravel/framework/src/Illuminate/Http/Middleware/TrustProxies.php(58): Illuminate\\Pipeline\\Pipeline->Illuminate\\Pipeline\\{closure}(Object(Illuminate\\Http\\Request))
#38 /home/umgroupc/public_html/inventory.umgroup.com.my/vendor/laravel/framework/src/Illuminate/Pipeline/Pipeline.php(208): Illuminate\\Http\\Middleware\\TrustProxies->handle(Object(Illuminate\\Http\\Request), Object(Closure))
#39 /home/umgroupc/public_html/inventory.umgroup.com.my/vendor/laravel/framework/src/Illuminate/Foundation/Http/Middleware/InvokeDeferredCallbacks.php(22): Illuminate\\Pipeline\\Pipeline->Illuminate\\Pipeline\\{closure}(Object(Illuminate\\Http\\Request))
#40 /home/umgroupc/public_html/inventory.umgroup.com.my/vendor/laravel/framework/src/Illuminate/Pipeline/Pipeline.php(208): Illuminate\\Foundation\\Http\\Middleware\\InvokeDeferredCallbacks->handle(Object(Illuminate\\Http\\Request), Object(Closure))
#41 /home/umgroupc/public_html/inventory.umgroup.com.my/vendor/laravel/framework/src/Illuminate/Http/Middleware/ValidatePathEncoding.php(26): Illuminate\\Pipeline\\Pipeline->Illuminate\\Pipeline\\{closure}(Object(Illuminate\\Http\\Request))
#42 /home/umgroupc/public_html/inventory.umgroup.com.my/vendor/laravel/framework/src/Illuminate/Pipeline/Pipeline.php(208): Illuminate\\Http\\Middleware\\ValidatePathEncoding->handle(Object(Illuminate\\Http\\Request), Object(Closure))
#43 /home/umgroupc/public_html/inventory.umgroup.com.my/app/Http/Middleware/Cors.php(16): Illuminate\\Pipeline\\Pipeline->Illuminate\\Pipeline\\{closure}(Object(Illuminate\\Http\\Request))
#44 /home/umgroupc/public_html/inventory.umgroup.com.my/vendor/laravel/framework/src/Illuminate/Pipeline/Pipeline.php(208): App\\Http\\Middleware\\Cors->handle(Object(Illuminate\\Http\\Request), Object(Closure))
#45 /home/umgroupc/public_html/inventory.umgroup.com.my/vendor/laravel/framework/src/Illuminate/Pipeline/Pipeline.php(126): Illuminate\\Pipeline\\Pipeline->Illuminate\\Pipeline\\{closure}(Object(Illuminate\\Http\\Request))
#46 /home/umgroupc/public_html/inventory.umgroup.com.my/vendor/laravel/framework/src/Illuminate/Foundation/Http/Kernel.php(175): Illuminate\\Pipeline\\Pipeline->then(Object(Closure))
#47 /home/umgroupc/public_html/inventory.umgroup.com.my/vendor/laravel/framework/src/Illuminate/Foundation/Http/Kernel.php(144): Illuminate\\Foundation\\Http\\Kernel->sendRequestThroughRouter(Object(Illuminate\\Http\\Request))
#48 /home/umgroupc/public_html/inventory.umgroup.com.my/vendor/laravel/framework/src/Illuminate/Foundation/Application.php(1219): Illuminate\\Foundation\\Http\\Kernel->handle(Object(Illuminate\\Http\\Request))
#49 /home/umgroupc/public_html/inventory.umgroup.com.my/public/index.php(20): Illuminate\\Foundation\\Application->handleRequest(Object(Illuminate\\Http\\Request))
#50 {main}
"} 
[2025-05-19 03:53:09] local.ERROR: Vite manifest not found at: /home/umgroupc/public_html/inventory.umgroup.com.my/public/build/manifest.json (View: /home/umgroupc/public_html/inventory.umgroup.com.my/resources/views/app.blade.php) {"exception":"[object] (Illuminate\\View\\ViewException(code: 0): Vite manifest not found at: /home/umgroupc/public_html/inventory.umgroup.com.my/public/build/manifest.json (View: /home/umgroupc/public_html/inventory.umgroup.com.my/resources/views/app.blade.php) at /home/umgroupc/public_html/inventory.umgroup.com.my/vendor/laravel/framework/src/Illuminate/Foundation/Vite.php:934)
[stacktrace]
#0 /home/umgroupc/public_html/inventory.umgroup.com.my/vendor/laravel/framework/src/Illuminate/View/Engines/PhpEngine.php(59): Illuminate\\View\\Engines\\CompilerEngine->handleViewException(Object(Illuminate\\Foundation\\ViteManifestNotFoundException), 1)
#1 /home/umgroupc/public_html/inventory.umgroup.com.my/vendor/laravel/framework/src/Illuminate/View/Engines/CompilerEngine.php(74): Illuminate\\View\\Engines\\PhpEngine->evaluatePath('/home/umgroupc/...', Array)
#2 /home/umgroupc/public_html/inventory.umgroup.com.my/vendor/laravel/framework/src/Illuminate/View/View.php(208): Illuminate\\View\\Engines\\CompilerEngine->get('/home/umgroupc/...', Array)
#3 /home/umgroupc/public_html/inventory.umgroup.com.my/vendor/laravel/framework/src/Illuminate/View/View.php(191): Illuminate\\View\\View->getContents()
#4 /home/umgroupc/public_html/inventory.umgroup.com.my/vendor/laravel/framework/src/Illuminate/View/View.php(160): Illuminate\\View\\View->renderContents()
#5 /home/umgroupc/public_html/inventory.umgroup.com.my/vendor/laravel/framework/src/Illuminate/Http/Response.php(78): Illuminate\\View\\View->render()
#6 /home/umgroupc/public_html/inventory.umgroup.com.my/vendor/laravel/framework/src/Illuminate/Http/Response.php(34): Illuminate\\Http\\Response->setContent(Object(Illuminate\\View\\View))
#7 /home/umgroupc/public_html/inventory.umgroup.com.my/vendor/laravel/framework/src/Illuminate/Routing/ResponseFactory.php(60): Illuminate\\Http\\Response->__construct(Object(Illuminate\\View\\View), 200, Array)
#8 /home/umgroupc/public_html/inventory.umgroup.com.my/vendor/laravel/framework/src/Illuminate/Routing/ResponseFactory.php(90): Illuminate\\Routing\\ResponseFactory->make(Object(Illuminate\\View\\View), 200, Array)
#9 /home/umgroupc/public_html/inventory.umgroup.com.my/vendor/laravel/framework/src/Illuminate/Support/Facades/Facade.php(361): Illuminate\\Routing\\ResponseFactory->view('app', Array)
#10 /home/umgroupc/public_html/inventory.umgroup.com.my/vendor/inertiajs/inertia-laravel/src/Response.php(126): Illuminate\\Support\\Facades\\Facade::__callStatic('view', Array)
#11 /home/umgroupc/public_html/inventory.umgroup.com.my/vendor/laravel/framework/src/Illuminate/Routing/Router.php(906): Inertia\\Response->toResponse(Object(Illuminate\\Http\\Request))
#12 /home/umgroupc/public_html/inventory.umgroup.com.my/vendor/laravel/framework/src/Illuminate/Routing/Router.php(891): Illuminate\\Routing\\Router::toResponse(Object(Illuminate\\Http\\Request), Object(Inertia\\Response))
#13 /home/umgroupc/public_html/inventory.umgroup.com.my/vendor/laravel/framework/src/Illuminate/Routing/Router.php(807): Illuminate\\Routing\\Router->prepareResponse(Object(Illuminate\\Http\\Request), Object(Inertia\\Response))
#14 /home/umgroupc/public_html/inventory.umgroup.com.my/vendor/laravel/framework/src/Illuminate/Pipeline/Pipeline.php(169): Illuminate\\Routing\\Router->Illuminate\\Routing\\{closure}(Object(Illuminate\\Http\\Request))
#15 /home/umgroupc/public_html/inventory.umgroup.com.my/vendor/inertiajs/inertia-laravel/src/Middleware.php(86): Illuminate\\Pipeline\\Pipeline->Illuminate\\Pipeline\\{closure}(Object(Illuminate\\Http\\Request))
#16 /home/umgroupc/public_html/inventory.umgroup.com.my/vendor/laravel/framework/src/Illuminate/Pipeline/Pipeline.php(208): Inertia\\Middleware->handle(Object(Illuminate\\Http\\Request), Object(Closure))
#17 /home/umgroupc/public_html/inventory.umgroup.com.my/vendor/laravel/framework/src/Illuminate/Routing/Middleware/SubstituteBindings.php(50): Illuminate\\Pipeline\\Pipeline->Illuminate\\Pipeline\\{closure}(Object(Illuminate\\Http\\Request))
#18 /home/umgroupc/public_html/inventory.umgroup.com.my/vendor/laravel/framework/src/Illuminate/Pipeline/Pipeline.php(208): Illuminate\\Routing\\Middleware\\SubstituteBindings->handle(Object(Illuminate\\Http\\Request), Object(Closure))
#19 /home/umgroupc/public_html/inventory.umgroup.com.my/vendor/laravel/framework/src/Illuminate/Foundation/Http/Middleware/VerifyCsrfToken.php(87): Illuminate\\Pipeline\\Pipeline->Illuminate\\Pipeline\\{closure}(Object(Illuminate\\Http\\Request))
#20 /home/umgroupc/public_html/inventory.umgroup.com.my/vendor/laravel/framework/src/Illuminate/Pipeline/Pipeline.php(208): Illuminate\\Foundation\\Http\\Middleware\\VerifyCsrfToken->handle(Object(Illuminate\\Http\\Request), Object(Closure))
#21 /home/umgroupc/public_html/inventory.umgroup.com.my/vendor/laravel/framework/src/Illuminate/View/Middleware/ShareErrorsFromSession.php(48): Illuminate\\Pipeline\\Pipeline->Illuminate\\Pipeline\\{closure}(Object(Illuminate\\Http\\Request))
#22 /home/umgroupc/public_html/inventory.umgroup.com.my/vendor/laravel/framework/src/Illuminate/Pipeline/Pipeline.php(208): Illuminate\\View\\Middleware\\ShareErrorsFromSession->handle(Object(Illuminate\\Http\\Request), Object(Closure))
#23 /home/umgroupc/public_html/inventory.umgroup.com.my/vendor/laravel/framework/src/Illuminate/Session/Middleware/StartSession.php(120): Illuminate\\Pipeline\\Pipeline->Illuminate\\Pipeline\\{closure}(Object(Illuminate\\Http\\Request))
#24 /home/umgroupc/public_html/inventory.umgroup.com.my/vendor/laravel/framework/src/Illuminate/Session/Middleware/StartSession.php(63): Illuminate\\Session\\Middleware\\StartSession->handleStatefulRequest(Object(Illuminate\\Http\\Request), Object(Illuminate\\Session\\Store), Object(Closure))
#25 /home/umgroupc/public_html/inventory.umgroup.com.my/vendor/laravel/framework/src/Illuminate/Pipeline/Pipeline.php(208): Illuminate\\Session\\Middleware\\StartSession->handle(Object(Illuminate\\Http\\Request), Object(Closure))
#26 /home/umgroupc/public_html/inventory.umgroup.com.my/vendor/laravel/framework/src/Illuminate/Cookie/Middleware/AddQueuedCookiesToResponse.php(36): Illuminate\\Pipeline\\Pipeline->Illuminate\\Pipeline\\{closure}(Object(Illuminate\\Http\\Request))
#27 /home/umgroupc/public_html/inventory.umgroup.com.my/vendor/laravel/framework/src/Illuminate/Pipeline/Pipeline.php(208): Illuminate\\Cookie\\Middleware\\AddQueuedCookiesToResponse->handle(Object(Illuminate\\Http\\Request), Object(Closure))
#28 /home/umgroupc/public_html/inventory.umgroup.com.my/vendor/laravel/framework/src/Illuminate/Cookie/Middleware/EncryptCookies.php(74): Illuminate\\Pipeline\\Pipeline->Illuminate\\Pipeline\\{closure}(Object(Illuminate\\Http\\Request))
#29 /home/umgroupc/public_html/inventory.umgroup.com.my/vendor/laravel/framework/src/Illuminate/Pipeline/Pipeline.php(208): Illuminate\\Cookie\\Middleware\\EncryptCookies->handle(Object(Illuminate\\Http\\Request), Object(Closure))
#30 /home/umgroupc/public_html/inventory.umgroup.com.my/vendor/laravel/framework/src/Illuminate/Pipeline/Pipeline.php(126): Illuminate\\Pipeline\\Pipeline->Illuminate\\Pipeline\\{closure}(Object(Illuminate\\Http\\Request))
#31 /home/umgroupc/public_html/inventory.umgroup.com.my/vendor/laravel/framework/src/Illuminate/Routing/Router.php(807): Illuminate\\Pipeline\\Pipeline->then(Object(Closure))
#32 /home/umgroupc/public_html/inventory.umgroup.com.my/vendor/laravel/framework/src/Illuminate/Routing/Router.php(786): Illuminate\\Routing\\Router->runRouteWithinStack(Object(Illuminate\\Routing\\Route), Object(Illuminate\\Http\\Request))
#33 /home/umgroupc/public_html/inventory.umgroup.com.my/vendor/laravel/framework/src/Illuminate/Routing/Router.php(750): Illuminate\\Routing\\Router->runRoute(Object(Illuminate\\Http\\Request), Object(Illuminate\\Routing\\Route))
#34 /home/umgroupc/public_html/inventory.umgroup.com.my/vendor/laravel/framework/src/Illuminate/Routing/Router.php(739): Illuminate\\Routing\\Router->dispatchToRoute(Object(Illuminate\\Http\\Request))
#35 /home/umgroupc/public_html/inventory.umgroup.com.my/vendor/laravel/framework/src/Illuminate/Foundation/Http/Kernel.php(200): Illuminate\\Routing\\Router->dispatch(Object(Illuminate\\Http\\Request))
#36 /home/umgroupc/public_html/inventory.umgroup.com.my/vendor/laravel/framework/src/Illuminate/Pipeline/Pipeline.php(169): Illuminate\\Foundation\\Http\\Kernel->Illuminate\\Foundation\\Http\\{closure}(Object(Illuminate\\Http\\Request))
#37 /home/umgroupc/public_html/inventory.umgroup.com.my/vendor/laravel/framework/src/Illuminate/Foundation/Http/Middleware/TransformsRequest.php(21): Illuminate\\Pipeline\\Pipeline->Illuminate\\Pipeline\\{closure}(Object(Illuminate\\Http\\Request))
#38 /home/umgroupc/public_html/inventory.umgroup.com.my/vendor/laravel/framework/src/Illuminate/Foundation/Http/Middleware/ConvertEmptyStringsToNull.php(31): Illuminate\\Foundation\\Http\\Middleware\\TransformsRequest->handle(Object(Illuminate\\Http\\Request), Object(Closure))
#39 /home/umgroupc/public_html/inventory.umgroup.com.my/vendor/laravel/framework/src/Illuminate/Pipeline/Pipeline.php(208): Illuminate\\Foundation\\Http\\Middleware\\ConvertEmptyStringsToNull->handle(Object(Illuminate\\Http\\Request), Object(Closure))
#40 /home/umgroupc/public_html/inventory.umgroup.com.my/vendor/laravel/framework/src/Illuminate/Foundation/Http/Middleware/TransformsRequest.php(21): Illuminate\\Pipeline\\Pipeline->Illuminate\\Pipeline\\{closure}(Object(Illuminate\\Http\\Request))
#41 /home/umgroupc/public_html/inventory.umgroup.com.my/vendor/laravel/framework/src/Illuminate/Foundation/Http/Middleware/TrimStrings.php(51): Illuminate\\Foundation\\Http\\Middleware\\TransformsRequest->handle(Object(Illuminate\\Http\\Request), Object(Closure))
#42 /home/umgroupc/public_html/inventory.umgroup.com.my/vendor/laravel/framework/src/Illuminate/Pipeline/Pipeline.php(208): Illuminate\\Foundation\\Http\\Middleware\\TrimStrings->handle(Object(Illuminate\\Http\\Request), Object(Closure))
#43 /home/umgroupc/public_html/inventory.umgroup.com.my/vendor/laravel/framework/src/Illuminate/Http/Middleware/ValidatePostSize.php(27): Illuminate\\Pipeline\\Pipeline->Illuminate\\Pipeline\\{closure}(Object(Illuminate\\Http\\Request))
#44 /home/umgroupc/public_html/inventory.umgroup.com.my/vendor/laravel/framework/src/Illuminate/Pipeline/Pipeline.php(208): Illuminate\\Http\\Middleware\\ValidatePostSize->handle(Object(Illuminate\\Http\\Request), Object(Closure))
#45 /home/umgroupc/public_html/inventory.umgroup.com.my/vendor/laravel/framework/src/Illuminate/Foundation/Http/Middleware/PreventRequestsDuringMaintenance.php(109): Illuminate\\Pipeline\\Pipeline->Illuminate\\Pipeline\\{closure}(Object(Illuminate\\Http\\Request))
#46 /home/umgroupc/public_html/inventory.umgroup.com.my/vendor/laravel/framework/src/Illuminate/Pipeline/Pipeline.php(208): Illuminate\\Foundation\\Http\\Middleware\\PreventRequestsDuringMaintenance->handle(Object(Illuminate\\Http\\Request), Object(Closure))
#47 /home/umgroupc/public_html/inventory.umgroup.com.my/vendor/laravel/framework/src/Illuminate/Http/Middleware/HandleCors.php(48): Illuminate\\Pipeline\\Pipeline->Illuminate\\Pipeline\\{closure}(Object(Illuminate\\Http\\Request))
#48 /home/umgroupc/public_html/inventory.umgroup.com.my/vendor/laravel/framework/src/Illuminate/Pipeline/Pipeline.php(208): Illuminate\\Http\\Middleware\\HandleCors->handle(Object(Illuminate\\Http\\Request), Object(Closure))
#49 /home/umgroupc/public_html/inventory.umgroup.com.my/vendor/laravel/framework/src/Illuminate/Http/Middleware/TrustProxies.php(58): Illuminate\\Pipeline\\Pipeline->Illuminate\\Pipeline\\{closure}(Object(Illuminate\\Http\\Request))
#50 /home/umgroupc/public_html/inventory.umgroup.com.my/vendor/laravel/framework/src/Illuminate/Pipeline/Pipeline.php(208): Illuminate\\Http\\Middleware\\TrustProxies->handle(Object(Illuminate\\Http\\Request), Object(Closure))
#51 /home/umgroupc/public_html/inventory.umgroup.com.my/vendor/laravel/framework/src/Illuminate/Foundation/Http/Middleware/InvokeDeferredCallbacks.php(22): Illuminate\\Pipeline\\Pipeline->Illuminate\\Pipeline\\{closure}(Object(Illuminate\\Http\\Request))
#52 /home/umgroupc/public_html/inventory.umgroup.com.my/vendor/laravel/framework/src/Illuminate/Pipeline/Pipeline.php(208): Illuminate\\Foundation\\Http\\Middleware\\InvokeDeferredCallbacks->handle(Object(Illuminate\\Http\\Request), Object(Closure))
#53 /home/umgroupc/public_html/inventory.umgroup.com.my/vendor/laravel/framework/src/Illuminate/Http/Middleware/ValidatePathEncoding.php(26): Illuminate\\Pipeline\\Pipeline->Illuminate\\Pipeline\\{closure}(Object(Illuminate\\Http\\Request))
#54 /home/umgroupc/public_html/inventory.umgroup.com.my/vendor/laravel/framework/src/Illuminate/Pipeline/Pipeline.php(208): Illuminate\\Http\\Middleware\\ValidatePathEncoding->handle(Object(Illuminate\\Http\\Request), Object(Closure))
#55 /home/umgroupc/public_html/inventory.umgroup.com.my/app/Http/Middleware/Cors.php(16): Illuminate\\Pipeline\\Pipeline->Illuminate\\Pipeline\\{closure}(Object(Illuminate\\Http\\Request))
#56 /home/umgroupc/public_html/inventory.umgroup.com.my/vendor/laravel/framework/src/Illuminate/Pipeline/Pipeline.php(208): App\\Http\\Middleware\\Cors->handle(Object(Illuminate\\Http\\Request), Object(Closure))
#57 /home/umgroupc/public_html/inventory.umgroup.com.my/vendor/laravel/framework/src/Illuminate/Pipeline/Pipeline.php(126): Illuminate\\Pipeline\\Pipeline->Illuminate\\Pipeline\\{closure}(Object(Illuminate\\Http\\Request))
#58 /home/umgroupc/public_html/inventory.umgroup.com.my/vendor/laravel/framework/src/Illuminate/Foundation/Http/Kernel.php(175): Illuminate\\Pipeline\\Pipeline->then(Object(Closure))
#59 /home/umgroupc/public_html/inventory.umgroup.com.my/vendor/laravel/framework/src/Illuminate/Foundation/Http/Kernel.php(144): Illuminate\\Foundation\\Http\\Kernel->sendRequestThroughRouter(Object(Illuminate\\Http\\Request))
#60 /home/umgroupc/public_html/inventory.umgroup.com.my/vendor/laravel/framework/src/Illuminate/Foundation/Application.php(1219): Illuminate\\Foundation\\Http\\Kernel->handle(Object(Illuminate\\Http\\Request))
#61 /home/umgroupc/public_html/inventory.umgroup.com.my/public/index.php(20): Illuminate\\Foundation\\Application->handleRequest(Object(Illuminate\\Http\\Request))
#62 {main}

[previous exception] [object] (Illuminate\\Foundation\\ViteManifestNotFoundException(code: 0): Vite manifest not found at: /home/umgroupc/public_html/inventory.umgroup.com.my/public/build/manifest.json at /home/umgroupc/public_html/inventory.umgroup.com.my/vendor/laravel/framework/src/Illuminate/Foundation/Vite.php:934)
[stacktrace]
#0 /home/umgroupc/public_html/inventory.umgroup.com.my/vendor/laravel/framework/src/Illuminate/Foundation/Vite.php(384): Illuminate\\Foundation\\Vite->manifest('build')
#1 /home/umgroupc/public_html/inventory.umgroup.com.my/storage/framework/views/d1871f2fc3b62c6da8066b938d6777ec.php(6): Illuminate\\Foundation\\Vite->__invoke(Object(Illuminate\\Support\\Collection))
#2 /home/umgroupc/public_html/inventory.umgroup.com.my/vendor/laravel/framework/src/Illuminate/Filesystem/Filesystem.php(123): require('/home/umgroupc/...')
#3 /home/umgroupc/public_html/inventory.umgroup.com.my/vendor/laravel/framework/src/Illuminate/Filesystem/Filesystem.php(124): Illuminate\\Filesystem\\Filesystem::Illuminate\\Filesystem\\{closure}()
#4 /home/umgroupc/public_html/inventory.umgroup.com.my/vendor/laravel/framework/src/Illuminate/View/Engines/PhpEngine.php(57): Illuminate\\Filesystem\\Filesystem->getRequire('/home/umgroupc/...', Array)
#5 /home/umgroupc/public_html/inventory.umgroup.com.my/vendor/laravel/framework/src/Illuminate/View/Engines/CompilerEngine.php(74): Illuminate\\View\\Engines\\PhpEngine->evaluatePath('/home/umgroupc/...', Array)
#6 /home/umgroupc/public_html/inventory.umgroup.com.my/vendor/laravel/framework/src/Illuminate/View/View.php(208): Illuminate\\View\\Engines\\CompilerEngine->get('/home/umgroupc/...', Array)
#7 /home/umgroupc/public_html/inventory.umgroup.com.my/vendor/laravel/framework/src/Illuminate/View/View.php(191): Illuminate\\View\\View->getContents()
#8 /home/umgroupc/public_html/inventory.umgroup.com.my/vendor/laravel/framework/src/Illuminate/View/View.php(160): Illuminate\\View\\View->renderContents()
#9 /home/umgroupc/public_html/inventory.umgroup.com.my/vendor/laravel/framework/src/Illuminate/Http/Response.php(78): Illuminate\\View\\View->render()
#10 /home/umgroupc/public_html/inventory.umgroup.com.my/vendor/laravel/framework/src/Illuminate/Http/Response.php(34): Illuminate\\Http\\Response->setContent(Object(Illuminate\\View\\View))
#11 /home/umgroupc/public_html/inventory.umgroup.com.my/vendor/laravel/framework/src/Illuminate/Routing/ResponseFactory.php(60): Illuminate\\Http\\Response->__construct(Object(Illuminate\\View\\View), 200, Array)
#12 /home/umgroupc/public_html/inventory.umgroup.com.my/vendor/laravel/framework/src/Illuminate/Routing/ResponseFactory.php(90): Illuminate\\Routing\\ResponseFactory->make(Object(Illuminate\\View\\View), 200, Array)
#13 /home/umgroupc/public_html/inventory.umgroup.com.my/vendor/laravel/framework/src/Illuminate/Support/Facades/Facade.php(361): Illuminate\\Routing\\ResponseFactory->view('app', Array)
#14 /home/umgroupc/public_html/inventory.umgroup.com.my/vendor/inertiajs/inertia-laravel/src/Response.php(126): Illuminate\\Support\\Facades\\Facade::__callStatic('view', Array)
#15 /home/umgroupc/public_html/inventory.umgroup.com.my/vendor/laravel/framework/src/Illuminate/Routing/Router.php(906): Inertia\\Response->toResponse(Object(Illuminate\\Http\\Request))
#16 /home/umgroupc/public_html/inventory.umgroup.com.my/vendor/laravel/framework/src/Illuminate/Routing/Router.php(891): Illuminate\\Routing\\Router::toResponse(Object(Illuminate\\Http\\Request), Object(Inertia\\Response))
#17 /home/umgroupc/public_html/inventory.umgroup.com.my/vendor/laravel/framework/src/Illuminate/Routing/Router.php(807): Illuminate\\Routing\\Router->prepareResponse(Object(Illuminate\\Http\\Request), Object(Inertia\\Response))
#18 /home/umgroupc/public_html/inventory.umgroup.com.my/vendor/laravel/framework/src/Illuminate/Pipeline/Pipeline.php(169): Illuminate\\Routing\\Router->Illuminate\\Routing\\{closure}(Object(Illuminate\\Http\\Request))
#19 /home/umgroupc/public_html/inventory.umgroup.com.my/vendor/inertiajs/inertia-laravel/src/Middleware.php(86): Illuminate\\Pipeline\\Pipeline->Illuminate\\Pipeline\\{closure}(Object(Illuminate\\Http\\Request))
#20 /home/umgroupc/public_html/inventory.umgroup.com.my/vendor/laravel/framework/src/Illuminate/Pipeline/Pipeline.php(208): Inertia\\Middleware->handle(Object(Illuminate\\Http\\Request), Object(Closure))
#21 /home/umgroupc/public_html/inventory.umgroup.com.my/vendor/laravel/framework/src/Illuminate/Routing/Middleware/SubstituteBindings.php(50): Illuminate\\Pipeline\\Pipeline->Illuminate\\Pipeline\\{closure}(Object(Illuminate\\Http\\Request))
#22 /home/umgroupc/public_html/inventory.umgroup.com.my/vendor/laravel/framework/src/Illuminate/Pipeline/Pipeline.php(208): Illuminate\\Routing\\Middleware\\SubstituteBindings->handle(Object(Illuminate\\Http\\Request), Object(Closure))
#23 /home/umgroupc/public_html/inventory.umgroup.com.my/vendor/laravel/framework/src/Illuminate/Foundation/Http/Middleware/VerifyCsrfToken.php(87): Illuminate\\Pipeline\\Pipeline->Illuminate\\Pipeline\\{closure}(Object(Illuminate\\Http\\Request))
#24 /home/umgroupc/public_html/inventory.umgroup.com.my/vendor/laravel/framework/src/Illuminate/Pipeline/Pipeline.php(208): Illuminate\\Foundation\\Http\\Middleware\\VerifyCsrfToken->handle(Object(Illuminate\\Http\\Request), Object(Closure))
#25 /home/umgroupc/public_html/inventory.umgroup.com.my/vendor/laravel/framework/src/Illuminate/View/Middleware/ShareErrorsFromSession.php(48): Illuminate\\Pipeline\\Pipeline->Illuminate\\Pipeline\\{closure}(Object(Illuminate\\Http\\Request))
#26 /home/umgroupc/public_html/inventory.umgroup.com.my/vendor/laravel/framework/src/Illuminate/Pipeline/Pipeline.php(208): Illuminate\\View\\Middleware\\ShareErrorsFromSession->handle(Object(Illuminate\\Http\\Request), Object(Closure))
#27 /home/umgroupc/public_html/inventory.umgroup.com.my/vendor/laravel/framework/src/Illuminate/Session/Middleware/StartSession.php(120): Illuminate\\Pipeline\\Pipeline->Illuminate\\Pipeline\\{closure}(Object(Illuminate\\Http\\Request))
#28 /home/umgroupc/public_html/inventory.umgroup.com.my/vendor/laravel/framework/src/Illuminate/Session/Middleware/StartSession.php(63): Illuminate\\Session\\Middleware\\StartSession->handleStatefulRequest(Object(Illuminate\\Http\\Request), Object(Illuminate\\Session\\Store), Object(Closure))
#29 /home/umgroupc/public_html/inventory.umgroup.com.my/vendor/laravel/framework/src/Illuminate/Pipeline/Pipeline.php(208): Illuminate\\Session\\Middleware\\StartSession->handle(Object(Illuminate\\Http\\Request), Object(Closure))
#30 /home/umgroupc/public_html/inventory.umgroup.com.my/vendor/laravel/framework/src/Illuminate/Cookie/Middleware/AddQueuedCookiesToResponse.php(36): Illuminate\\Pipeline\\Pipeline->Illuminate\\Pipeline\\{closure}(Object(Illuminate\\Http\\Request))
#31 /home/umgroupc/public_html/inventory.umgroup.com.my/vendor/laravel/framework/src/Illuminate/Pipeline/Pipeline.php(208): Illuminate\\Cookie\\Middleware\\AddQueuedCookiesToResponse->handle(Object(Illuminate\\Http\\Request), Object(Closure))
#32 /home/umgroupc/public_html/inventory.umgroup.com.my/vendor/laravel/framework/src/Illuminate/Cookie/Middleware/EncryptCookies.php(74): Illuminate\\Pipeline\\Pipeline->Illuminate\\Pipeline\\{closure}(Object(Illuminate\\Http\\Request))
#33 /home/umgroupc/public_html/inventory.umgroup.com.my/vendor/laravel/framework/src/Illuminate/Pipeline/Pipeline.php(208): Illuminate\\Cookie\\Middleware\\EncryptCookies->handle(Object(Illuminate\\Http\\Request), Object(Closure))
#34 /home/umgroupc/public_html/inventory.umgroup.com.my/vendor/laravel/framework/src/Illuminate/Pipeline/Pipeline.php(126): Illuminate\\Pipeline\\Pipeline->Illuminate\\Pipeline\\{closure}(Object(Illuminate\\Http\\Request))
#35 /home/umgroupc/public_html/inventory.umgroup.com.my/vendor/laravel/framework/src/Illuminate/Routing/Router.php(807): Illuminate\\Pipeline\\Pipeline->then(Object(Closure))
#36 /home/umgroupc/public_html/inventory.umgroup.com.my/vendor/laravel/framework/src/Illuminate/Routing/Router.php(786): Illuminate\\Routing\\Router->runRouteWithinStack(Object(Illuminate\\Routing\\Route), Object(Illuminate\\Http\\Request))
#37 /home/umgroupc/public_html/inventory.umgroup.com.my/vendor/laravel/framework/src/Illuminate/Routing/Router.php(750): Illuminate\\Routing\\Router->runRoute(Object(Illuminate\\Http\\Request), Object(Illuminate\\Routing\\Route))
#38 /home/umgroupc/public_html/inventory.umgroup.com.my/vendor/laravel/framework/src/Illuminate/Routing/Router.php(739): Illuminate\\Routing\\Router->dispatchToRoute(Object(Illuminate\\Http\\Request))
#39 /home/umgroupc/public_html/inventory.umgroup.com.my/vendor/laravel/framework/src/Illuminate/Foundation/Http/Kernel.php(200): Illuminate\\Routing\\Router->dispatch(Object(Illuminate\\Http\\Request))
#40 /home/umgroupc/public_html/inventory.umgroup.com.my/vendor/laravel/framework/src/Illuminate/Pipeline/Pipeline.php(169): Illuminate\\Foundation\\Http\\Kernel->Illuminate\\Foundation\\Http\\{closure}(Object(Illuminate\\Http\\Request))
#41 /home/umgroupc/public_html/inventory.umgroup.com.my/vendor/laravel/framework/src/Illuminate/Foundation/Http/Middleware/TransformsRequest.php(21): Illuminate\\Pipeline\\Pipeline->Illuminate\\Pipeline\\{closure}(Object(Illuminate\\Http\\Request))
#42 /home/umgroupc/public_html/inventory.umgroup.com.my/vendor/laravel/framework/src/Illuminate/Foundation/Http/Middleware/ConvertEmptyStringsToNull.php(31): Illuminate\\Foundation\\Http\\Middleware\\TransformsRequest->handle(Object(Illuminate\\Http\\Request), Object(Closure))
#43 /home/umgroupc/public_html/inventory.umgroup.com.my/vendor/laravel/framework/src/Illuminate/Pipeline/Pipeline.php(208): Illuminate\\Foundation\\Http\\Middleware\\ConvertEmptyStringsToNull->handle(Object(Illuminate\\Http\\Request), Object(Closure))
#44 /home/umgroupc/public_html/inventory.umgroup.com.my/vendor/laravel/framework/src/Illuminate/Foundation/Http/Middleware/TransformsRequest.php(21): Illuminate\\Pipeline\\Pipeline->Illuminate\\Pipeline\\{closure}(Object(Illuminate\\Http\\Request))
#45 /home/umgroupc/public_html/inventory.umgroup.com.my/vendor/laravel/framework/src/Illuminate/Foundation/Http/Middleware/TrimStrings.php(51): Illuminate\\Foundation\\Http\\Middleware\\TransformsRequest->handle(Object(Illuminate\\Http\\Request), Object(Closure))
#46 /home/umgroupc/public_html/inventory.umgroup.com.my/vendor/laravel/framework/src/Illuminate/Pipeline/Pipeline.php(208): Illuminate\\Foundation\\Http\\Middleware\\TrimStrings->handle(Object(Illuminate\\Http\\Request), Object(Closure))
#47 /home/umgroupc/public_html/inventory.umgroup.com.my/vendor/laravel/framework/src/Illuminate/Http/Middleware/ValidatePostSize.php(27): Illuminate\\Pipeline\\Pipeline->Illuminate\\Pipeline\\{closure}(Object(Illuminate\\Http\\Request))
#48 /home/umgroupc/public_html/inventory.umgroup.com.my/vendor/laravel/framework/src/Illuminate/Pipeline/Pipeline.php(208): Illuminate\\Http\\Middleware\\ValidatePostSize->handle(Object(Illuminate\\Http\\Request), Object(Closure))
#49 /home/umgroupc/public_html/inventory.umgroup.com.my/vendor/laravel/framework/src/Illuminate/Foundation/Http/Middleware/PreventRequestsDuringMaintenance.php(109): Illuminate\\Pipeline\\Pipeline->Illuminate\\Pipeline\\{closure}(Object(Illuminate\\Http\\Request))
#50 /home/umgroupc/public_html/inventory.umgroup.com.my/vendor/laravel/framework/src/Illuminate/Pipeline/Pipeline.php(208): Illuminate\\Foundation\\Http\\Middleware\\PreventRequestsDuringMaintenance->handle(Object(Illuminate\\Http\\Request), Object(Closure))
#51 /home/umgroupc/public_html/inventory.umgroup.com.my/vendor/laravel/framework/src/Illuminate/Http/Middleware/HandleCors.php(48): Illuminate\\Pipeline\\Pipeline->Illuminate\\Pipeline\\{closure}(Object(Illuminate\\Http\\Request))
#52 /home/umgroupc/public_html/inventory.umgroup.com.my/vendor/laravel/framework/src/Illuminate/Pipeline/Pipeline.php(208): Illuminate\\Http\\Middleware\\HandleCors->handle(Object(Illuminate\\Http\\Request), Object(Closure))
#53 /home/umgroupc/public_html/inventory.umgroup.com.my/vendor/laravel/framework/src/Illuminate/Http/Middleware/TrustProxies.php(58): Illuminate\\Pipeline\\Pipeline->Illuminate\\Pipeline\\{closure}(Object(Illuminate\\Http\\Request))
#54 /home/umgroupc/public_html/inventory.umgroup.com.my/vendor/laravel/framework/src/Illuminate/Pipeline/Pipeline.php(208): Illuminate\\Http\\Middleware\\TrustProxies->handle(Object(Illuminate\\Http\\Request), Object(Closure))
#55 /home/umgroupc/public_html/inventory.umgroup.com.my/vendor/laravel/framework/src/Illuminate/Foundation/Http/Middleware/InvokeDeferredCallbacks.php(22): Illuminate\\Pipeline\\Pipeline->Illuminate\\Pipeline\\{closure}(Object(Illuminate\\Http\\Request))
#56 /home/umgroupc/public_html/inventory.umgroup.com.my/vendor/laravel/framework/src/Illuminate/Pipeline/Pipeline.php(208): Illuminate\\Foundation\\Http\\Middleware\\InvokeDeferredCallbacks->handle(Object(Illuminate\\Http\\Request), Object(Closure))
#57 /home/umgroupc/public_html/inventory.umgroup.com.my/vendor/laravel/framework/src/Illuminate/Http/Middleware/ValidatePathEncoding.php(26): Illuminate\\Pipeline\\Pipeline->Illuminate\\Pipeline\\{closure}(Object(Illuminate\\Http\\Request))
#58 /home/umgroupc/public_html/inventory.umgroup.com.my/vendor/laravel/framework/src/Illuminate/Pipeline/Pipeline.php(208): Illuminate\\Http\\Middleware\\ValidatePathEncoding->handle(Object(Illuminate\\Http\\Request), Object(Closure))
#59 /home/umgroupc/public_html/inventory.umgroup.com.my/app/Http/Middleware/Cors.php(16): Illuminate\\Pipeline\\Pipeline->Illuminate\\Pipeline\\{closure}(Object(Illuminate\\Http\\Request))
#60 /home/umgroupc/public_html/inventory.umgroup.com.my/vendor/laravel/framework/src/Illuminate/Pipeline/Pipeline.php(208): App\\Http\\Middleware\\Cors->handle(Object(Illuminate\\Http\\Request), Object(Closure))
#61 /home/umgroupc/public_html/inventory.umgroup.com.my/vendor/laravel/framework/src/Illuminate/Pipeline/Pipeline.php(126): Illuminate\\Pipeline\\Pipeline->Illuminate\\Pipeline\\{closure}(Object(Illuminate\\Http\\Request))
#62 /home/umgroupc/public_html/inventory.umgroup.com.my/vendor/laravel/framework/src/Illuminate/Foundation/Http/Kernel.php(175): Illuminate\\Pipeline\\Pipeline->then(Object(Closure))
#63 /home/umgroupc/public_html/inventory.umgroup.com.my/vendor/laravel/framework/src/Illuminate/Foundation/Http/Kernel.php(144): Illuminate\\Foundation\\Http\\Kernel->sendRequestThroughRouter(Object(Illuminate\\Http\\Request))
#64 /home/umgroupc/public_html/inventory.umgroup.com.my/vendor/laravel/framework/src/Illuminate/Foundation/Application.php(1219): Illuminate\\Foundation\\Http\\Kernel->handle(Object(Illuminate\\Http\\Request))
#65 /home/umgroupc/public_html/inventory.umgroup.com.my/public/index.php(20): Illuminate\\Foundation\\Application->handleRequest(Object(Illuminate\\Http\\Request))
#66 {main}
"} 
[2025-05-19 03:55:09] local.ALERT: {"password":["The password field confirmation does not match."]}  
[2025-05-20 07:33:41] local.ALERT: {"password":["The password field confirmation does not match."]}  
[2025-05-27 07:33:21] local.ALERT: {"password":["The password field confirmation does not match."]}  
[2025-05-27 07:39:12] local.ALERT: {"password":["The password field confirmation does not match."]}  
[2025-05-27 08:10:00] local.ERROR: Route [login] not defined. {"exception":"[object] (Symfony\\Component\\Routing\\Exception\\RouteNotFoundException(code: 0): Route [login] not defined. at /home/umgroupc/public_html/inventory.umgroup.com.my/vendor/laravel/framework/src/Illuminate/Routing/UrlGenerator.php:526)
[stacktrace]
#0 /home/umgroupc/public_html/inventory.umgroup.com.my/vendor/laravel/framework/src/Illuminate/Foundation/helpers.php(856): Illuminate\\Routing\\UrlGenerator->route('login', Array, true)
#1 /home/umgroupc/public_html/inventory.umgroup.com.my/vendor/laravel/framework/src/Illuminate/Foundation/Configuration/ApplicationBuilder.php(278): route('login')
#2 [internal function]: Illuminate\\Foundation\\Configuration\\ApplicationBuilder->Illuminate\\Foundation\\Configuration\\{closure}(Object(Illuminate\\Http\\Request))
#3 /home/umgroupc/public_html/inventory.umgroup.com.my/vendor/laravel/framework/src/Illuminate/Auth/Middleware/Authenticate.php(117): call_user_func(Object(Closure), Object(Illuminate\\Http\\Request))
#4 /home/umgroupc/public_html/inventory.umgroup.com.my/vendor/laravel/framework/src/Illuminate/Auth/Middleware/Authenticate.php(104): Illuminate\\Auth\\Middleware\\Authenticate->redirectTo(Object(Illuminate\\Http\\Request))
#5 /home/umgroupc/public_html/inventory.umgroup.com.my/vendor/laravel/framework/src/Illuminate/Auth/Middleware/Authenticate.php(87): Illuminate\\Auth\\Middleware\\Authenticate->unauthenticated(Object(Illuminate\\Http\\Request), Array)
#6 /home/umgroupc/public_html/inventory.umgroup.com.my/vendor/laravel/framework/src/Illuminate/Auth/Middleware/Authenticate.php(61): Illuminate\\Auth\\Middleware\\Authenticate->authenticate(Object(Illuminate\\Http\\Request), Array)
#7 /home/umgroupc/public_html/inventory.umgroup.com.my/vendor/laravel/framework/src/Illuminate/Pipeline/Pipeline.php(208): Illuminate\\Auth\\Middleware\\Authenticate->handle(Object(Illuminate\\Http\\Request), Object(Closure), 'sanctum')
#8 /home/umgroupc/public_html/inventory.umgroup.com.my/vendor/laravel/framework/src/Illuminate/Pipeline/Pipeline.php(126): Illuminate\\Pipeline\\Pipeline->Illuminate\\Pipeline\\{closure}(Object(Illuminate\\Http\\Request))
#9 /home/umgroupc/public_html/inventory.umgroup.com.my/vendor/laravel/framework/src/Illuminate/Routing/Router.php(807): Illuminate\\Pipeline\\Pipeline->then(Object(Closure))
#10 /home/umgroupc/public_html/inventory.umgroup.com.my/vendor/laravel/framework/src/Illuminate/Routing/Router.php(786): Illuminate\\Routing\\Router->runRouteWithinStack(Object(Illuminate\\Routing\\Route), Object(Illuminate\\Http\\Request))
#11 /home/umgroupc/public_html/inventory.umgroup.com.my/vendor/laravel/framework/src/Illuminate/Routing/Router.php(750): Illuminate\\Routing\\Router->runRoute(Object(Illuminate\\Http\\Request), Object(Illuminate\\Routing\\Route))
#12 /home/umgroupc/public_html/inventory.umgroup.com.my/vendor/laravel/framework/src/Illuminate/Routing/Router.php(739): Illuminate\\Routing\\Router->dispatchToRoute(Object(Illuminate\\Http\\Request))
#13 /home/umgroupc/public_html/inventory.umgroup.com.my/vendor/laravel/framework/src/Illuminate/Foundation/Http/Kernel.php(200): Illuminate\\Routing\\Router->dispatch(Object(Illuminate\\Http\\Request))
#14 /home/umgroupc/public_html/inventory.umgroup.com.my/vendor/laravel/framework/src/Illuminate/Pipeline/Pipeline.php(169): Illuminate\\Foundation\\Http\\Kernel->Illuminate\\Foundation\\Http\\{closure}(Object(Illuminate\\Http\\Request))
#15 /home/umgroupc/public_html/inventory.umgroup.com.my/vendor/laravel/framework/src/Illuminate/Foundation/Http/Middleware/TransformsRequest.php(21): Illuminate\\Pipeline\\Pipeline->Illuminate\\Pipeline\\{closure}(Object(Illuminate\\Http\\Request))
#16 /home/umgroupc/public_html/inventory.umgroup.com.my/vendor/laravel/framework/src/Illuminate/Foundation/Http/Middleware/ConvertEmptyStringsToNull.php(31): Illuminate\\Foundation\\Http\\Middleware\\TransformsRequest->handle(Object(Illuminate\\Http\\Request), Object(Closure))
#17 /home/umgroupc/public_html/inventory.umgroup.com.my/vendor/laravel/framework/src/Illuminate/Pipeline/Pipeline.php(208): Illuminate\\Foundation\\Http\\Middleware\\ConvertEmptyStringsToNull->handle(Object(Illuminate\\Http\\Request), Object(Closure))
#18 /home/umgroupc/public_html/inventory.umgroup.com.my/vendor/laravel/framework/src/Illuminate/Foundation/Http/Middleware/TransformsRequest.php(21): Illuminate\\Pipeline\\Pipeline->Illuminate\\Pipeline\\{closure}(Object(Illuminate\\Http\\Request))
#19 /home/umgroupc/public_html/inventory.umgroup.com.my/vendor/laravel/framework/src/Illuminate/Foundation/Http/Middleware/TrimStrings.php(51): Illuminate\\Foundation\\Http\\Middleware\\TransformsRequest->handle(Object(Illuminate\\Http\\Request), Object(Closure))
#20 /home/umgroupc/public_html/inventory.umgroup.com.my/vendor/laravel/framework/src/Illuminate/Pipeline/Pipeline.php(208): Illuminate\\Foundation\\Http\\Middleware\\TrimStrings->handle(Object(Illuminate\\Http\\Request), Object(Closure))
#21 /home/umgroupc/public_html/inventory.umgroup.com.my/vendor/laravel/framework/src/Illuminate/Http/Middleware/ValidatePostSize.php(27): Illuminate\\Pipeline\\Pipeline->Illuminate\\Pipeline\\{closure}(Object(Illuminate\\Http\\Request))
#22 /home/umgroupc/public_html/inventory.umgroup.com.my/vendor/laravel/framework/src/Illuminate/Pipeline/Pipeline.php(208): Illuminate\\Http\\Middleware\\ValidatePostSize->handle(Object(Illuminate\\Http\\Request), Object(Closure))
#23 /home/umgroupc/public_html/inventory.umgroup.com.my/vendor/laravel/framework/src/Illuminate/Foundation/Http/Middleware/PreventRequestsDuringMaintenance.php(109): Illuminate\\Pipeline\\Pipeline->Illuminate\\Pipeline\\{closure}(Object(Illuminate\\Http\\Request))
#24 /home/umgroupc/public_html/inventory.umgroup.com.my/vendor/laravel/framework/src/Illuminate/Pipeline/Pipeline.php(208): Illuminate\\Foundation\\Http\\Middleware\\PreventRequestsDuringMaintenance->handle(Object(Illuminate\\Http\\Request), Object(Closure))
#25 /home/umgroupc/public_html/inventory.umgroup.com.my/vendor/laravel/framework/src/Illuminate/Http/Middleware/HandleCors.php(61): Illuminate\\Pipeline\\Pipeline->Illuminate\\Pipeline\\{closure}(Object(Illuminate\\Http\\Request))
#26 /home/umgroupc/public_html/inventory.umgroup.com.my/vendor/laravel/framework/src/Illuminate/Pipeline/Pipeline.php(208): Illuminate\\Http\\Middleware\\HandleCors->handle(Object(Illuminate\\Http\\Request), Object(Closure))
#27 /home/umgroupc/public_html/inventory.umgroup.com.my/vendor/laravel/framework/src/Illuminate/Http/Middleware/TrustProxies.php(58): Illuminate\\Pipeline\\Pipeline->Illuminate\\Pipeline\\{closure}(Object(Illuminate\\Http\\Request))
#28 /home/umgroupc/public_html/inventory.umgroup.com.my/vendor/laravel/framework/src/Illuminate/Pipeline/Pipeline.php(208): Illuminate\\Http\\Middleware\\TrustProxies->handle(Object(Illuminate\\Http\\Request), Object(Closure))
#29 /home/umgroupc/public_html/inventory.umgroup.com.my/vendor/laravel/framework/src/Illuminate/Foundation/Http/Middleware/InvokeDeferredCallbacks.php(22): Illuminate\\Pipeline\\Pipeline->Illuminate\\Pipeline\\{closure}(Object(Illuminate\\Http\\Request))
#30 /home/umgroupc/public_html/inventory.umgroup.com.my/vendor/laravel/framework/src/Illuminate/Pipeline/Pipeline.php(208): Illuminate\\Foundation\\Http\\Middleware\\InvokeDeferredCallbacks->handle(Object(Illuminate\\Http\\Request), Object(Closure))
#31 /home/umgroupc/public_html/inventory.umgroup.com.my/vendor/laravel/framework/src/Illuminate/Http/Middleware/ValidatePathEncoding.php(26): Illuminate\\Pipeline\\Pipeline->Illuminate\\Pipeline\\{closure}(Object(Illuminate\\Http\\Request))
#32 /home/umgroupc/public_html/inventory.umgroup.com.my/vendor/laravel/framework/src/Illuminate/Pipeline/Pipeline.php(208): Illuminate\\Http\\Middleware\\ValidatePathEncoding->handle(Object(Illuminate\\Http\\Request), Object(Closure))
#33 /home/umgroupc/public_html/inventory.umgroup.com.my/app/Http/Middleware/Cors.php(16): Illuminate\\Pipeline\\Pipeline->Illuminate\\Pipeline\\{closure}(Object(Illuminate\\Http\\Request))
#34 /home/umgroupc/public_html/inventory.umgroup.com.my/vendor/laravel/framework/src/Illuminate/Pipeline/Pipeline.php(208): App\\Http\\Middleware\\Cors->handle(Object(Illuminate\\Http\\Request), Object(Closure))
#35 /home/umgroupc/public_html/inventory.umgroup.com.my/vendor/laravel/framework/src/Illuminate/Pipeline/Pipeline.php(126): Illuminate\\Pipeline\\Pipeline->Illuminate\\Pipeline\\{closure}(Object(Illuminate\\Http\\Request))
#36 /home/umgroupc/public_html/inventory.umgroup.com.my/vendor/laravel/framework/src/Illuminate/Foundation/Http/Kernel.php(175): Illuminate\\Pipeline\\Pipeline->then(Object(Closure))
#37 /home/umgroupc/public_html/inventory.umgroup.com.my/vendor/laravel/framework/src/Illuminate/Foundation/Http/Kernel.php(144): Illuminate\\Foundation\\Http\\Kernel->sendRequestThroughRouter(Object(Illuminate\\Http\\Request))
#38 /home/umgroupc/public_html/inventory.umgroup.com.my/vendor/laravel/framework/src/Illuminate/Foundation/Application.php(1219): Illuminate\\Foundation\\Http\\Kernel->handle(Object(Illuminate\\Http\\Request))
#39 /home/umgroupc/public_html/inventory.umgroup.com.my/public/index.php(20): Illuminate\\Foundation\\Application->handleRequest(Object(Illuminate\\Http\\Request))
#40 {main}
"} 
[2025-05-27 08:12:51] local.ERROR: Route [login] not defined. {"exception":"[object] (Symfony\\Component\\Routing\\Exception\\RouteNotFoundException(code: 0): Route [login] not defined. at /home/umgroupc/public_html/inventory.umgroup.com.my/vendor/laravel/framework/src/Illuminate/Routing/UrlGenerator.php:526)
[stacktrace]
#0 /home/umgroupc/public_html/inventory.umgroup.com.my/vendor/laravel/framework/src/Illuminate/Foundation/helpers.php(856): Illuminate\\Routing\\UrlGenerator->route('login', Array, true)
#1 /home/umgroupc/public_html/inventory.umgroup.com.my/vendor/laravel/framework/src/Illuminate/Foundation/Configuration/ApplicationBuilder.php(278): route('login')
#2 [internal function]: Illuminate\\Foundation\\Configuration\\ApplicationBuilder->Illuminate\\Foundation\\Configuration\\{closure}(Object(Illuminate\\Http\\Request))
#3 /home/umgroupc/public_html/inventory.umgroup.com.my/vendor/laravel/framework/src/Illuminate/Auth/Middleware/Authenticate.php(117): call_user_func(Object(Closure), Object(Illuminate\\Http\\Request))
#4 /home/umgroupc/public_html/inventory.umgroup.com.my/vendor/laravel/framework/src/Illuminate/Auth/Middleware/Authenticate.php(104): Illuminate\\Auth\\Middleware\\Authenticate->redirectTo(Object(Illuminate\\Http\\Request))
#5 /home/umgroupc/public_html/inventory.umgroup.com.my/vendor/laravel/framework/src/Illuminate/Auth/Middleware/Authenticate.php(87): Illuminate\\Auth\\Middleware\\Authenticate->unauthenticated(Object(Illuminate\\Http\\Request), Array)
#6 /home/umgroupc/public_html/inventory.umgroup.com.my/vendor/laravel/framework/src/Illuminate/Auth/Middleware/Authenticate.php(61): Illuminate\\Auth\\Middleware\\Authenticate->authenticate(Object(Illuminate\\Http\\Request), Array)
#7 /home/umgroupc/public_html/inventory.umgroup.com.my/vendor/laravel/framework/src/Illuminate/Pipeline/Pipeline.php(208): Illuminate\\Auth\\Middleware\\Authenticate->handle(Object(Illuminate\\Http\\Request), Object(Closure), 'sanctum')
#8 /home/umgroupc/public_html/inventory.umgroup.com.my/vendor/laravel/framework/src/Illuminate/Pipeline/Pipeline.php(126): Illuminate\\Pipeline\\Pipeline->Illuminate\\Pipeline\\{closure}(Object(Illuminate\\Http\\Request))
#9 /home/umgroupc/public_html/inventory.umgroup.com.my/vendor/laravel/framework/src/Illuminate/Routing/Router.php(807): Illuminate\\Pipeline\\Pipeline->then(Object(Closure))
#10 /home/umgroupc/public_html/inventory.umgroup.com.my/vendor/laravel/framework/src/Illuminate/Routing/Router.php(786): Illuminate\\Routing\\Router->runRouteWithinStack(Object(Illuminate\\Routing\\Route), Object(Illuminate\\Http\\Request))
#11 /home/umgroupc/public_html/inventory.umgroup.com.my/vendor/laravel/framework/src/Illuminate/Routing/Router.php(750): Illuminate\\Routing\\Router->runRoute(Object(Illuminate\\Http\\Request), Object(Illuminate\\Routing\\Route))
#12 /home/umgroupc/public_html/inventory.umgroup.com.my/vendor/laravel/framework/src/Illuminate/Routing/Router.php(739): Illuminate\\Routing\\Router->dispatchToRoute(Object(Illuminate\\Http\\Request))
#13 /home/umgroupc/public_html/inventory.umgroup.com.my/vendor/laravel/framework/src/Illuminate/Foundation/Http/Kernel.php(200): Illuminate\\Routing\\Router->dispatch(Object(Illuminate\\Http\\Request))
#14 /home/umgroupc/public_html/inventory.umgroup.com.my/vendor/laravel/framework/src/Illuminate/Pipeline/Pipeline.php(169): Illuminate\\Foundation\\Http\\Kernel->Illuminate\\Foundation\\Http\\{closure}(Object(Illuminate\\Http\\Request))
#15 /home/umgroupc/public_html/inventory.umgroup.com.my/vendor/laravel/framework/src/Illuminate/Foundation/Http/Middleware/TransformsRequest.php(21): Illuminate\\Pipeline\\Pipeline->Illuminate\\Pipeline\\{closure}(Object(Illuminate\\Http\\Request))
#16 /home/umgroupc/public_html/inventory.umgroup.com.my/vendor/laravel/framework/src/Illuminate/Foundation/Http/Middleware/ConvertEmptyStringsToNull.php(31): Illuminate\\Foundation\\Http\\Middleware\\TransformsRequest->handle(Object(Illuminate\\Http\\Request), Object(Closure))
#17 /home/umgroupc/public_html/inventory.umgroup.com.my/vendor/laravel/framework/src/Illuminate/Pipeline/Pipeline.php(208): Illuminate\\Foundation\\Http\\Middleware\\ConvertEmptyStringsToNull->handle(Object(Illuminate\\Http\\Request), Object(Closure))
#18 /home/umgroupc/public_html/inventory.umgroup.com.my/vendor/laravel/framework/src/Illuminate/Foundation/Http/Middleware/TransformsRequest.php(21): Illuminate\\Pipeline\\Pipeline->Illuminate\\Pipeline\\{closure}(Object(Illuminate\\Http\\Request))
#19 /home/umgroupc/public_html/inventory.umgroup.com.my/vendor/laravel/framework/src/Illuminate/Foundation/Http/Middleware/TrimStrings.php(51): Illuminate\\Foundation\\Http\\Middleware\\TransformsRequest->handle(Object(Illuminate\\Http\\Request), Object(Closure))
#20 /home/umgroupc/public_html/inventory.umgroup.com.my/vendor/laravel/framework/src/Illuminate/Pipeline/Pipeline.php(208): Illuminate\\Foundation\\Http\\Middleware\\TrimStrings->handle(Object(Illuminate\\Http\\Request), Object(Closure))
#21 /home/umgroupc/public_html/inventory.umgroup.com.my/vendor/laravel/framework/src/Illuminate/Http/Middleware/ValidatePostSize.php(27): Illuminate\\Pipeline\\Pipeline->Illuminate\\Pipeline\\{closure}(Object(Illuminate\\Http\\Request))
#22 /home/umgroupc/public_html/inventory.umgroup.com.my/vendor/laravel/framework/src/Illuminate/Pipeline/Pipeline.php(208): Illuminate\\Http\\Middleware\\ValidatePostSize->handle(Object(Illuminate\\Http\\Request), Object(Closure))
#23 /home/umgroupc/public_html/inventory.umgroup.com.my/vendor/laravel/framework/src/Illuminate/Foundation/Http/Middleware/PreventRequestsDuringMaintenance.php(109): Illuminate\\Pipeline\\Pipeline->Illuminate\\Pipeline\\{closure}(Object(Illuminate\\Http\\Request))
#24 /home/umgroupc/public_html/inventory.umgroup.com.my/vendor/laravel/framework/src/Illuminate/Pipeline/Pipeline.php(208): Illuminate\\Foundation\\Http\\Middleware\\PreventRequestsDuringMaintenance->handle(Object(Illuminate\\Http\\Request), Object(Closure))
#25 /home/umgroupc/public_html/inventory.umgroup.com.my/vendor/laravel/framework/src/Illuminate/Http/Middleware/HandleCors.php(61): Illuminate\\Pipeline\\Pipeline->Illuminate\\Pipeline\\{closure}(Object(Illuminate\\Http\\Request))
#26 /home/umgroupc/public_html/inventory.umgroup.com.my/vendor/laravel/framework/src/Illuminate/Pipeline/Pipeline.php(208): Illuminate\\Http\\Middleware\\HandleCors->handle(Object(Illuminate\\Http\\Request), Object(Closure))
#27 /home/umgroupc/public_html/inventory.umgroup.com.my/vendor/laravel/framework/src/Illuminate/Http/Middleware/TrustProxies.php(58): Illuminate\\Pipeline\\Pipeline->Illuminate\\Pipeline\\{closure}(Object(Illuminate\\Http\\Request))
#28 /home/umgroupc/public_html/inventory.umgroup.com.my/vendor/laravel/framework/src/Illuminate/Pipeline/Pipeline.php(208): Illuminate\\Http\\Middleware\\TrustProxies->handle(Object(Illuminate\\Http\\Request), Object(Closure))
#29 /home/umgroupc/public_html/inventory.umgroup.com.my/vendor/laravel/framework/src/Illuminate/Foundation/Http/Middleware/InvokeDeferredCallbacks.php(22): Illuminate\\Pipeline\\Pipeline->Illuminate\\Pipeline\\{closure}(Object(Illuminate\\Http\\Request))
#30 /home/umgroupc/public_html/inventory.umgroup.com.my/vendor/laravel/framework/src/Illuminate/Pipeline/Pipeline.php(208): Illuminate\\Foundation\\Http\\Middleware\\InvokeDeferredCallbacks->handle(Object(Illuminate\\Http\\Request), Object(Closure))
#31 /home/umgroupc/public_html/inventory.umgroup.com.my/vendor/laravel/framework/src/Illuminate/Http/Middleware/ValidatePathEncoding.php(26): Illuminate\\Pipeline\\Pipeline->Illuminate\\Pipeline\\{closure}(Object(Illuminate\\Http\\Request))
#32 /home/umgroupc/public_html/inventory.umgroup.com.my/vendor/laravel/framework/src/Illuminate/Pipeline/Pipeline.php(208): Illuminate\\Http\\Middleware\\ValidatePathEncoding->handle(Object(Illuminate\\Http\\Request), Object(Closure))
#33 /home/umgroupc/public_html/inventory.umgroup.com.my/app/Http/Middleware/Cors.php(16): Illuminate\\Pipeline\\Pipeline->Illuminate\\Pipeline\\{closure}(Object(Illuminate\\Http\\Request))
#34 /home/umgroupc/public_html/inventory.umgroup.com.my/vendor/laravel/framework/src/Illuminate/Pipeline/Pipeline.php(208): App\\Http\\Middleware\\Cors->handle(Object(Illuminate\\Http\\Request), Object(Closure))
#35 /home/umgroupc/public_html/inventory.umgroup.com.my/vendor/laravel/framework/src/Illuminate/Pipeline/Pipeline.php(126): Illuminate\\Pipeline\\Pipeline->Illuminate\\Pipeline\\{closure}(Object(Illuminate\\Http\\Request))
#36 /home/umgroupc/public_html/inventory.umgroup.com.my/vendor/laravel/framework/src/Illuminate/Foundation/Http/Kernel.php(175): Illuminate\\Pipeline\\Pipeline->then(Object(Closure))
#37 /home/umgroupc/public_html/inventory.umgroup.com.my/vendor/laravel/framework/src/Illuminate/Foundation/Http/Kernel.php(144): Illuminate\\Foundation\\Http\\Kernel->sendRequestThroughRouter(Object(Illuminate\\Http\\Request))
#38 /home/umgroupc/public_html/inventory.umgroup.com.my/vendor/laravel/framework/src/Illuminate/Foundation/Application.php(1219): Illuminate\\Foundation\\Http\\Kernel->handle(Object(Illuminate\\Http\\Request))
#39 /home/umgroupc/public_html/inventory.umgroup.com.my/public/index.php(20): Illuminate\\Foundation\\Application->handleRequest(Object(Illuminate\\Http\\Request))
#40 {main}
"} 
[2025-05-27 08:16:32] local.ERROR: Route [login] not defined. {"exception":"[object] (Symfony\\Component\\Routing\\Exception\\RouteNotFoundException(code: 0): Route [login] not defined. at /home/umgroupc/public_html/inventory.umgroup.com.my/vendor/laravel/framework/src/Illuminate/Routing/UrlGenerator.php:526)
[stacktrace]
#0 /home/umgroupc/public_html/inventory.umgroup.com.my/vendor/laravel/framework/src/Illuminate/Foundation/helpers.php(856): Illuminate\\Routing\\UrlGenerator->route('login', Array, true)
#1 /home/umgroupc/public_html/inventory.umgroup.com.my/vendor/laravel/framework/src/Illuminate/Foundation/Configuration/ApplicationBuilder.php(278): route('login')
#2 [internal function]: Illuminate\\Foundation\\Configuration\\ApplicationBuilder->Illuminate\\Foundation\\Configuration\\{closure}(Object(Illuminate\\Http\\Request))
#3 /home/umgroupc/public_html/inventory.umgroup.com.my/vendor/laravel/framework/src/Illuminate/Auth/Middleware/Authenticate.php(117): call_user_func(Object(Closure), Object(Illuminate\\Http\\Request))
#4 /home/umgroupc/public_html/inventory.umgroup.com.my/vendor/laravel/framework/src/Illuminate/Auth/Middleware/Authenticate.php(104): Illuminate\\Auth\\Middleware\\Authenticate->redirectTo(Object(Illuminate\\Http\\Request))
#5 /home/umgroupc/public_html/inventory.umgroup.com.my/vendor/laravel/framework/src/Illuminate/Auth/Middleware/Authenticate.php(87): Illuminate\\Auth\\Middleware\\Authenticate->unauthenticated(Object(Illuminate\\Http\\Request), Array)
#6 /home/umgroupc/public_html/inventory.umgroup.com.my/vendor/laravel/framework/src/Illuminate/Auth/Middleware/Authenticate.php(61): Illuminate\\Auth\\Middleware\\Authenticate->authenticate(Object(Illuminate\\Http\\Request), Array)
#7 /home/umgroupc/public_html/inventory.umgroup.com.my/vendor/laravel/framework/src/Illuminate/Pipeline/Pipeline.php(208): Illuminate\\Auth\\Middleware\\Authenticate->handle(Object(Illuminate\\Http\\Request), Object(Closure), 'sanctum')
#8 /home/umgroupc/public_html/inventory.umgroup.com.my/vendor/laravel/framework/src/Illuminate/Pipeline/Pipeline.php(126): Illuminate\\Pipeline\\Pipeline->Illuminate\\Pipeline\\{closure}(Object(Illuminate\\Http\\Request))
#9 /home/umgroupc/public_html/inventory.umgroup.com.my/vendor/laravel/framework/src/Illuminate/Routing/Router.php(807): Illuminate\\Pipeline\\Pipeline->then(Object(Closure))
#10 /home/umgroupc/public_html/inventory.umgroup.com.my/vendor/laravel/framework/src/Illuminate/Routing/Router.php(786): Illuminate\\Routing\\Router->runRouteWithinStack(Object(Illuminate\\Routing\\Route), Object(Illuminate\\Http\\Request))
#11 /home/umgroupc/public_html/inventory.umgroup.com.my/vendor/laravel/framework/src/Illuminate/Routing/Router.php(750): Illuminate\\Routing\\Router->runRoute(Object(Illuminate\\Http\\Request), Object(Illuminate\\Routing\\Route))
#12 /home/umgroupc/public_html/inventory.umgroup.com.my/vendor/laravel/framework/src/Illuminate/Routing/Router.php(739): Illuminate\\Routing\\Router->dispatchToRoute(Object(Illuminate\\Http\\Request))
#13 /home/umgroupc/public_html/inventory.umgroup.com.my/vendor/laravel/framework/src/Illuminate/Foundation/Http/Kernel.php(200): Illuminate\\Routing\\Router->dispatch(Object(Illuminate\\Http\\Request))
#14 /home/umgroupc/public_html/inventory.umgroup.com.my/vendor/laravel/framework/src/Illuminate/Pipeline/Pipeline.php(169): Illuminate\\Foundation\\Http\\Kernel->Illuminate\\Foundation\\Http\\{closure}(Object(Illuminate\\Http\\Request))
#15 /home/umgroupc/public_html/inventory.umgroup.com.my/vendor/laravel/framework/src/Illuminate/Foundation/Http/Middleware/TransformsRequest.php(21): Illuminate\\Pipeline\\Pipeline->Illuminate\\Pipeline\\{closure}(Object(Illuminate\\Http\\Request))
#16 /home/umgroupc/public_html/inventory.umgroup.com.my/vendor/laravel/framework/src/Illuminate/Foundation/Http/Middleware/ConvertEmptyStringsToNull.php(31): Illuminate\\Foundation\\Http\\Middleware\\TransformsRequest->handle(Object(Illuminate\\Http\\Request), Object(Closure))
#17 /home/umgroupc/public_html/inventory.umgroup.com.my/vendor/laravel/framework/src/Illuminate/Pipeline/Pipeline.php(208): Illuminate\\Foundation\\Http\\Middleware\\ConvertEmptyStringsToNull->handle(Object(Illuminate\\Http\\Request), Object(Closure))
#18 /home/umgroupc/public_html/inventory.umgroup.com.my/vendor/laravel/framework/src/Illuminate/Foundation/Http/Middleware/TransformsRequest.php(21): Illuminate\\Pipeline\\Pipeline->Illuminate\\Pipeline\\{closure}(Object(Illuminate\\Http\\Request))
#19 /home/umgroupc/public_html/inventory.umgroup.com.my/vendor/laravel/framework/src/Illuminate/Foundation/Http/Middleware/TrimStrings.php(51): Illuminate\\Foundation\\Http\\Middleware\\TransformsRequest->handle(Object(Illuminate\\Http\\Request), Object(Closure))
#20 /home/umgroupc/public_html/inventory.umgroup.com.my/vendor/laravel/framework/src/Illuminate/Pipeline/Pipeline.php(208): Illuminate\\Foundation\\Http\\Middleware\\TrimStrings->handle(Object(Illuminate\\Http\\Request), Object(Closure))
#21 /home/umgroupc/public_html/inventory.umgroup.com.my/vendor/laravel/framework/src/Illuminate/Http/Middleware/ValidatePostSize.php(27): Illuminate\\Pipeline\\Pipeline->Illuminate\\Pipeline\\{closure}(Object(Illuminate\\Http\\Request))
#22 /home/umgroupc/public_html/inventory.umgroup.com.my/vendor/laravel/framework/src/Illuminate/Pipeline/Pipeline.php(208): Illuminate\\Http\\Middleware\\ValidatePostSize->handle(Object(Illuminate\\Http\\Request), Object(Closure))
#23 /home/umgroupc/public_html/inventory.umgroup.com.my/vendor/laravel/framework/src/Illuminate/Foundation/Http/Middleware/PreventRequestsDuringMaintenance.php(109): Illuminate\\Pipeline\\Pipeline->Illuminate\\Pipeline\\{closure}(Object(Illuminate\\Http\\Request))
#24 /home/umgroupc/public_html/inventory.umgroup.com.my/vendor/laravel/framework/src/Illuminate/Pipeline/Pipeline.php(208): Illuminate\\Foundation\\Http\\Middleware\\PreventRequestsDuringMaintenance->handle(Object(Illuminate\\Http\\Request), Object(Closure))
#25 /home/umgroupc/public_html/inventory.umgroup.com.my/vendor/laravel/framework/src/Illuminate/Http/Middleware/HandleCors.php(61): Illuminate\\Pipeline\\Pipeline->Illuminate\\Pipeline\\{closure}(Object(Illuminate\\Http\\Request))
#26 /home/umgroupc/public_html/inventory.umgroup.com.my/vendor/laravel/framework/src/Illuminate/Pipeline/Pipeline.php(208): Illuminate\\Http\\Middleware\\HandleCors->handle(Object(Illuminate\\Http\\Request), Object(Closure))
#27 /home/umgroupc/public_html/inventory.umgroup.com.my/vendor/laravel/framework/src/Illuminate/Http/Middleware/TrustProxies.php(58): Illuminate\\Pipeline\\Pipeline->Illuminate\\Pipeline\\{closure}(Object(Illuminate\\Http\\Request))
#28 /home/umgroupc/public_html/inventory.umgroup.com.my/vendor/laravel/framework/src/Illuminate/Pipeline/Pipeline.php(208): Illuminate\\Http\\Middleware\\TrustProxies->handle(Object(Illuminate\\Http\\Request), Object(Closure))
#29 /home/umgroupc/public_html/inventory.umgroup.com.my/vendor/laravel/framework/src/Illuminate/Foundation/Http/Middleware/InvokeDeferredCallbacks.php(22): Illuminate\\Pipeline\\Pipeline->Illuminate\\Pipeline\\{closure}(Object(Illuminate\\Http\\Request))
#30 /home/umgroupc/public_html/inventory.umgroup.com.my/vendor/laravel/framework/src/Illuminate/Pipeline/Pipeline.php(208): Illuminate\\Foundation\\Http\\Middleware\\InvokeDeferredCallbacks->handle(Object(Illuminate\\Http\\Request), Object(Closure))
#31 /home/umgroupc/public_html/inventory.umgroup.com.my/vendor/laravel/framework/src/Illuminate/Http/Middleware/ValidatePathEncoding.php(26): Illuminate\\Pipeline\\Pipeline->Illuminate\\Pipeline\\{closure}(Object(Illuminate\\Http\\Request))
#32 /home/umgroupc/public_html/inventory.umgroup.com.my/vendor/laravel/framework/src/Illuminate/Pipeline/Pipeline.php(208): Illuminate\\Http\\Middleware\\ValidatePathEncoding->handle(Object(Illuminate\\Http\\Request), Object(Closure))
#33 /home/umgroupc/public_html/inventory.umgroup.com.my/app/Http/Middleware/Cors.php(16): Illuminate\\Pipeline\\Pipeline->Illuminate\\Pipeline\\{closure}(Object(Illuminate\\Http\\Request))
#34 /home/umgroupc/public_html/inventory.umgroup.com.my/vendor/laravel/framework/src/Illuminate/Pipeline/Pipeline.php(208): App\\Http\\Middleware\\Cors->handle(Object(Illuminate\\Http\\Request), Object(Closure))
#35 /home/umgroupc/public_html/inventory.umgroup.com.my/vendor/laravel/framework/src/Illuminate/Pipeline/Pipeline.php(126): Illuminate\\Pipeline\\Pipeline->Illuminate\\Pipeline\\{closure}(Object(Illuminate\\Http\\Request))
#36 /home/umgroupc/public_html/inventory.umgroup.com.my/vendor/laravel/framework/src/Illuminate/Foundation/Http/Kernel.php(175): Illuminate\\Pipeline\\Pipeline->then(Object(Closure))
#37 /home/umgroupc/public_html/inventory.umgroup.com.my/vendor/laravel/framework/src/Illuminate/Foundation/Http/Kernel.php(144): Illuminate\\Foundation\\Http\\Kernel->sendRequestThroughRouter(Object(Illuminate\\Http\\Request))
#38 /home/umgroupc/public_html/inventory.umgroup.com.my/vendor/laravel/framework/src/Illuminate/Foundation/Application.php(1219): Illuminate\\Foundation\\Http\\Kernel->handle(Object(Illuminate\\Http\\Request))
#39 /home/umgroupc/public_html/inventory.umgroup.com.my/public/index.php(20): Illuminate\\Foundation\\Application->handleRequest(Object(Illuminate\\Http\\Request))
#40 {main}
"} 
[2025-06-12 02:12:53] local.ALERT: {"password":["The password field confirmation does not match."]}  
[2025-06-12 02:23:12] local.ALERT: {"password":["The password field confirmation does not match."]}  
[2025-06-12 08:53:15] local.ERROR: Route [login] not defined. {"exception":"[object] (Symfony\\Component\\Routing\\Exception\\RouteNotFoundException(code: 0): Route [login] not defined. at /home/umgroupc/public_html/inventory.umgroup.com.my/vendor/laravel/framework/src/Illuminate/Routing/UrlGenerator.php:526)
[stacktrace]
#0 /home/umgroupc/public_html/inventory.umgroup.com.my/vendor/laravel/framework/src/Illuminate/Foundation/helpers.php(856): Illuminate\\Routing\\UrlGenerator->route('login', Array, true)
#1 /home/umgroupc/public_html/inventory.umgroup.com.my/vendor/laravel/framework/src/Illuminate/Foundation/Configuration/ApplicationBuilder.php(278): route('login')
#2 [internal function]: Illuminate\\Foundation\\Configuration\\ApplicationBuilder->Illuminate\\Foundation\\Configuration\\{closure}(Object(Illuminate\\Http\\Request))
#3 /home/umgroupc/public_html/inventory.umgroup.com.my/vendor/laravel/framework/src/Illuminate/Auth/Middleware/Authenticate.php(117): call_user_func(Object(Closure), Object(Illuminate\\Http\\Request))
#4 /home/umgroupc/public_html/inventory.umgroup.com.my/vendor/laravel/framework/src/Illuminate/Auth/Middleware/Authenticate.php(104): Illuminate\\Auth\\Middleware\\Authenticate->redirectTo(Object(Illuminate\\Http\\Request))
#5 /home/umgroupc/public_html/inventory.umgroup.com.my/vendor/laravel/framework/src/Illuminate/Auth/Middleware/Authenticate.php(87): Illuminate\\Auth\\Middleware\\Authenticate->unauthenticated(Object(Illuminate\\Http\\Request), Array)
#6 /home/umgroupc/public_html/inventory.umgroup.com.my/vendor/laravel/framework/src/Illuminate/Auth/Middleware/Authenticate.php(61): Illuminate\\Auth\\Middleware\\Authenticate->authenticate(Object(Illuminate\\Http\\Request), Array)
#7 /home/umgroupc/public_html/inventory.umgroup.com.my/vendor/laravel/framework/src/Illuminate/Pipeline/Pipeline.php(208): Illuminate\\Auth\\Middleware\\Authenticate->handle(Object(Illuminate\\Http\\Request), Object(Closure), 'sanctum')
#8 /home/umgroupc/public_html/inventory.umgroup.com.my/vendor/laravel/framework/src/Illuminate/Pipeline/Pipeline.php(126): Illuminate\\Pipeline\\Pipeline->Illuminate\\Pipeline\\{closure}(Object(Illuminate\\Http\\Request))
#9 /home/umgroupc/public_html/inventory.umgroup.com.my/vendor/laravel/framework/src/Illuminate/Routing/Router.php(807): Illuminate\\Pipeline\\Pipeline->then(Object(Closure))
#10 /home/umgroupc/public_html/inventory.umgroup.com.my/vendor/laravel/framework/src/Illuminate/Routing/Router.php(786): Illuminate\\Routing\\Router->runRouteWithinStack(Object(Illuminate\\Routing\\Route), Object(Illuminate\\Http\\Request))
#11 /home/umgroupc/public_html/inventory.umgroup.com.my/vendor/laravel/framework/src/Illuminate/Routing/Router.php(750): Illuminate\\Routing\\Router->runRoute(Object(Illuminate\\Http\\Request), Object(Illuminate\\Routing\\Route))
#12 /home/umgroupc/public_html/inventory.umgroup.com.my/vendor/laravel/framework/src/Illuminate/Routing/Router.php(739): Illuminate\\Routing\\Router->dispatchToRoute(Object(Illuminate\\Http\\Request))
#13 /home/umgroupc/public_html/inventory.umgroup.com.my/vendor/laravel/framework/src/Illuminate/Foundation/Http/Kernel.php(200): Illuminate\\Routing\\Router->dispatch(Object(Illuminate\\Http\\Request))
#14 /home/umgroupc/public_html/inventory.umgroup.com.my/vendor/laravel/framework/src/Illuminate/Pipeline/Pipeline.php(169): Illuminate\\Foundation\\Http\\Kernel->Illuminate\\Foundation\\Http\\{closure}(Object(Illuminate\\Http\\Request))
#15 /home/umgroupc/public_html/inventory.umgroup.com.my/vendor/laravel/framework/src/Illuminate/Foundation/Http/Middleware/TransformsRequest.php(21): Illuminate\\Pipeline\\Pipeline->Illuminate\\Pipeline\\{closure}(Object(Illuminate\\Http\\Request))
#16 /home/umgroupc/public_html/inventory.umgroup.com.my/vendor/laravel/framework/src/Illuminate/Foundation/Http/Middleware/ConvertEmptyStringsToNull.php(31): Illuminate\\Foundation\\Http\\Middleware\\TransformsRequest->handle(Object(Illuminate\\Http\\Request), Object(Closure))
#17 /home/umgroupc/public_html/inventory.umgroup.com.my/vendor/laravel/framework/src/Illuminate/Pipeline/Pipeline.php(208): Illuminate\\Foundation\\Http\\Middleware\\ConvertEmptyStringsToNull->handle(Object(Illuminate\\Http\\Request), Object(Closure))
#18 /home/umgroupc/public_html/inventory.umgroup.com.my/vendor/laravel/framework/src/Illuminate/Foundation/Http/Middleware/TransformsRequest.php(21): Illuminate\\Pipeline\\Pipeline->Illuminate\\Pipeline\\{closure}(Object(Illuminate\\Http\\Request))
#19 /home/umgroupc/public_html/inventory.umgroup.com.my/vendor/laravel/framework/src/Illuminate/Foundation/Http/Middleware/TrimStrings.php(51): Illuminate\\Foundation\\Http\\Middleware\\TransformsRequest->handle(Object(Illuminate\\Http\\Request), Object(Closure))
#20 /home/umgroupc/public_html/inventory.umgroup.com.my/vendor/laravel/framework/src/Illuminate/Pipeline/Pipeline.php(208): Illuminate\\Foundation\\Http\\Middleware\\TrimStrings->handle(Object(Illuminate\\Http\\Request), Object(Closure))
#21 /home/umgroupc/public_html/inventory.umgroup.com.my/vendor/laravel/framework/src/Illuminate/Http/Middleware/ValidatePostSize.php(27): Illuminate\\Pipeline\\Pipeline->Illuminate\\Pipeline\\{closure}(Object(Illuminate\\Http\\Request))
#22 /home/umgroupc/public_html/inventory.umgroup.com.my/vendor/laravel/framework/src/Illuminate/Pipeline/Pipeline.php(208): Illuminate\\Http\\Middleware\\ValidatePostSize->handle(Object(Illuminate\\Http\\Request), Object(Closure))
#23 /home/umgroupc/public_html/inventory.umgroup.com.my/vendor/laravel/framework/src/Illuminate/Foundation/Http/Middleware/PreventRequestsDuringMaintenance.php(109): Illuminate\\Pipeline\\Pipeline->Illuminate\\Pipeline\\{closure}(Object(Illuminate\\Http\\Request))
#24 /home/umgroupc/public_html/inventory.umgroup.com.my/vendor/laravel/framework/src/Illuminate/Pipeline/Pipeline.php(208): Illuminate\\Foundation\\Http\\Middleware\\PreventRequestsDuringMaintenance->handle(Object(Illuminate\\Http\\Request), Object(Closure))
#25 /home/umgroupc/public_html/inventory.umgroup.com.my/vendor/laravel/framework/src/Illuminate/Http/Middleware/HandleCors.php(61): Illuminate\\Pipeline\\Pipeline->Illuminate\\Pipeline\\{closure}(Object(Illuminate\\Http\\Request))
#26 /home/umgroupc/public_html/inventory.umgroup.com.my/vendor/laravel/framework/src/Illuminate/Pipeline/Pipeline.php(208): Illuminate\\Http\\Middleware\\HandleCors->handle(Object(Illuminate\\Http\\Request), Object(Closure))
#27 /home/umgroupc/public_html/inventory.umgroup.com.my/vendor/laravel/framework/src/Illuminate/Http/Middleware/TrustProxies.php(58): Illuminate\\Pipeline\\Pipeline->Illuminate\\Pipeline\\{closure}(Object(Illuminate\\Http\\Request))
#28 /home/umgroupc/public_html/inventory.umgroup.com.my/vendor/laravel/framework/src/Illuminate/Pipeline/Pipeline.php(208): Illuminate\\Http\\Middleware\\TrustProxies->handle(Object(Illuminate\\Http\\Request), Object(Closure))
#29 /home/umgroupc/public_html/inventory.umgroup.com.my/vendor/laravel/framework/src/Illuminate/Foundation/Http/Middleware/InvokeDeferredCallbacks.php(22): Illuminate\\Pipeline\\Pipeline->Illuminate\\Pipeline\\{closure}(Object(Illuminate\\Http\\Request))
#30 /home/umgroupc/public_html/inventory.umgroup.com.my/vendor/laravel/framework/src/Illuminate/Pipeline/Pipeline.php(208): Illuminate\\Foundation\\Http\\Middleware\\InvokeDeferredCallbacks->handle(Object(Illuminate\\Http\\Request), Object(Closure))
#31 /home/umgroupc/public_html/inventory.umgroup.com.my/vendor/laravel/framework/src/Illuminate/Http/Middleware/ValidatePathEncoding.php(26): Illuminate\\Pipeline\\Pipeline->Illuminate\\Pipeline\\{closure}(Object(Illuminate\\Http\\Request))
#32 /home/umgroupc/public_html/inventory.umgroup.com.my/vendor/laravel/framework/src/Illuminate/Pipeline/Pipeline.php(208): Illuminate\\Http\\Middleware\\ValidatePathEncoding->handle(Object(Illuminate\\Http\\Request), Object(Closure))
#33 /home/umgroupc/public_html/inventory.umgroup.com.my/app/Http/Middleware/Cors.php(16): Illuminate\\Pipeline\\Pipeline->Illuminate\\Pipeline\\{closure}(Object(Illuminate\\Http\\Request))
#34 /home/umgroupc/public_html/inventory.umgroup.com.my/vendor/laravel/framework/src/Illuminate/Pipeline/Pipeline.php(208): App\\Http\\Middleware\\Cors->handle(Object(Illuminate\\Http\\Request), Object(Closure))
#35 /home/umgroupc/public_html/inventory.umgroup.com.my/vendor/laravel/framework/src/Illuminate/Pipeline/Pipeline.php(126): Illuminate\\Pipeline\\Pipeline->Illuminate\\Pipeline\\{closure}(Object(Illuminate\\Http\\Request))
#36 /home/umgroupc/public_html/inventory.umgroup.com.my/vendor/laravel/framework/src/Illuminate/Foundation/Http/Kernel.php(175): Illuminate\\Pipeline\\Pipeline->then(Object(Closure))
#37 /home/umgroupc/public_html/inventory.umgroup.com.my/vendor/laravel/framework/src/Illuminate/Foundation/Http/Kernel.php(144): Illuminate\\Foundation\\Http\\Kernel->sendRequestThroughRouter(Object(Illuminate\\Http\\Request))
#38 /home/umgroupc/public_html/inventory.umgroup.com.my/vendor/laravel/framework/src/Illuminate/Foundation/Application.php(1219): Illuminate\\Foundation\\Http\\Kernel->handle(Object(Illuminate\\Http\\Request))
#39 /home/umgroupc/public_html/inventory.umgroup.com.my/public/index.php(20): Illuminate\\Foundation\\Application->handleRequest(Object(Illuminate\\Http\\Request))
#40 {main}
"} 
[2025-06-18 03:55:49] local.ALERT: {"password":["The password field must be at least 8 characters."]}  
[2025-06-18 03:56:00] local.ALERT: {"password":["The password field must be at least 8 characters."]}  
[2025-06-18 06:26:34] local.ALERT: {"password":["The password field must be at least 8 characters."]}  
[2025-06-18 06:27:35] local.ALERT: {"password":["The password field is required."]}  
[2025-06-18 06:27:36] local.ALERT: {"password":["The password field is required."]}  
[2025-06-18 06:27:40] local.ALERT: {"password":["The password field must be at least 8 characters."]}  
[2025-06-18 06:33:24] local.ALERT: {"password":["The password field confirmation does not match."]}  
[2025-06-18 06:36:52] local.ALERT: {"password":["The password field confirmation does not match."]}  
[2025-06-18 06:37:04] local.ALERT: {"password":["The password field confirmation does not match."]}  
[2025-06-18 06:37:06] local.ALERT: {"password":["The password field confirmation does not match."]}  
[2025-06-18 07:56:42] local.ALERT: {"password":["The password field is required."]}  
[2025-06-18 09:08:54] local.ALERT: {"password":["The password field confirmation does not match."]}  
[2025-06-18 09:08:59] local.ALERT: {"password":["The password field confirmation does not match."]}  
[2025-06-18 09:23:11] local.ALERT: {"password":["The password field must be at least 8 characters.","The password field confirmation does not match."]}  
[2025-06-18 09:23:14] local.ALERT: {"password":["The password field must be at least 8 characters."]}  
[2025-06-18 09:23:15] local.ALERT: {"password":["The password field must be at least 8 characters."]}  
[2025-06-18 09:23:17] local.ALERT: {"password":["The password field must be at least 8 characters."]}  
[2025-06-21 02:05:44] local.ERROR: Attempt to read property "name" on null {"userId":1,"exception":"[object] (ErrorException(code: 0): Attempt to read property \"name\" on null at /home/umgroupc/public_html/inventory.umgroup.com.my/app/Http/Resources/UserResource.php:22)
[stacktrace]
#0 /home/umgroupc/public_html/inventory.umgroup.com.my/vendor/laravel/framework/src/Illuminate/Foundation/Bootstrap/HandleExceptions.php(256): Illuminate\\Foundation\\Bootstrap\\HandleExceptions->handleError(2, 'Attempt to read...', '/home/umgroupc/...', 22)
#1 /home/umgroupc/public_html/inventory.umgroup.com.my/app/Http/Resources/UserResource.php(22): Illuminate\\Foundation\\Bootstrap\\HandleExceptions->Illuminate\\Foundation\\Bootstrap\\{closure}(2, 'Attempt to read...', '/home/umgroupc/...', 22)
#2 /home/umgroupc/public_html/inventory.umgroup.com.my/vendor/laravel/framework/src/Illuminate/Collections/HigherOrderCollectionProxy.php(64): App\\Http\\Resources\\UserResource->toArray(Object(Illuminate\\Http\\Request))
#3 [internal function]: Illuminate\\Support\\HigherOrderCollectionProxy->Illuminate\\Support\\{closure}(Object(App\\Http\\Resources\\UserResource), 0)
#4 /home/umgroupc/public_html/inventory.umgroup.com.my/vendor/laravel/framework/src/Illuminate/Collections/Arr.php(679): array_map(Object(Closure), Array, Array)
#5 /home/umgroupc/public_html/inventory.umgroup.com.my/vendor/laravel/framework/src/Illuminate/Collections/Collection.php(805): Illuminate\\Support\\Arr::map(Array, Object(Closure))
#6 /home/umgroupc/public_html/inventory.umgroup.com.my/vendor/laravel/framework/src/Illuminate/Collections/HigherOrderCollectionProxy.php(63): Illuminate\\Support\\Collection->map(Object(Closure))
#7 /home/umgroupc/public_html/inventory.umgroup.com.my/vendor/laravel/framework/src/Illuminate/Http/Resources/Json/ResourceCollection.php(101): Illuminate\\Support\\HigherOrderCollectionProxy->__call('toArray', Array)
#8 /home/umgroupc/public_html/inventory.umgroup.com.my/vendor/laravel/framework/src/Illuminate/Http/Resources/Json/JsonResource.php(107): Illuminate\\Http\\Resources\\Json\\ResourceCollection->toArray(Object(Illuminate\\Http\\Request))
#9 /home/umgroupc/public_html/inventory.umgroup.com.my/vendor/laravel/framework/src/Illuminate/Http/Resources/Json/PaginatedResourceResponse.php(19): Illuminate\\Http\\Resources\\Json\\JsonResource->resolve(Object(Illuminate\\Http\\Request))
#10 /home/umgroupc/public_html/inventory.umgroup.com.my/vendor/laravel/framework/src/Illuminate/Http/Resources/Json/ResourceCollection.php(133): Illuminate\\Http\\Resources\\Json\\PaginatedResourceResponse->toResponse(Object(Illuminate\\Http\\Request))
#11 /home/umgroupc/public_html/inventory.umgroup.com.my/vendor/laravel/framework/src/Illuminate/Http/Resources/Json/ResourceCollection.php(113): Illuminate\\Http\\Resources\\Json\\ResourceCollection->preparePaginatedResponse(Object(Illuminate\\Http\\Request))
#12 /home/umgroupc/public_html/inventory.umgroup.com.my/vendor/laravel/framework/src/Illuminate/Routing/Router.php(906): Illuminate\\Http\\Resources\\Json\\ResourceCollection->toResponse(Object(Illuminate\\Http\\Request))
#13 /home/umgroupc/public_html/inventory.umgroup.com.my/vendor/laravel/framework/src/Illuminate/Routing/Router.php(891): Illuminate\\Routing\\Router::toResponse(Object(Illuminate\\Http\\Request), Object(Illuminate\\Http\\Resources\\Json\\AnonymousResourceCollection))
#14 /home/umgroupc/public_html/inventory.umgroup.com.my/vendor/laravel/framework/src/Illuminate/Routing/Router.php(807): Illuminate\\Routing\\Router->prepareResponse(Object(Illuminate\\Http\\Request), Object(Illuminate\\Http\\Resources\\Json\\AnonymousResourceCollection))
#15 /home/umgroupc/public_html/inventory.umgroup.com.my/vendor/laravel/framework/src/Illuminate/Pipeline/Pipeline.php(169): Illuminate\\Routing\\Router->Illuminate\\Routing\\{closure}(Object(Illuminate\\Http\\Request))
#16 /home/umgroupc/public_html/inventory.umgroup.com.my/vendor/laravel/framework/src/Illuminate/Routing/Middleware/SubstituteBindings.php(50): Illuminate\\Pipeline\\Pipeline->Illuminate\\Pipeline\\{closure}(Object(Illuminate\\Http\\Request))
#17 /home/umgroupc/public_html/inventory.umgroup.com.my/vendor/laravel/framework/src/Illuminate/Pipeline/Pipeline.php(208): Illuminate\\Routing\\Middleware\\SubstituteBindings->handle(Object(Illuminate\\Http\\Request), Object(Closure))
#18 /home/umgroupc/public_html/inventory.umgroup.com.my/vendor/laravel/framework/src/Illuminate/Auth/Middleware/Authenticate.php(63): Illuminate\\Pipeline\\Pipeline->Illuminate\\Pipeline\\{closure}(Object(Illuminate\\Http\\Request))
#19 /home/umgroupc/public_html/inventory.umgroup.com.my/vendor/laravel/framework/src/Illuminate/Pipeline/Pipeline.php(208): Illuminate\\Auth\\Middleware\\Authenticate->handle(Object(Illuminate\\Http\\Request), Object(Closure), 'sanctum')
#20 /home/umgroupc/public_html/inventory.umgroup.com.my/vendor/laravel/framework/src/Illuminate/Pipeline/Pipeline.php(126): Illuminate\\Pipeline\\Pipeline->Illuminate\\Pipeline\\{closure}(Object(Illuminate\\Http\\Request))
#21 /home/umgroupc/public_html/inventory.umgroup.com.my/vendor/laravel/framework/src/Illuminate/Routing/Router.php(807): Illuminate\\Pipeline\\Pipeline->then(Object(Closure))
#22 /home/umgroupc/public_html/inventory.umgroup.com.my/vendor/laravel/framework/src/Illuminate/Routing/Router.php(786): Illuminate\\Routing\\Router->runRouteWithinStack(Object(Illuminate\\Routing\\Route), Object(Illuminate\\Http\\Request))
#23 /home/umgroupc/public_html/inventory.umgroup.com.my/vendor/laravel/framework/src/Illuminate/Routing/Router.php(750): Illuminate\\Routing\\Router->runRoute(Object(Illuminate\\Http\\Request), Object(Illuminate\\Routing\\Route))
#24 /home/umgroupc/public_html/inventory.umgroup.com.my/vendor/laravel/framework/src/Illuminate/Routing/Router.php(739): Illuminate\\Routing\\Router->dispatchToRoute(Object(Illuminate\\Http\\Request))
#25 /home/umgroupc/public_html/inventory.umgroup.com.my/vendor/laravel/framework/src/Illuminate/Foundation/Http/Kernel.php(200): Illuminate\\Routing\\Router->dispatch(Object(Illuminate\\Http\\Request))
#26 /home/umgroupc/public_html/inventory.umgroup.com.my/vendor/laravel/framework/src/Illuminate/Pipeline/Pipeline.php(169): Illuminate\\Foundation\\Http\\Kernel->Illuminate\\Foundation\\Http\\{closure}(Object(Illuminate\\Http\\Request))
#27 /home/umgroupc/public_html/inventory.umgroup.com.my/vendor/laravel/framework/src/Illuminate/Foundation/Http/Middleware/TransformsRequest.php(21): Illuminate\\Pipeline\\Pipeline->Illuminate\\Pipeline\\{closure}(Object(Illuminate\\Http\\Request))
#28 /home/umgroupc/public_html/inventory.umgroup.com.my/vendor/laravel/framework/src/Illuminate/Foundation/Http/Middleware/ConvertEmptyStringsToNull.php(31): Illuminate\\Foundation\\Http\\Middleware\\TransformsRequest->handle(Object(Illuminate\\Http\\Request), Object(Closure))
#29 /home/umgroupc/public_html/inventory.umgroup.com.my/vendor/laravel/framework/src/Illuminate/Pipeline/Pipeline.php(208): Illuminate\\Foundation\\Http\\Middleware\\ConvertEmptyStringsToNull->handle(Object(Illuminate\\Http\\Request), Object(Closure))
#30 /home/umgroupc/public_html/inventory.umgroup.com.my/vendor/laravel/framework/src/Illuminate/Foundation/Http/Middleware/TransformsRequest.php(21): Illuminate\\Pipeline\\Pipeline->Illuminate\\Pipeline\\{closure}(Object(Illuminate\\Http\\Request))
#31 /home/umgroupc/public_html/inventory.umgroup.com.my/vendor/laravel/framework/src/Illuminate/Foundation/Http/Middleware/TrimStrings.php(51): Illuminate\\Foundation\\Http\\Middleware\\TransformsRequest->handle(Object(Illuminate\\Http\\Request), Object(Closure))
#32 /home/umgroupc/public_html/inventory.umgroup.com.my/vendor/laravel/framework/src/Illuminate/Pipeline/Pipeline.php(208): Illuminate\\Foundation\\Http\\Middleware\\TrimStrings->handle(Object(Illuminate\\Http\\Request), Object(Closure))
#33 /home/umgroupc/public_html/inventory.umgroup.com.my/vendor/laravel/framework/src/Illuminate/Http/Middleware/ValidatePostSize.php(27): Illuminate\\Pipeline\\Pipeline->Illuminate\\Pipeline\\{closure}(Object(Illuminate\\Http\\Request))
#34 /home/umgroupc/public_html/inventory.umgroup.com.my/vendor/laravel/framework/src/Illuminate/Pipeline/Pipeline.php(208): Illuminate\\Http\\Middleware\\ValidatePostSize->handle(Object(Illuminate\\Http\\Request), Object(Closure))
#35 /home/umgroupc/public_html/inventory.umgroup.com.my/vendor/laravel/framework/src/Illuminate/Foundation/Http/Middleware/PreventRequestsDuringMaintenance.php(109): Illuminate\\Pipeline\\Pipeline->Illuminate\\Pipeline\\{closure}(Object(Illuminate\\Http\\Request))
#36 /home/umgroupc/public_html/inventory.umgroup.com.my/vendor/laravel/framework/src/Illuminate/Pipeline/Pipeline.php(208): Illuminate\\Foundation\\Http\\Middleware\\PreventRequestsDuringMaintenance->handle(Object(Illuminate\\Http\\Request), Object(Closure))
#37 /home/umgroupc/public_html/inventory.umgroup.com.my/vendor/laravel/framework/src/Illuminate/Http/Middleware/HandleCors.php(61): Illuminate\\Pipeline\\Pipeline->Illuminate\\Pipeline\\{closure}(Object(Illuminate\\Http\\Request))
#38 /home/umgroupc/public_html/inventory.umgroup.com.my/vendor/laravel/framework/src/Illuminate/Pipeline/Pipeline.php(208): Illuminate\\Http\\Middleware\\HandleCors->handle(Object(Illuminate\\Http\\Request), Object(Closure))
#39 /home/umgroupc/public_html/inventory.umgroup.com.my/vendor/laravel/framework/src/Illuminate/Http/Middleware/TrustProxies.php(58): Illuminate\\Pipeline\\Pipeline->Illuminate\\Pipeline\\{closure}(Object(Illuminate\\Http\\Request))
#40 /home/umgroupc/public_html/inventory.umgroup.com.my/vendor/laravel/framework/src/Illuminate/Pipeline/Pipeline.php(208): Illuminate\\Http\\Middleware\\TrustProxies->handle(Object(Illuminate\\Http\\Request), Object(Closure))
#41 /home/umgroupc/public_html/inventory.umgroup.com.my/vendor/laravel/framework/src/Illuminate/Foundation/Http/Middleware/InvokeDeferredCallbacks.php(22): Illuminate\\Pipeline\\Pipeline->Illuminate\\Pipeline\\{closure}(Object(Illuminate\\Http\\Request))
#42 /home/umgroupc/public_html/inventory.umgroup.com.my/vendor/laravel/framework/src/Illuminate/Pipeline/Pipeline.php(208): Illuminate\\Foundation\\Http\\Middleware\\InvokeDeferredCallbacks->handle(Object(Illuminate\\Http\\Request), Object(Closure))
#43 /home/umgroupc/public_html/inventory.umgroup.com.my/vendor/laravel/framework/src/Illuminate/Http/Middleware/ValidatePathEncoding.php(26): Illuminate\\Pipeline\\Pipeline->Illuminate\\Pipeline\\{closure}(Object(Illuminate\\Http\\Request))
#44 /home/umgroupc/public_html/inventory.umgroup.com.my/vendor/laravel/framework/src/Illuminate/Pipeline/Pipeline.php(208): Illuminate\\Http\\Middleware\\ValidatePathEncoding->handle(Object(Illuminate\\Http\\Request), Object(Closure))
#45 /home/umgroupc/public_html/inventory.umgroup.com.my/app/Http/Middleware/Cors.php(16): Illuminate\\Pipeline\\Pipeline->Illuminate\\Pipeline\\{closure}(Object(Illuminate\\Http\\Request))
#46 /home/umgroupc/public_html/inventory.umgroup.com.my/vendor/laravel/framework/src/Illuminate/Pipeline/Pipeline.php(208): App\\Http\\Middleware\\Cors->handle(Object(Illuminate\\Http\\Request), Object(Closure))
#47 /home/umgroupc/public_html/inventory.umgroup.com.my/vendor/laravel/framework/src/Illuminate/Pipeline/Pipeline.php(126): Illuminate\\Pipeline\\Pipeline->Illuminate\\Pipeline\\{closure}(Object(Illuminate\\Http\\Request))
#48 /home/umgroupc/public_html/inventory.umgroup.com.my/vendor/laravel/framework/src/Illuminate/Foundation/Http/Kernel.php(175): Illuminate\\Pipeline\\Pipeline->then(Object(Closure))
#49 /home/umgroupc/public_html/inventory.umgroup.com.my/vendor/laravel/framework/src/Illuminate/Foundation/Http/Kernel.php(144): Illuminate\\Foundation\\Http\\Kernel->sendRequestThroughRouter(Object(Illuminate\\Http\\Request))
#50 /home/umgroupc/public_html/inventory.umgroup.com.my/vendor/laravel/framework/src/Illuminate/Foundation/Application.php(1219): Illuminate\\Foundation\\Http\\Kernel->handle(Object(Illuminate\\Http\\Request))
#51 /home/umgroupc/public_html/inventory.umgroup.com.my/public/index.php(20): Illuminate\\Foundation\\Application->handleRequest(Object(Illuminate\\Http\\Request))
#52 {main}
"} 
[2025-06-21 02:09:57] local.ERROR: Attempt to read property "name" on null {"userId":1,"exception":"[object] (ErrorException(code: 0): Attempt to read property \"name\" on null at /home/umgroupc/public_html/inventory.umgroup.com.my/app/Http/Resources/UserResource.php:22)
[stacktrace]
#0 /home/umgroupc/public_html/inventory.umgroup.com.my/vendor/laravel/framework/src/Illuminate/Foundation/Bootstrap/HandleExceptions.php(256): Illuminate\\Foundation\\Bootstrap\\HandleExceptions->handleError(2, 'Attempt to read...', '/home/umgroupc/...', 22)
#1 /home/umgroupc/public_html/inventory.umgroup.com.my/app/Http/Resources/UserResource.php(22): Illuminate\\Foundation\\Bootstrap\\HandleExceptions->Illuminate\\Foundation\\Bootstrap\\{closure}(2, 'Attempt to read...', '/home/umgroupc/...', 22)
#2 /home/umgroupc/public_html/inventory.umgroup.com.my/vendor/laravel/framework/src/Illuminate/Http/Resources/Json/JsonResource.php(107): App\\Http\\Resources\\UserResource->toArray(Object(Illuminate\\Http\\Request))
#3 /home/umgroupc/public_html/inventory.umgroup.com.my/vendor/laravel/framework/src/Illuminate/Http/Resources/Json/JsonResource.php(254): Illuminate\\Http\\Resources\\Json\\JsonResource->resolve(Object(Illuminate\\Http\\Request))
#4 [internal function]: Illuminate\\Http\\Resources\\Json\\JsonResource->jsonSerialize()
#5 /home/umgroupc/public_html/inventory.umgroup.com.my/vendor/laravel/framework/src/Illuminate/Http/JsonResponse.php(85): json_encode(Array, 0)
#6 /home/umgroupc/public_html/inventory.umgroup.com.my/vendor/symfony/http-foundation/JsonResponse.php(49): Illuminate\\Http\\JsonResponse->setData(Array)
#7 /home/umgroupc/public_html/inventory.umgroup.com.my/vendor/laravel/framework/src/Illuminate/Http/JsonResponse.php(31): Symfony\\Component\\HttpFoundation\\JsonResponse->__construct(Array, 200, Array, false)
#8 /home/umgroupc/public_html/inventory.umgroup.com.my/vendor/laravel/framework/src/Illuminate/Routing/ResponseFactory.php(104): Illuminate\\Http\\JsonResponse->__construct(Array, 200, Array, 0)
#9 /home/umgroupc/public_html/inventory.umgroup.com.my/app/Http/Controllers/Api/AuthController.php(36): Illuminate\\Routing\\ResponseFactory->json(Array)
#10 /home/umgroupc/public_html/inventory.umgroup.com.my/vendor/laravel/framework/src/Illuminate/Routing/ControllerDispatcher.php(46): App\\Http\\Controllers\\Api\\AuthController->login(Object(Illuminate\\Http\\Request))
#11 /home/umgroupc/public_html/inventory.umgroup.com.my/vendor/laravel/framework/src/Illuminate/Routing/Route.php(265): Illuminate\\Routing\\ControllerDispatcher->dispatch(Object(Illuminate\\Routing\\Route), Object(App\\Http\\Controllers\\Api\\AuthController), 'login')
#12 /home/umgroupc/public_html/inventory.umgroup.com.my/vendor/laravel/framework/src/Illuminate/Routing/Route.php(211): Illuminate\\Routing\\Route->runController()
#13 /home/umgroupc/public_html/inventory.umgroup.com.my/vendor/laravel/framework/src/Illuminate/Routing/Router.php(808): Illuminate\\Routing\\Route->run()
#14 /home/umgroupc/public_html/inventory.umgroup.com.my/vendor/laravel/framework/src/Illuminate/Pipeline/Pipeline.php(169): Illuminate\\Routing\\Router->Illuminate\\Routing\\{closure}(Object(Illuminate\\Http\\Request))
#15 /home/umgroupc/public_html/inventory.umgroup.com.my/vendor/laravel/framework/src/Illuminate/Routing/Middleware/SubstituteBindings.php(50): Illuminate\\Pipeline\\Pipeline->Illuminate\\Pipeline\\{closure}(Object(Illuminate\\Http\\Request))
#16 /home/umgroupc/public_html/inventory.umgroup.com.my/vendor/laravel/framework/src/Illuminate/Pipeline/Pipeline.php(208): Illuminate\\Routing\\Middleware\\SubstituteBindings->handle(Object(Illuminate\\Http\\Request), Object(Closure))
#17 /home/umgroupc/public_html/inventory.umgroup.com.my/vendor/laravel/framework/src/Illuminate/Pipeline/Pipeline.php(126): Illuminate\\Pipeline\\Pipeline->Illuminate\\Pipeline\\{closure}(Object(Illuminate\\Http\\Request))
#18 /home/umgroupc/public_html/inventory.umgroup.com.my/vendor/laravel/framework/src/Illuminate/Routing/Router.php(807): Illuminate\\Pipeline\\Pipeline->then(Object(Closure))
#19 /home/umgroupc/public_html/inventory.umgroup.com.my/vendor/laravel/framework/src/Illuminate/Routing/Router.php(786): Illuminate\\Routing\\Router->runRouteWithinStack(Object(Illuminate\\Routing\\Route), Object(Illuminate\\Http\\Request))
#20 /home/umgroupc/public_html/inventory.umgroup.com.my/vendor/laravel/framework/src/Illuminate/Routing/Router.php(750): Illuminate\\Routing\\Router->runRoute(Object(Illuminate\\Http\\Request), Object(Illuminate\\Routing\\Route))
#21 /home/umgroupc/public_html/inventory.umgroup.com.my/vendor/laravel/framework/src/Illuminate/Routing/Router.php(739): Illuminate\\Routing\\Router->dispatchToRoute(Object(Illuminate\\Http\\Request))
#22 /home/umgroupc/public_html/inventory.umgroup.com.my/vendor/laravel/framework/src/Illuminate/Foundation/Http/Kernel.php(200): Illuminate\\Routing\\Router->dispatch(Object(Illuminate\\Http\\Request))
#23 /home/umgroupc/public_html/inventory.umgroup.com.my/vendor/laravel/framework/src/Illuminate/Pipeline/Pipeline.php(169): Illuminate\\Foundation\\Http\\Kernel->Illuminate\\Foundation\\Http\\{closure}(Object(Illuminate\\Http\\Request))
#24 /home/umgroupc/public_html/inventory.umgroup.com.my/vendor/laravel/framework/src/Illuminate/Foundation/Http/Middleware/TransformsRequest.php(21): Illuminate\\Pipeline\\Pipeline->Illuminate\\Pipeline\\{closure}(Object(Illuminate\\Http\\Request))
#25 /home/umgroupc/public_html/inventory.umgroup.com.my/vendor/laravel/framework/src/Illuminate/Foundation/Http/Middleware/ConvertEmptyStringsToNull.php(31): Illuminate\\Foundation\\Http\\Middleware\\TransformsRequest->handle(Object(Illuminate\\Http\\Request), Object(Closure))
#26 /home/umgroupc/public_html/inventory.umgroup.com.my/vendor/laravel/framework/src/Illuminate/Pipeline/Pipeline.php(208): Illuminate\\Foundation\\Http\\Middleware\\ConvertEmptyStringsToNull->handle(Object(Illuminate\\Http\\Request), Object(Closure))
#27 /home/umgroupc/public_html/inventory.umgroup.com.my/vendor/laravel/framework/src/Illuminate/Foundation/Http/Middleware/TransformsRequest.php(21): Illuminate\\Pipeline\\Pipeline->Illuminate\\Pipeline\\{closure}(Object(Illuminate\\Http\\Request))
#28 /home/umgroupc/public_html/inventory.umgroup.com.my/vendor/laravel/framework/src/Illuminate/Foundation/Http/Middleware/TrimStrings.php(51): Illuminate\\Foundation\\Http\\Middleware\\TransformsRequest->handle(Object(Illuminate\\Http\\Request), Object(Closure))
#29 /home/umgroupc/public_html/inventory.umgroup.com.my/vendor/laravel/framework/src/Illuminate/Pipeline/Pipeline.php(208): Illuminate\\Foundation\\Http\\Middleware\\TrimStrings->handle(Object(Illuminate\\Http\\Request), Object(Closure))
#30 /home/umgroupc/public_html/inventory.umgroup.com.my/vendor/laravel/framework/src/Illuminate/Http/Middleware/ValidatePostSize.php(27): Illuminate\\Pipeline\\Pipeline->Illuminate\\Pipeline\\{closure}(Object(Illuminate\\Http\\Request))
#31 /home/umgroupc/public_html/inventory.umgroup.com.my/vendor/laravel/framework/src/Illuminate/Pipeline/Pipeline.php(208): Illuminate\\Http\\Middleware\\ValidatePostSize->handle(Object(Illuminate\\Http\\Request), Object(Closure))
#32 /home/umgroupc/public_html/inventory.umgroup.com.my/vendor/laravel/framework/src/Illuminate/Foundation/Http/Middleware/PreventRequestsDuringMaintenance.php(109): Illuminate\\Pipeline\\Pipeline->Illuminate\\Pipeline\\{closure}(Object(Illuminate\\Http\\Request))
#33 /home/umgroupc/public_html/inventory.umgroup.com.my/vendor/laravel/framework/src/Illuminate/Pipeline/Pipeline.php(208): Illuminate\\Foundation\\Http\\Middleware\\PreventRequestsDuringMaintenance->handle(Object(Illuminate\\Http\\Request), Object(Closure))
#34 /home/umgroupc/public_html/inventory.umgroup.com.my/vendor/laravel/framework/src/Illuminate/Http/Middleware/HandleCors.php(61): Illuminate\\Pipeline\\Pipeline->Illuminate\\Pipeline\\{closure}(Object(Illuminate\\Http\\Request))
#35 /home/umgroupc/public_html/inventory.umgroup.com.my/vendor/laravel/framework/src/Illuminate/Pipeline/Pipeline.php(208): Illuminate\\Http\\Middleware\\HandleCors->handle(Object(Illuminate\\Http\\Request), Object(Closure))
#36 /home/umgroupc/public_html/inventory.umgroup.com.my/vendor/laravel/framework/src/Illuminate/Http/Middleware/TrustProxies.php(58): Illuminate\\Pipeline\\Pipeline->Illuminate\\Pipeline\\{closure}(Object(Illuminate\\Http\\Request))
#37 /home/umgroupc/public_html/inventory.umgroup.com.my/vendor/laravel/framework/src/Illuminate/Pipeline/Pipeline.php(208): Illuminate\\Http\\Middleware\\TrustProxies->handle(Object(Illuminate\\Http\\Request), Object(Closure))
#38 /home/umgroupc/public_html/inventory.umgroup.com.my/vendor/laravel/framework/src/Illuminate/Foundation/Http/Middleware/InvokeDeferredCallbacks.php(22): Illuminate\\Pipeline\\Pipeline->Illuminate\\Pipeline\\{closure}(Object(Illuminate\\Http\\Request))
#39 /home/umgroupc/public_html/inventory.umgroup.com.my/vendor/laravel/framework/src/Illuminate/Pipeline/Pipeline.php(208): Illuminate\\Foundation\\Http\\Middleware\\InvokeDeferredCallbacks->handle(Object(Illuminate\\Http\\Request), Object(Closure))
#40 /home/umgroupc/public_html/inventory.umgroup.com.my/vendor/laravel/framework/src/Illuminate/Http/Middleware/ValidatePathEncoding.php(26): Illuminate\\Pipeline\\Pipeline->Illuminate\\Pipeline\\{closure}(Object(Illuminate\\Http\\Request))
#41 /home/umgroupc/public_html/inventory.umgroup.com.my/vendor/laravel/framework/src/Illuminate/Pipeline/Pipeline.php(208): Illuminate\\Http\\Middleware\\ValidatePathEncoding->handle(Object(Illuminate\\Http\\Request), Object(Closure))
#42 /home/umgroupc/public_html/inventory.umgroup.com.my/app/Http/Middleware/Cors.php(16): Illuminate\\Pipeline\\Pipeline->Illuminate\\Pipeline\\{closure}(Object(Illuminate\\Http\\Request))
#43 /home/umgroupc/public_html/inventory.umgroup.com.my/vendor/laravel/framework/src/Illuminate/Pipeline/Pipeline.php(208): App\\Http\\Middleware\\Cors->handle(Object(Illuminate\\Http\\Request), Object(Closure))
#44 /home/umgroupc/public_html/inventory.umgroup.com.my/vendor/laravel/framework/src/Illuminate/Pipeline/Pipeline.php(126): Illuminate\\Pipeline\\Pipeline->Illuminate\\Pipeline\\{closure}(Object(Illuminate\\Http\\Request))
#45 /home/umgroupc/public_html/inventory.umgroup.com.my/vendor/laravel/framework/src/Illuminate/Foundation/Http/Kernel.php(175): Illuminate\\Pipeline\\Pipeline->then(Object(Closure))
#46 /home/umgroupc/public_html/inventory.umgroup.com.my/vendor/laravel/framework/src/Illuminate/Foundation/Http/Kernel.php(144): Illuminate\\Foundation\\Http\\Kernel->sendRequestThroughRouter(Object(Illuminate\\Http\\Request))
#47 /home/umgroupc/public_html/inventory.umgroup.com.my/vendor/laravel/framework/src/Illuminate/Foundation/Application.php(1219): Illuminate\\Foundation\\Http\\Kernel->handle(Object(Illuminate\\Http\\Request))
#48 /home/umgroupc/public_html/inventory.umgroup.com.my/public/index.php(20): Illuminate\\Foundation\\Application->handleRequest(Object(Illuminate\\Http\\Request))
#49 {main}
"} 
[2025-06-21 02:10:01] local.ERROR: Attempt to read property "name" on null {"userId":1,"exception":"[object] (ErrorException(code: 0): Attempt to read property \"name\" on null at /home/umgroupc/public_html/inventory.umgroup.com.my/app/Http/Resources/UserResource.php:22)
[stacktrace]
#0 /home/umgroupc/public_html/inventory.umgroup.com.my/vendor/laravel/framework/src/Illuminate/Foundation/Bootstrap/HandleExceptions.php(256): Illuminate\\Foundation\\Bootstrap\\HandleExceptions->handleError(2, 'Attempt to read...', '/home/umgroupc/...', 22)
#1 /home/umgroupc/public_html/inventory.umgroup.com.my/app/Http/Resources/UserResource.php(22): Illuminate\\Foundation\\Bootstrap\\HandleExceptions->Illuminate\\Foundation\\Bootstrap\\{closure}(2, 'Attempt to read...', '/home/umgroupc/...', 22)
#2 /home/umgroupc/public_html/inventory.umgroup.com.my/vendor/laravel/framework/src/Illuminate/Http/Resources/Json/JsonResource.php(107): App\\Http\\Resources\\UserResource->toArray(Object(Illuminate\\Http\\Request))
#3 /home/umgroupc/public_html/inventory.umgroup.com.my/vendor/laravel/framework/src/Illuminate/Http/Resources/Json/JsonResource.php(254): Illuminate\\Http\\Resources\\Json\\JsonResource->resolve(Object(Illuminate\\Http\\Request))
#4 [internal function]: Illuminate\\Http\\Resources\\Json\\JsonResource->jsonSerialize()
#5 /home/umgroupc/public_html/inventory.umgroup.com.my/vendor/laravel/framework/src/Illuminate/Http/JsonResponse.php(85): json_encode(Array, 0)
#6 /home/umgroupc/public_html/inventory.umgroup.com.my/vendor/symfony/http-foundation/JsonResponse.php(49): Illuminate\\Http\\JsonResponse->setData(Array)
#7 /home/umgroupc/public_html/inventory.umgroup.com.my/vendor/laravel/framework/src/Illuminate/Http/JsonResponse.php(31): Symfony\\Component\\HttpFoundation\\JsonResponse->__construct(Array, 200, Array, false)
#8 /home/umgroupc/public_html/inventory.umgroup.com.my/vendor/laravel/framework/src/Illuminate/Routing/ResponseFactory.php(104): Illuminate\\Http\\JsonResponse->__construct(Array, 200, Array, 0)
#9 /home/umgroupc/public_html/inventory.umgroup.com.my/app/Http/Controllers/Api/AuthController.php(36): Illuminate\\Routing\\ResponseFactory->json(Array)
#10 /home/umgroupc/public_html/inventory.umgroup.com.my/vendor/laravel/framework/src/Illuminate/Routing/ControllerDispatcher.php(46): App\\Http\\Controllers\\Api\\AuthController->login(Object(Illuminate\\Http\\Request))
#11 /home/umgroupc/public_html/inventory.umgroup.com.my/vendor/laravel/framework/src/Illuminate/Routing/Route.php(265): Illuminate\\Routing\\ControllerDispatcher->dispatch(Object(Illuminate\\Routing\\Route), Object(App\\Http\\Controllers\\Api\\AuthController), 'login')
#12 /home/umgroupc/public_html/inventory.umgroup.com.my/vendor/laravel/framework/src/Illuminate/Routing/Route.php(211): Illuminate\\Routing\\Route->runController()
#13 /home/umgroupc/public_html/inventory.umgroup.com.my/vendor/laravel/framework/src/Illuminate/Routing/Router.php(808): Illuminate\\Routing\\Route->run()
#14 /home/umgroupc/public_html/inventory.umgroup.com.my/vendor/laravel/framework/src/Illuminate/Pipeline/Pipeline.php(169): Illuminate\\Routing\\Router->Illuminate\\Routing\\{closure}(Object(Illuminate\\Http\\Request))
#15 /home/umgroupc/public_html/inventory.umgroup.com.my/vendor/laravel/framework/src/Illuminate/Routing/Middleware/SubstituteBindings.php(50): Illuminate\\Pipeline\\Pipeline->Illuminate\\Pipeline\\{closure}(Object(Illuminate\\Http\\Request))
#16 /home/umgroupc/public_html/inventory.umgroup.com.my/vendor/laravel/framework/src/Illuminate/Pipeline/Pipeline.php(208): Illuminate\\Routing\\Middleware\\SubstituteBindings->handle(Object(Illuminate\\Http\\Request), Object(Closure))
#17 /home/umgroupc/public_html/inventory.umgroup.com.my/vendor/laravel/framework/src/Illuminate/Pipeline/Pipeline.php(126): Illuminate\\Pipeline\\Pipeline->Illuminate\\Pipeline\\{closure}(Object(Illuminate\\Http\\Request))
#18 /home/umgroupc/public_html/inventory.umgroup.com.my/vendor/laravel/framework/src/Illuminate/Routing/Router.php(807): Illuminate\\Pipeline\\Pipeline->then(Object(Closure))
#19 /home/umgroupc/public_html/inventory.umgroup.com.my/vendor/laravel/framework/src/Illuminate/Routing/Router.php(786): Illuminate\\Routing\\Router->runRouteWithinStack(Object(Illuminate\\Routing\\Route), Object(Illuminate\\Http\\Request))
#20 /home/umgroupc/public_html/inventory.umgroup.com.my/vendor/laravel/framework/src/Illuminate/Routing/Router.php(750): Illuminate\\Routing\\Router->runRoute(Object(Illuminate\\Http\\Request), Object(Illuminate\\Routing\\Route))
#21 /home/umgroupc/public_html/inventory.umgroup.com.my/vendor/laravel/framework/src/Illuminate/Routing/Router.php(739): Illuminate\\Routing\\Router->dispatchToRoute(Object(Illuminate\\Http\\Request))
#22 /home/umgroupc/public_html/inventory.umgroup.com.my/vendor/laravel/framework/src/Illuminate/Foundation/Http/Kernel.php(200): Illuminate\\Routing\\Router->dispatch(Object(Illuminate\\Http\\Request))
#23 /home/umgroupc/public_html/inventory.umgroup.com.my/vendor/laravel/framework/src/Illuminate/Pipeline/Pipeline.php(169): Illuminate\\Foundation\\Http\\Kernel->Illuminate\\Foundation\\Http\\{closure}(Object(Illuminate\\Http\\Request))
#24 /home/umgroupc/public_html/inventory.umgroup.com.my/vendor/laravel/framework/src/Illuminate/Foundation/Http/Middleware/TransformsRequest.php(21): Illuminate\\Pipeline\\Pipeline->Illuminate\\Pipeline\\{closure}(Object(Illuminate\\Http\\Request))
#25 /home/umgroupc/public_html/inventory.umgroup.com.my/vendor/laravel/framework/src/Illuminate/Foundation/Http/Middleware/ConvertEmptyStringsToNull.php(31): Illuminate\\Foundation\\Http\\Middleware\\TransformsRequest->handle(Object(Illuminate\\Http\\Request), Object(Closure))
#26 /home/umgroupc/public_html/inventory.umgroup.com.my/vendor/laravel/framework/src/Illuminate/Pipeline/Pipeline.php(208): Illuminate\\Foundation\\Http\\Middleware\\ConvertEmptyStringsToNull->handle(Object(Illuminate\\Http\\Request), Object(Closure))
#27 /home/umgroupc/public_html/inventory.umgroup.com.my/vendor/laravel/framework/src/Illuminate/Foundation/Http/Middleware/TransformsRequest.php(21): Illuminate\\Pipeline\\Pipeline->Illuminate\\Pipeline\\{closure}(Object(Illuminate\\Http\\Request))
#28 /home/umgroupc/public_html/inventory.umgroup.com.my/vendor/laravel/framework/src/Illuminate/Foundation/Http/Middleware/TrimStrings.php(51): Illuminate\\Foundation\\Http\\Middleware\\TransformsRequest->handle(Object(Illuminate\\Http\\Request), Object(Closure))
#29 /home/umgroupc/public_html/inventory.umgroup.com.my/vendor/laravel/framework/src/Illuminate/Pipeline/Pipeline.php(208): Illuminate\\Foundation\\Http\\Middleware\\TrimStrings->handle(Object(Illuminate\\Http\\Request), Object(Closure))
#30 /home/umgroupc/public_html/inventory.umgroup.com.my/vendor/laravel/framework/src/Illuminate/Http/Middleware/ValidatePostSize.php(27): Illuminate\\Pipeline\\Pipeline->Illuminate\\Pipeline\\{closure}(Object(Illuminate\\Http\\Request))
#31 /home/umgroupc/public_html/inventory.umgroup.com.my/vendor/laravel/framework/src/Illuminate/Pipeline/Pipeline.php(208): Illuminate\\Http\\Middleware\\ValidatePostSize->handle(Object(Illuminate\\Http\\Request), Object(Closure))
#32 /home/umgroupc/public_html/inventory.umgroup.com.my/vendor/laravel/framework/src/Illuminate/Foundation/Http/Middleware/PreventRequestsDuringMaintenance.php(109): Illuminate\\Pipeline\\Pipeline->Illuminate\\Pipeline\\{closure}(Object(Illuminate\\Http\\Request))
#33 /home/umgroupc/public_html/inventory.umgroup.com.my/vendor/laravel/framework/src/Illuminate/Pipeline/Pipeline.php(208): Illuminate\\Foundation\\Http\\Middleware\\PreventRequestsDuringMaintenance->handle(Object(Illuminate\\Http\\Request), Object(Closure))
#34 /home/umgroupc/public_html/inventory.umgroup.com.my/vendor/laravel/framework/src/Illuminate/Http/Middleware/HandleCors.php(61): Illuminate\\Pipeline\\Pipeline->Illuminate\\Pipeline\\{closure}(Object(Illuminate\\Http\\Request))
#35 /home/umgroupc/public_html/inventory.umgroup.com.my/vendor/laravel/framework/src/Illuminate/Pipeline/Pipeline.php(208): Illuminate\\Http\\Middleware\\HandleCors->handle(Object(Illuminate\\Http\\Request), Object(Closure))
#36 /home/umgroupc/public_html/inventory.umgroup.com.my/vendor/laravel/framework/src/Illuminate/Http/Middleware/TrustProxies.php(58): Illuminate\\Pipeline\\Pipeline->Illuminate\\Pipeline\\{closure}(Object(Illuminate\\Http\\Request))
#37 /home/umgroupc/public_html/inventory.umgroup.com.my/vendor/laravel/framework/src/Illuminate/Pipeline/Pipeline.php(208): Illuminate\\Http\\Middleware\\TrustProxies->handle(Object(Illuminate\\Http\\Request), Object(Closure))
#38 /home/umgroupc/public_html/inventory.umgroup.com.my/vendor/laravel/framework/src/Illuminate/Foundation/Http/Middleware/InvokeDeferredCallbacks.php(22): Illuminate\\Pipeline\\Pipeline->Illuminate\\Pipeline\\{closure}(Object(Illuminate\\Http\\Request))
#39 /home/umgroupc/public_html/inventory.umgroup.com.my/vendor/laravel/framework/src/Illuminate/Pipeline/Pipeline.php(208): Illuminate\\Foundation\\Http\\Middleware\\InvokeDeferredCallbacks->handle(Object(Illuminate\\Http\\Request), Object(Closure))
#40 /home/umgroupc/public_html/inventory.umgroup.com.my/vendor/laravel/framework/src/Illuminate/Http/Middleware/ValidatePathEncoding.php(26): Illuminate\\Pipeline\\Pipeline->Illuminate\\Pipeline\\{closure}(Object(Illuminate\\Http\\Request))
#41 /home/umgroupc/public_html/inventory.umgroup.com.my/vendor/laravel/framework/src/Illuminate/Pipeline/Pipeline.php(208): Illuminate\\Http\\Middleware\\ValidatePathEncoding->handle(Object(Illuminate\\Http\\Request), Object(Closure))
#42 /home/umgroupc/public_html/inventory.umgroup.com.my/app/Http/Middleware/Cors.php(16): Illuminate\\Pipeline\\Pipeline->Illuminate\\Pipeline\\{closure}(Object(Illuminate\\Http\\Request))
#43 /home/umgroupc/public_html/inventory.umgroup.com.my/vendor/laravel/framework/src/Illuminate/Pipeline/Pipeline.php(208): App\\Http\\Middleware\\Cors->handle(Object(Illuminate\\Http\\Request), Object(Closure))
#44 /home/umgroupc/public_html/inventory.umgroup.com.my/vendor/laravel/framework/src/Illuminate/Pipeline/Pipeline.php(126): Illuminate\\Pipeline\\Pipeline->Illuminate\\Pipeline\\{closure}(Object(Illuminate\\Http\\Request))
#45 /home/umgroupc/public_html/inventory.umgroup.com.my/vendor/laravel/framework/src/Illuminate/Foundation/Http/Kernel.php(175): Illuminate\\Pipeline\\Pipeline->then(Object(Closure))
#46 /home/umgroupc/public_html/inventory.umgroup.com.my/vendor/laravel/framework/src/Illuminate/Foundation/Http/Kernel.php(144): Illuminate\\Foundation\\Http\\Kernel->sendRequestThroughRouter(Object(Illuminate\\Http\\Request))
#47 /home/umgroupc/public_html/inventory.umgroup.com.my/vendor/laravel/framework/src/Illuminate/Foundation/Application.php(1219): Illuminate\\Foundation\\Http\\Kernel->handle(Object(Illuminate\\Http\\Request))
#48 /home/umgroupc/public_html/inventory.umgroup.com.my/public/index.php(20): Illuminate\\Foundation\\Application->handleRequest(Object(Illuminate\\Http\\Request))
#49 {main}
"} 
[2025-06-21 02:10:14] local.ERROR: Attempt to read property "name" on null {"userId":1,"exception":"[object] (ErrorException(code: 0): Attempt to read property \"name\" on null at /home/umgroupc/public_html/inventory.umgroup.com.my/app/Http/Resources/UserResource.php:22)
[stacktrace]
#0 /home/umgroupc/public_html/inventory.umgroup.com.my/vendor/laravel/framework/src/Illuminate/Foundation/Bootstrap/HandleExceptions.php(256): Illuminate\\Foundation\\Bootstrap\\HandleExceptions->handleError(2, 'Attempt to read...', '/home/umgroupc/...', 22)
#1 /home/umgroupc/public_html/inventory.umgroup.com.my/app/Http/Resources/UserResource.php(22): Illuminate\\Foundation\\Bootstrap\\HandleExceptions->Illuminate\\Foundation\\Bootstrap\\{closure}(2, 'Attempt to read...', '/home/umgroupc/...', 22)
#2 /home/umgroupc/public_html/inventory.umgroup.com.my/vendor/laravel/framework/src/Illuminate/Http/Resources/Json/JsonResource.php(107): App\\Http\\Resources\\UserResource->toArray(Object(Illuminate\\Http\\Request))
#3 /home/umgroupc/public_html/inventory.umgroup.com.my/vendor/laravel/framework/src/Illuminate/Http/Resources/Json/JsonResource.php(254): Illuminate\\Http\\Resources\\Json\\JsonResource->resolve(Object(Illuminate\\Http\\Request))
#4 [internal function]: Illuminate\\Http\\Resources\\Json\\JsonResource->jsonSerialize()
#5 /home/umgroupc/public_html/inventory.umgroup.com.my/vendor/laravel/framework/src/Illuminate/Http/JsonResponse.php(85): json_encode(Array, 0)
#6 /home/umgroupc/public_html/inventory.umgroup.com.my/vendor/symfony/http-foundation/JsonResponse.php(49): Illuminate\\Http\\JsonResponse->setData(Array)
#7 /home/umgroupc/public_html/inventory.umgroup.com.my/vendor/laravel/framework/src/Illuminate/Http/JsonResponse.php(31): Symfony\\Component\\HttpFoundation\\JsonResponse->__construct(Array, 200, Array, false)
#8 /home/umgroupc/public_html/inventory.umgroup.com.my/vendor/laravel/framework/src/Illuminate/Routing/ResponseFactory.php(104): Illuminate\\Http\\JsonResponse->__construct(Array, 200, Array, 0)
#9 /home/umgroupc/public_html/inventory.umgroup.com.my/app/Http/Controllers/Api/AuthController.php(36): Illuminate\\Routing\\ResponseFactory->json(Array)
#10 /home/umgroupc/public_html/inventory.umgroup.com.my/vendor/laravel/framework/src/Illuminate/Routing/ControllerDispatcher.php(46): App\\Http\\Controllers\\Api\\AuthController->login(Object(Illuminate\\Http\\Request))
#11 /home/umgroupc/public_html/inventory.umgroup.com.my/vendor/laravel/framework/src/Illuminate/Routing/Route.php(265): Illuminate\\Routing\\ControllerDispatcher->dispatch(Object(Illuminate\\Routing\\Route), Object(App\\Http\\Controllers\\Api\\AuthController), 'login')
#12 /home/umgroupc/public_html/inventory.umgroup.com.my/vendor/laravel/framework/src/Illuminate/Routing/Route.php(211): Illuminate\\Routing\\Route->runController()
#13 /home/umgroupc/public_html/inventory.umgroup.com.my/vendor/laravel/framework/src/Illuminate/Routing/Router.php(808): Illuminate\\Routing\\Route->run()
#14 /home/umgroupc/public_html/inventory.umgroup.com.my/vendor/laravel/framework/src/Illuminate/Pipeline/Pipeline.php(169): Illuminate\\Routing\\Router->Illuminate\\Routing\\{closure}(Object(Illuminate\\Http\\Request))
#15 /home/umgroupc/public_html/inventory.umgroup.com.my/vendor/laravel/framework/src/Illuminate/Routing/Middleware/SubstituteBindings.php(50): Illuminate\\Pipeline\\Pipeline->Illuminate\\Pipeline\\{closure}(Object(Illuminate\\Http\\Request))
#16 /home/umgroupc/public_html/inventory.umgroup.com.my/vendor/laravel/framework/src/Illuminate/Pipeline/Pipeline.php(208): Illuminate\\Routing\\Middleware\\SubstituteBindings->handle(Object(Illuminate\\Http\\Request), Object(Closure))
#17 /home/umgroupc/public_html/inventory.umgroup.com.my/vendor/laravel/framework/src/Illuminate/Pipeline/Pipeline.php(126): Illuminate\\Pipeline\\Pipeline->Illuminate\\Pipeline\\{closure}(Object(Illuminate\\Http\\Request))
#18 /home/umgroupc/public_html/inventory.umgroup.com.my/vendor/laravel/framework/src/Illuminate/Routing/Router.php(807): Illuminate\\Pipeline\\Pipeline->then(Object(Closure))
#19 /home/umgroupc/public_html/inventory.umgroup.com.my/vendor/laravel/framework/src/Illuminate/Routing/Router.php(786): Illuminate\\Routing\\Router->runRouteWithinStack(Object(Illuminate\\Routing\\Route), Object(Illuminate\\Http\\Request))
#20 /home/umgroupc/public_html/inventory.umgroup.com.my/vendor/laravel/framework/src/Illuminate/Routing/Router.php(750): Illuminate\\Routing\\Router->runRoute(Object(Illuminate\\Http\\Request), Object(Illuminate\\Routing\\Route))
#21 /home/umgroupc/public_html/inventory.umgroup.com.my/vendor/laravel/framework/src/Illuminate/Routing/Router.php(739): Illuminate\\Routing\\Router->dispatchToRoute(Object(Illuminate\\Http\\Request))
#22 /home/umgroupc/public_html/inventory.umgroup.com.my/vendor/laravel/framework/src/Illuminate/Foundation/Http/Kernel.php(200): Illuminate\\Routing\\Router->dispatch(Object(Illuminate\\Http\\Request))
#23 /home/umgroupc/public_html/inventory.umgroup.com.my/vendor/laravel/framework/src/Illuminate/Pipeline/Pipeline.php(169): Illuminate\\Foundation\\Http\\Kernel->Illuminate\\Foundation\\Http\\{closure}(Object(Illuminate\\Http\\Request))
#24 /home/umgroupc/public_html/inventory.umgroup.com.my/vendor/laravel/framework/src/Illuminate/Foundation/Http/Middleware/TransformsRequest.php(21): Illuminate\\Pipeline\\Pipeline->Illuminate\\Pipeline\\{closure}(Object(Illuminate\\Http\\Request))
#25 /home/umgroupc/public_html/inventory.umgroup.com.my/vendor/laravel/framework/src/Illuminate/Foundation/Http/Middleware/ConvertEmptyStringsToNull.php(31): Illuminate\\Foundation\\Http\\Middleware\\TransformsRequest->handle(Object(Illuminate\\Http\\Request), Object(Closure))
#26 /home/umgroupc/public_html/inventory.umgroup.com.my/vendor/laravel/framework/src/Illuminate/Pipeline/Pipeline.php(208): Illuminate\\Foundation\\Http\\Middleware\\ConvertEmptyStringsToNull->handle(Object(Illuminate\\Http\\Request), Object(Closure))
#27 /home/umgroupc/public_html/inventory.umgroup.com.my/vendor/laravel/framework/src/Illuminate/Foundation/Http/Middleware/TransformsRequest.php(21): Illuminate\\Pipeline\\Pipeline->Illuminate\\Pipeline\\{closure}(Object(Illuminate\\Http\\Request))
#28 /home/umgroupc/public_html/inventory.umgroup.com.my/vendor/laravel/framework/src/Illuminate/Foundation/Http/Middleware/TrimStrings.php(51): Illuminate\\Foundation\\Http\\Middleware\\TransformsRequest->handle(Object(Illuminate\\Http\\Request), Object(Closure))
#29 /home/umgroupc/public_html/inventory.umgroup.com.my/vendor/laravel/framework/src/Illuminate/Pipeline/Pipeline.php(208): Illuminate\\Foundation\\Http\\Middleware\\TrimStrings->handle(Object(Illuminate\\Http\\Request), Object(Closure))
#30 /home/umgroupc/public_html/inventory.umgroup.com.my/vendor/laravel/framework/src/Illuminate/Http/Middleware/ValidatePostSize.php(27): Illuminate\\Pipeline\\Pipeline->Illuminate\\Pipeline\\{closure}(Object(Illuminate\\Http\\Request))
#31 /home/umgroupc/public_html/inventory.umgroup.com.my/vendor/laravel/framework/src/Illuminate/Pipeline/Pipeline.php(208): Illuminate\\Http\\Middleware\\ValidatePostSize->handle(Object(Illuminate\\Http\\Request), Object(Closure))
#32 /home/umgroupc/public_html/inventory.umgroup.com.my/vendor/laravel/framework/src/Illuminate/Foundation/Http/Middleware/PreventRequestsDuringMaintenance.php(109): Illuminate\\Pipeline\\Pipeline->Illuminate\\Pipeline\\{closure}(Object(Illuminate\\Http\\Request))
#33 /home/umgroupc/public_html/inventory.umgroup.com.my/vendor/laravel/framework/src/Illuminate/Pipeline/Pipeline.php(208): Illuminate\\Foundation\\Http\\Middleware\\PreventRequestsDuringMaintenance->handle(Object(Illuminate\\Http\\Request), Object(Closure))
#34 /home/umgroupc/public_html/inventory.umgroup.com.my/vendor/laravel/framework/src/Illuminate/Http/Middleware/HandleCors.php(61): Illuminate\\Pipeline\\Pipeline->Illuminate\\Pipeline\\{closure}(Object(Illuminate\\Http\\Request))
#35 /home/umgroupc/public_html/inventory.umgroup.com.my/vendor/laravel/framework/src/Illuminate/Pipeline/Pipeline.php(208): Illuminate\\Http\\Middleware\\HandleCors->handle(Object(Illuminate\\Http\\Request), Object(Closure))
#36 /home/umgroupc/public_html/inventory.umgroup.com.my/vendor/laravel/framework/src/Illuminate/Http/Middleware/TrustProxies.php(58): Illuminate\\Pipeline\\Pipeline->Illuminate\\Pipeline\\{closure}(Object(Illuminate\\Http\\Request))
#37 /home/umgroupc/public_html/inventory.umgroup.com.my/vendor/laravel/framework/src/Illuminate/Pipeline/Pipeline.php(208): Illuminate\\Http\\Middleware\\TrustProxies->handle(Object(Illuminate\\Http\\Request), Object(Closure))
#38 /home/umgroupc/public_html/inventory.umgroup.com.my/vendor/laravel/framework/src/Illuminate/Foundation/Http/Middleware/InvokeDeferredCallbacks.php(22): Illuminate\\Pipeline\\Pipeline->Illuminate\\Pipeline\\{closure}(Object(Illuminate\\Http\\Request))
#39 /home/umgroupc/public_html/inventory.umgroup.com.my/vendor/laravel/framework/src/Illuminate/Pipeline/Pipeline.php(208): Illuminate\\Foundation\\Http\\Middleware\\InvokeDeferredCallbacks->handle(Object(Illuminate\\Http\\Request), Object(Closure))
#40 /home/umgroupc/public_html/inventory.umgroup.com.my/vendor/laravel/framework/src/Illuminate/Http/Middleware/ValidatePathEncoding.php(26): Illuminate\\Pipeline\\Pipeline->Illuminate\\Pipeline\\{closure}(Object(Illuminate\\Http\\Request))
#41 /home/umgroupc/public_html/inventory.umgroup.com.my/vendor/laravel/framework/src/Illuminate/Pipeline/Pipeline.php(208): Illuminate\\Http\\Middleware\\ValidatePathEncoding->handle(Object(Illuminate\\Http\\Request), Object(Closure))
#42 /home/umgroupc/public_html/inventory.umgroup.com.my/app/Http/Middleware/Cors.php(16): Illuminate\\Pipeline\\Pipeline->Illuminate\\Pipeline\\{closure}(Object(Illuminate\\Http\\Request))
#43 /home/umgroupc/public_html/inventory.umgroup.com.my/vendor/laravel/framework/src/Illuminate/Pipeline/Pipeline.php(208): App\\Http\\Middleware\\Cors->handle(Object(Illuminate\\Http\\Request), Object(Closure))
#44 /home/umgroupc/public_html/inventory.umgroup.com.my/vendor/laravel/framework/src/Illuminate/Pipeline/Pipeline.php(126): Illuminate\\Pipeline\\Pipeline->Illuminate\\Pipeline\\{closure}(Object(Illuminate\\Http\\Request))
#45 /home/umgroupc/public_html/inventory.umgroup.com.my/vendor/laravel/framework/src/Illuminate/Foundation/Http/Kernel.php(175): Illuminate\\Pipeline\\Pipeline->then(Object(Closure))
#46 /home/umgroupc/public_html/inventory.umgroup.com.my/vendor/laravel/framework/src/Illuminate/Foundation/Http/Kernel.php(144): Illuminate\\Foundation\\Http\\Kernel->sendRequestThroughRouter(Object(Illuminate\\Http\\Request))
#47 /home/umgroupc/public_html/inventory.umgroup.com.my/vendor/laravel/framework/src/Illuminate/Foundation/Application.php(1219): Illuminate\\Foundation\\Http\\Kernel->handle(Object(Illuminate\\Http\\Request))
#48 /home/umgroupc/public_html/inventory.umgroup.com.my/public/index.php(20): Illuminate\\Foundation\\Application->handleRequest(Object(Illuminate\\Http\\Request))
#49 {main}
"} 
[2025-06-21 02:34:37] local.ALERT: {"password":["The password field confirmation does not match."]}  
[2025-06-23 01:54:34] local.ALERT: {"password":["The password field confirmation does not match."]}  
[2025-06-26 01:57:45] local.ALERT: {"password":["The password field confirmation does not match."]}  
[2025-07-15 01:37:40] local.ALERT: {"password":["The password field confirmation does not match."]}  
[2025-07-22 06:30:29] local.ALERT: {"password":["The password field confirmation does not match."],"branch_id":["The branch id field is required."]}  
[2025-09-04 02:35:25] local.ALERT: {"branch_id":["The branch id field is required."]}  
[2025-10-13 02:17:30] local.ALERT: {"password":["The password field confirmation does not match."]}  
[2025-10-13 02:38:17] local.ALERT: {"password":["The password field must be at least 8 characters."]}  
[2025-11-04 08:09:26] local.ALERT: {"password":["The password field confirmation does not match."]}  
[2025-11-26 07:07:08] local.ALERT: {"password":["The password field confirmation does not match."]}  
[2025-12-02 02:56:31] local.ALERT: {"branch_id":["The branch id field is required."]}  
[2025-12-12 08:08:32] local.ALERT: {"password":["The password field confirmation does not match."]}  
[2025-12-12 08:20:25] local.ALERT: {"password":["The password field must be at least 8 characters."]}  
[2025-12-15 08:04:45] local.ALERT: {"password":["The password field confirmation does not match."]}  
[2026-01-02 06:41:00] local.ALERT: {"password":["The password field must be at least 8 characters."]}  
[2026-01-05 00:28:41] local.INFO: ITEMS RECEIVED [{"asset_id":"24","asset_unit":"1","status":null,"asset_discount":"0"},{"asset_id":"55","asset_unit":"1","status":null,"asset_discount":"0"}] 
[2026-01-05 00:29:38] local.INFO: ITEMS RECEIVED [{"asset_id":"24","asset_unit":"1","status":null,"asset_discount":"0"},{"asset_id":"55","asset_unit":"1","status":null,"asset_discount":"0"}] 
[2026-01-05 01:12:11] local.INFO: ITEMS RECEIVED [{"asset_id":"24","asset_unit":"1","status":null,"asset_discount":"0"},{"asset_id":"55","asset_unit":"1","status":null,"asset_discount":"0"}] 
[2026-01-05 01:12:56] local.INFO: ITEMS RECEIVED [{"asset_id":"24","asset_unit":"1","status":null,"asset_discount":"0"},{"asset_id":"55","asset_unit":"1","status":null,"asset_discount":"0"}] 
[2026-01-05 01:30:32] local.INFO: ITEMS RECEIVED [{"asset_id":"24","asset_unit":"1","status":null,"asset_discount":"0"},{"asset_id":"55","asset_unit":"1","status":null,"asset_discount":"0"}] 
[2026-01-05 03:18:46] local.INFO: ITEMS RECEIVED [{"asset_id":"57","asset_unit":"1","status":null,"asset_discount":"0"}] 
[2026-01-05 03:19:19] local.INFO: ITEMS RECEIVED [{"asset_id":"35","asset_unit":"1","status":null,"asset_discount":"0"}] 
[2026-01-05 03:20:07] local.INFO: ITEMS RECEIVED [{"asset_id":"57","asset_unit":"1","status":null,"asset_discount":"0"}] 
[2026-01-05 03:20:38] local.INFO: ITEMS RECEIVED [{"asset_id":"35","asset_unit":"1","status":null,"asset_discount":"0"}] 
[2026-01-05 03:35:40] local.INFO: ITEMS RECEIVED [{"asset_id":"24","asset_unit":"1","status":null,"asset_discount":"0"},{"asset_id":"55","asset_unit":"1","status":null,"asset_discount":"0"},{"asset_id":"59","asset_unit":"1","status":null,"asset_discount":"0"}] 
[2026-01-05 03:37:06] local.INFO: ITEMS RECEIVED [{"asset_id":"24","asset_unit":"3","status":null,"asset_discount":"0"},{"asset_id":"55","asset_unit":"3","status":null,"asset_discount":"0"},{"asset_id":"59","asset_unit":"3","status":null,"asset_discount":"0"}] 
[2026-01-05 03:40:58] local.INFO: ITEMS RECEIVED [{"asset_id":"24","asset_unit":"1","status":null,"asset_discount":"0"},{"asset_id":"55","asset_unit":"1","status":null,"asset_discount":"0"},{"asset_id":"232","asset_unit":"1","status":null,"asset_discount":"0"}] 
[2026-01-05 03:42:11] local.INFO: ITEMS RECEIVED [{"asset_id":"24","asset_unit":"1","status":null,"asset_discount":"0"},{"asset_id":"55","asset_unit":"1","status":null,"asset_discount":"0"},{"asset_id":"232","asset_unit":"1","status":null,"asset_discount":"0"}] 
[2026-01-05 03:44:34] local.INFO: ITEMS RECEIVED [{"asset_id":"24","asset_unit":"1","status":null,"asset_discount":"0"},{"asset_id":"55","asset_unit":"1","status":null,"asset_discount":"0"},{"asset_id":"54","asset_unit":"1","status":null,"asset_discount":"0"}] 
[2026-01-05 05:25:37] local.INFO: ITEMS RECEIVED [{"asset_id":"57","asset_unit":"1","status":null,"asset_discount":"0"}] 
[2026-01-05 05:25:56] local.INFO: ITEMS RECEIVED [{"asset_id":"35","asset_unit":"1","status":null,"asset_discount":"0"}] 
[2026-01-05 09:21:06] local.INFO: ITEMS RECEIVED [{"asset_id":"55","asset_unit":"1","status":null,"asset_discount":"0"},{"asset_id":"24","asset_unit":"1","status":null,"asset_discount":"0"}] 
[2026-01-06 01:02:04] local.INFO: ITEMS RECEIVED [{"asset_id":"57","asset_unit":"1","status":null,"asset_discount":"0"}] 
[2026-01-06 01:02:32] local.INFO: ITEMS RECEIVED [{"asset_id":"35","asset_unit":"1","status":null,"asset_discount":"0"}] 
[2026-01-06 01:16:17] local.ERROR: Route [login] not defined. {"exception":"[object] (Symfony\\Component\\Routing\\Exception\\RouteNotFoundException(code: 0): Route [login] not defined. at /home/umgroupc/public_html/inventory.umgroup.com.my/vendor/laravel/framework/src/Illuminate/Routing/UrlGenerator.php:526)
[stacktrace]
#0 /home/umgroupc/public_html/inventory.umgroup.com.my/vendor/laravel/framework/src/Illuminate/Foundation/helpers.php(856): Illuminate\\Routing\\UrlGenerator->route('login', Array, true)
#1 /home/umgroupc/public_html/inventory.umgroup.com.my/vendor/laravel/framework/src/Illuminate/Foundation/Configuration/ApplicationBuilder.php(278): route('login')
#2 [internal function]: Illuminate\\Foundation\\Configuration\\ApplicationBuilder->Illuminate\\Foundation\\Configuration\\{closure}(Object(Illuminate\\Http\\Request))
#3 /home/umgroupc/public_html/inventory.umgroup.com.my/vendor/laravel/framework/src/Illuminate/Auth/Middleware/Authenticate.php(117): call_user_func(Object(Closure), Object(Illuminate\\Http\\Request))
#4 /home/umgroupc/public_html/inventory.umgroup.com.my/vendor/laravel/framework/src/Illuminate/Auth/Middleware/Authenticate.php(104): Illuminate\\Auth\\Middleware\\Authenticate->redirectTo(Object(Illuminate\\Http\\Request))
#5 /home/umgroupc/public_html/inventory.umgroup.com.my/vendor/laravel/framework/src/Illuminate/Auth/Middleware/Authenticate.php(87): Illuminate\\Auth\\Middleware\\Authenticate->unauthenticated(Object(Illuminate\\Http\\Request), Array)
#6 /home/umgroupc/public_html/inventory.umgroup.com.my/vendor/laravel/framework/src/Illuminate/Auth/Middleware/Authenticate.php(61): Illuminate\\Auth\\Middleware\\Authenticate->authenticate(Object(Illuminate\\Http\\Request), Array)
#7 /home/umgroupc/public_html/inventory.umgroup.com.my/vendor/laravel/framework/src/Illuminate/Pipeline/Pipeline.php(208): Illuminate\\Auth\\Middleware\\Authenticate->handle(Object(Illuminate\\Http\\Request), Object(Closure), 'sanctum')
#8 /home/umgroupc/public_html/inventory.umgroup.com.my/vendor/laravel/framework/src/Illuminate/Pipeline/Pipeline.php(126): Illuminate\\Pipeline\\Pipeline->Illuminate\\Pipeline\\{closure}(Object(Illuminate\\Http\\Request))
#9 /home/umgroupc/public_html/inventory.umgroup.com.my/vendor/laravel/framework/src/Illuminate/Routing/Router.php(807): Illuminate\\Pipeline\\Pipeline->then(Object(Closure))
#10 /home/umgroupc/public_html/inventory.umgroup.com.my/vendor/laravel/framework/src/Illuminate/Routing/Router.php(786): Illuminate\\Routing\\Router->runRouteWithinStack(Object(Illuminate\\Routing\\Route), Object(Illuminate\\Http\\Request))
#11 /home/umgroupc/public_html/inventory.umgroup.com.my/vendor/laravel/framework/src/Illuminate/Routing/Router.php(750): Illuminate\\Routing\\Router->runRoute(Object(Illuminate\\Http\\Request), Object(Illuminate\\Routing\\Route))
#12 /home/umgroupc/public_html/inventory.umgroup.com.my/vendor/laravel/framework/src/Illuminate/Routing/Router.php(739): Illuminate\\Routing\\Router->dispatchToRoute(Object(Illuminate\\Http\\Request))
#13 /home/umgroupc/public_html/inventory.umgroup.com.my/vendor/laravel/framework/src/Illuminate/Foundation/Http/Kernel.php(200): Illuminate\\Routing\\Router->dispatch(Object(Illuminate\\Http\\Request))
#14 /home/umgroupc/public_html/inventory.umgroup.com.my/vendor/laravel/framework/src/Illuminate/Pipeline/Pipeline.php(169): Illuminate\\Foundation\\Http\\Kernel->Illuminate\\Foundation\\Http\\{closure}(Object(Illuminate\\Http\\Request))
#15 /home/umgroupc/public_html/inventory.umgroup.com.my/vendor/laravel/framework/src/Illuminate/Foundation/Http/Middleware/TransformsRequest.php(21): Illuminate\\Pipeline\\Pipeline->Illuminate\\Pipeline\\{closure}(Object(Illuminate\\Http\\Request))
#16 /home/umgroupc/public_html/inventory.umgroup.com.my/vendor/laravel/framework/src/Illuminate/Foundation/Http/Middleware/ConvertEmptyStringsToNull.php(31): Illuminate\\Foundation\\Http\\Middleware\\TransformsRequest->handle(Object(Illuminate\\Http\\Request), Object(Closure))
#17 /home/umgroupc/public_html/inventory.umgroup.com.my/vendor/laravel/framework/src/Illuminate/Pipeline/Pipeline.php(208): Illuminate\\Foundation\\Http\\Middleware\\ConvertEmptyStringsToNull->handle(Object(Illuminate\\Http\\Request), Object(Closure))
#18 /home/umgroupc/public_html/inventory.umgroup.com.my/vendor/laravel/framework/src/Illuminate/Foundation/Http/Middleware/TransformsRequest.php(21): Illuminate\\Pipeline\\Pipeline->Illuminate\\Pipeline\\{closure}(Object(Illuminate\\Http\\Request))
#19 /home/umgroupc/public_html/inventory.umgroup.com.my/vendor/laravel/framework/src/Illuminate/Foundation/Http/Middleware/TrimStrings.php(51): Illuminate\\Foundation\\Http\\Middleware\\TransformsRequest->handle(Object(Illuminate\\Http\\Request), Object(Closure))
#20 /home/umgroupc/public_html/inventory.umgroup.com.my/vendor/laravel/framework/src/Illuminate/Pipeline/Pipeline.php(208): Illuminate\\Foundation\\Http\\Middleware\\TrimStrings->handle(Object(Illuminate\\Http\\Request), Object(Closure))
#21 /home/umgroupc/public_html/inventory.umgroup.com.my/vendor/laravel/framework/src/Illuminate/Http/Middleware/ValidatePostSize.php(27): Illuminate\\Pipeline\\Pipeline->Illuminate\\Pipeline\\{closure}(Object(Illuminate\\Http\\Request))
#22 /home/umgroupc/public_html/inventory.umgroup.com.my/vendor/laravel/framework/src/Illuminate/Pipeline/Pipeline.php(208): Illuminate\\Http\\Middleware\\ValidatePostSize->handle(Object(Illuminate\\Http\\Request), Object(Closure))
#23 /home/umgroupc/public_html/inventory.umgroup.com.my/vendor/laravel/framework/src/Illuminate/Foundation/Http/Middleware/PreventRequestsDuringMaintenance.php(109): Illuminate\\Pipeline\\Pipeline->Illuminate\\Pipeline\\{closure}(Object(Illuminate\\Http\\Request))
#24 /home/umgroupc/public_html/inventory.umgroup.com.my/vendor/laravel/framework/src/Illuminate/Pipeline/Pipeline.php(208): Illuminate\\Foundation\\Http\\Middleware\\PreventRequestsDuringMaintenance->handle(Object(Illuminate\\Http\\Request), Object(Closure))
#25 /home/umgroupc/public_html/inventory.umgroup.com.my/vendor/laravel/framework/src/Illuminate/Http/Middleware/HandleCors.php(61): Illuminate\\Pipeline\\Pipeline->Illuminate\\Pipeline\\{closure}(Object(Illuminate\\Http\\Request))
#26 /home/umgroupc/public_html/inventory.umgroup.com.my/vendor/laravel/framework/src/Illuminate/Pipeline/Pipeline.php(208): Illuminate\\Http\\Middleware\\HandleCors->handle(Object(Illuminate\\Http\\Request), Object(Closure))
#27 /home/umgroupc/public_html/inventory.umgroup.com.my/vendor/laravel/framework/src/Illuminate/Http/Middleware/TrustProxies.php(58): Illuminate\\Pipeline\\Pipeline->Illuminate\\Pipeline\\{closure}(Object(Illuminate\\Http\\Request))
#28 /home/umgroupc/public_html/inventory.umgroup.com.my/vendor/laravel/framework/src/Illuminate/Pipeline/Pipeline.php(208): Illuminate\\Http\\Middleware\\TrustProxies->handle(Object(Illuminate\\Http\\Request), Object(Closure))
#29 /home/umgroupc/public_html/inventory.umgroup.com.my/vendor/laravel/framework/src/Illuminate/Foundation/Http/Middleware/InvokeDeferredCallbacks.php(22): Illuminate\\Pipeline\\Pipeline->Illuminate\\Pipeline\\{closure}(Object(Illuminate\\Http\\Request))
#30 /home/umgroupc/public_html/inventory.umgroup.com.my/vendor/laravel/framework/src/Illuminate/Pipeline/Pipeline.php(208): Illuminate\\Foundation\\Http\\Middleware\\InvokeDeferredCallbacks->handle(Object(Illuminate\\Http\\Request), Object(Closure))
#31 /home/umgroupc/public_html/inventory.umgroup.com.my/vendor/laravel/framework/src/Illuminate/Http/Middleware/ValidatePathEncoding.php(26): Illuminate\\Pipeline\\Pipeline->Illuminate\\Pipeline\\{closure}(Object(Illuminate\\Http\\Request))
#32 /home/umgroupc/public_html/inventory.umgroup.com.my/vendor/laravel/framework/src/Illuminate/Pipeline/Pipeline.php(208): Illuminate\\Http\\Middleware\\ValidatePathEncoding->handle(Object(Illuminate\\Http\\Request), Object(Closure))
#33 /home/umgroupc/public_html/inventory.umgroup.com.my/app/Http/Middleware/Cors.php(16): Illuminate\\Pipeline\\Pipeline->Illuminate\\Pipeline\\{closure}(Object(Illuminate\\Http\\Request))
#34 /home/umgroupc/public_html/inventory.umgroup.com.my/vendor/laravel/framework/src/Illuminate/Pipeline/Pipeline.php(208): App\\Http\\Middleware\\Cors->handle(Object(Illuminate\\Http\\Request), Object(Closure))
#35 /home/umgroupc/public_html/inventory.umgroup.com.my/vendor/laravel/framework/src/Illuminate/Pipeline/Pipeline.php(126): Illuminate\\Pipeline\\Pipeline->Illuminate\\Pipeline\\{closure}(Object(Illuminate\\Http\\Request))
#36 /home/umgroupc/public_html/inventory.umgroup.com.my/vendor/laravel/framework/src/Illuminate/Foundation/Http/Kernel.php(175): Illuminate\\Pipeline\\Pipeline->then(Object(Closure))
#37 /home/umgroupc/public_html/inventory.umgroup.com.my/vendor/laravel/framework/src/Illuminate/Foundation/Http/Kernel.php(144): Illuminate\\Foundation\\Http\\Kernel->sendRequestThroughRouter(Object(Illuminate\\Http\\Request))
#38 /home/umgroupc/public_html/inventory.umgroup.com.my/vendor/laravel/framework/src/Illuminate/Foundation/Application.php(1219): Illuminate\\Foundation\\Http\\Kernel->handle(Object(Illuminate\\Http\\Request))
#39 /home/umgroupc/public_html/inventory.umgroup.com.my/public/index.php(20): Illuminate\\Foundation\\Application->handleRequest(Object(Illuminate\\Http\\Request))
#40 {main}
"} 
[2026-01-06 01:17:32] local.ERROR: Route [login] not defined. {"exception":"[object] (Symfony\\Component\\Routing\\Exception\\RouteNotFoundException(code: 0): Route [login] not defined. at /home/umgroupc/public_html/inventory.umgroup.com.my/vendor/laravel/framework/src/Illuminate/Routing/UrlGenerator.php:526)
[stacktrace]
#0 /home/umgroupc/public_html/inventory.umgroup.com.my/vendor/laravel/framework/src/Illuminate/Foundation/helpers.php(856): Illuminate\\Routing\\UrlGenerator->route('login', Array, true)
#1 /home/umgroupc/public_html/inventory.umgroup.com.my/vendor/laravel/framework/src/Illuminate/Foundation/Configuration/ApplicationBuilder.php(278): route('login')
#2 [internal function]: Illuminate\\Foundation\\Configuration\\ApplicationBuilder->Illuminate\\Foundation\\Configuration\\{closure}(Object(Illuminate\\Http\\Request))
#3 /home/umgroupc/public_html/inventory.umgroup.com.my/vendor/laravel/framework/src/Illuminate/Auth/Middleware/Authenticate.php(117): call_user_func(Object(Closure), Object(Illuminate\\Http\\Request))
#4 /home/umgroupc/public_html/inventory.umgroup.com.my/vendor/laravel/framework/src/Illuminate/Auth/Middleware/Authenticate.php(104): Illuminate\\Auth\\Middleware\\Authenticate->redirectTo(Object(Illuminate\\Http\\Request))
#5 /home/umgroupc/public_html/inventory.umgroup.com.my/vendor/laravel/framework/src/Illuminate/Auth/Middleware/Authenticate.php(87): Illuminate\\Auth\\Middleware\\Authenticate->unauthenticated(Object(Illuminate\\Http\\Request), Array)
#6 /home/umgroupc/public_html/inventory.umgroup.com.my/vendor/laravel/framework/src/Illuminate/Auth/Middleware/Authenticate.php(61): Illuminate\\Auth\\Middleware\\Authenticate->authenticate(Object(Illuminate\\Http\\Request), Array)
#7 /home/umgroupc/public_html/inventory.umgroup.com.my/vendor/laravel/framework/src/Illuminate/Pipeline/Pipeline.php(208): Illuminate\\Auth\\Middleware\\Authenticate->handle(Object(Illuminate\\Http\\Request), Object(Closure), 'sanctum')
#8 /home/umgroupc/public_html/inventory.umgroup.com.my/vendor/laravel/framework/src/Illuminate/Pipeline/Pipeline.php(126): Illuminate\\Pipeline\\Pipeline->Illuminate\\Pipeline\\{closure}(Object(Illuminate\\Http\\Request))
#9 /home/umgroupc/public_html/inventory.umgroup.com.my/vendor/laravel/framework/src/Illuminate/Routing/Router.php(807): Illuminate\\Pipeline\\Pipeline->then(Object(Closure))
#10 /home/umgroupc/public_html/inventory.umgroup.com.my/vendor/laravel/framework/src/Illuminate/Routing/Router.php(786): Illuminate\\Routing\\Router->runRouteWithinStack(Object(Illuminate\\Routing\\Route), Object(Illuminate\\Http\\Request))
#11 /home/umgroupc/public_html/inventory.umgroup.com.my/vendor/laravel/framework/src/Illuminate/Routing/Router.php(750): Illuminate\\Routing\\Router->runRoute(Object(Illuminate\\Http\\Request), Object(Illuminate\\Routing\\Route))
#12 /home/umgroupc/public_html/inventory.umgroup.com.my/vendor/laravel/framework/src/Illuminate/Routing/Router.php(739): Illuminate\\Routing\\Router->dispatchToRoute(Object(Illuminate\\Http\\Request))
#13 /home/umgroupc/public_html/inventory.umgroup.com.my/vendor/laravel/framework/src/Illuminate/Foundation/Http/Kernel.php(200): Illuminate\\Routing\\Router->dispatch(Object(Illuminate\\Http\\Request))
#14 /home/umgroupc/public_html/inventory.umgroup.com.my/vendor/laravel/framework/src/Illuminate/Pipeline/Pipeline.php(169): Illuminate\\Foundation\\Http\\Kernel->Illuminate\\Foundation\\Http\\{closure}(Object(Illuminate\\Http\\Request))
#15 /home/umgroupc/public_html/inventory.umgroup.com.my/vendor/laravel/framework/src/Illuminate/Foundation/Http/Middleware/TransformsRequest.php(21): Illuminate\\Pipeline\\Pipeline->Illuminate\\Pipeline\\{closure}(Object(Illuminate\\Http\\Request))
#16 /home/umgroupc/public_html/inventory.umgroup.com.my/vendor/laravel/framework/src/Illuminate/Foundation/Http/Middleware/ConvertEmptyStringsToNull.php(31): Illuminate\\Foundation\\Http\\Middleware\\TransformsRequest->handle(Object(Illuminate\\Http\\Request), Object(Closure))
#17 /home/umgroupc/public_html/inventory.umgroup.com.my/vendor/laravel/framework/src/Illuminate/Pipeline/Pipeline.php(208): Illuminate\\Foundation\\Http\\Middleware\\ConvertEmptyStringsToNull->handle(Object(Illuminate\\Http\\Request), Object(Closure))
#18 /home/umgroupc/public_html/inventory.umgroup.com.my/vendor/laravel/framework/src/Illuminate/Foundation/Http/Middleware/TransformsRequest.php(21): Illuminate\\Pipeline\\Pipeline->Illuminate\\Pipeline\\{closure}(Object(Illuminate\\Http\\Request))
#19 /home/umgroupc/public_html/inventory.umgroup.com.my/vendor/laravel/framework/src/Illuminate/Foundation/Http/Middleware/TrimStrings.php(51): Illuminate\\Foundation\\Http\\Middleware\\TransformsRequest->handle(Object(Illuminate\\Http\\Request), Object(Closure))
#20 /home/umgroupc/public_html/inventory.umgroup.com.my/vendor/laravel/framework/src/Illuminate/Pipeline/Pipeline.php(208): Illuminate\\Foundation\\Http\\Middleware\\TrimStrings->handle(Object(Illuminate\\Http\\Request), Object(Closure))
#21 /home/umgroupc/public_html/inventory.umgroup.com.my/vendor/laravel/framework/src/Illuminate/Http/Middleware/ValidatePostSize.php(27): Illuminate\\Pipeline\\Pipeline->Illuminate\\Pipeline\\{closure}(Object(Illuminate\\Http\\Request))
#22 /home/umgroupc/public_html/inventory.umgroup.com.my/vendor/laravel/framework/src/Illuminate/Pipeline/Pipeline.php(208): Illuminate\\Http\\Middleware\\ValidatePostSize->handle(Object(Illuminate\\Http\\Request), Object(Closure))
#23 /home/umgroupc/public_html/inventory.umgroup.com.my/vendor/laravel/framework/src/Illuminate/Foundation/Http/Middleware/PreventRequestsDuringMaintenance.php(109): Illuminate\\Pipeline\\Pipeline->Illuminate\\Pipeline\\{closure}(Object(Illuminate\\Http\\Request))
#24 /home/umgroupc/public_html/inventory.umgroup.com.my/vendor/laravel/framework/src/Illuminate/Pipeline/Pipeline.php(208): Illuminate\\Foundation\\Http\\Middleware\\PreventRequestsDuringMaintenance->handle(Object(Illuminate\\Http\\Request), Object(Closure))
#25 /home/umgroupc/public_html/inventory.umgroup.com.my/vendor/laravel/framework/src/Illuminate/Http/Middleware/HandleCors.php(61): Illuminate\\Pipeline\\Pipeline->Illuminate\\Pipeline\\{closure}(Object(Illuminate\\Http\\Request))
#26 /home/umgroupc/public_html/inventory.umgroup.com.my/vendor/laravel/framework/src/Illuminate/Pipeline/Pipeline.php(208): Illuminate\\Http\\Middleware\\HandleCors->handle(Object(Illuminate\\Http\\Request), Object(Closure))
#27 /home/umgroupc/public_html/inventory.umgroup.com.my/vendor/laravel/framework/src/Illuminate/Http/Middleware/TrustProxies.php(58): Illuminate\\Pipeline\\Pipeline->Illuminate\\Pipeline\\{closure}(Object(Illuminate\\Http\\Request))
#28 /home/umgroupc/public_html/inventory.umgroup.com.my/vendor/laravel/framework/src/Illuminate/Pipeline/Pipeline.php(208): Illuminate\\Http\\Middleware\\TrustProxies->handle(Object(Illuminate\\Http\\Request), Object(Closure))
#29 /home/umgroupc/public_html/inventory.umgroup.com.my/vendor/laravel/framework/src/Illuminate/Foundation/Http/Middleware/InvokeDeferredCallbacks.php(22): Illuminate\\Pipeline\\Pipeline->Illuminate\\Pipeline\\{closure}(Object(Illuminate\\Http\\Request))
#30 /home/umgroupc/public_html/inventory.umgroup.com.my/vendor/laravel/framework/src/Illuminate/Pipeline/Pipeline.php(208): Illuminate\\Foundation\\Http\\Middleware\\InvokeDeferredCallbacks->handle(Object(Illuminate\\Http\\Request), Object(Closure))
#31 /home/umgroupc/public_html/inventory.umgroup.com.my/vendor/laravel/framework/src/Illuminate/Http/Middleware/ValidatePathEncoding.php(26): Illuminate\\Pipeline\\Pipeline->Illuminate\\Pipeline\\{closure}(Object(Illuminate\\Http\\Request))
#32 /home/umgroupc/public_html/inventory.umgroup.com.my/vendor/laravel/framework/src/Illuminate/Pipeline/Pipeline.php(208): Illuminate\\Http\\Middleware\\ValidatePathEncoding->handle(Object(Illuminate\\Http\\Request), Object(Closure))
#33 /home/umgroupc/public_html/inventory.umgroup.com.my/app/Http/Middleware/Cors.php(16): Illuminate\\Pipeline\\Pipeline->Illuminate\\Pipeline\\{closure}(Object(Illuminate\\Http\\Request))
#34 /home/umgroupc/public_html/inventory.umgroup.com.my/vendor/laravel/framework/src/Illuminate/Pipeline/Pipeline.php(208): App\\Http\\Middleware\\Cors->handle(Object(Illuminate\\Http\\Request), Object(Closure))
#35 /home/umgroupc/public_html/inventory.umgroup.com.my/vendor/laravel/framework/src/Illuminate/Pipeline/Pipeline.php(126): Illuminate\\Pipeline\\Pipeline->Illuminate\\Pipeline\\{closure}(Object(Illuminate\\Http\\Request))
#36 /home/umgroupc/public_html/inventory.umgroup.com.my/vendor/laravel/framework/src/Illuminate/Foundation/Http/Kernel.php(175): Illuminate\\Pipeline\\Pipeline->then(Object(Closure))
#37 /home/umgroupc/public_html/inventory.umgroup.com.my/vendor/laravel/framework/src/Illuminate/Foundation/Http/Kernel.php(144): Illuminate\\Foundation\\Http\\Kernel->sendRequestThroughRouter(Object(Illuminate\\Http\\Request))
#38 /home/umgroupc/public_html/inventory.umgroup.com.my/vendor/laravel/framework/src/Illuminate/Foundation/Application.php(1219): Illuminate\\Foundation\\Http\\Kernel->handle(Object(Illuminate\\Http\\Request))
#39 /home/umgroupc/public_html/inventory.umgroup.com.my/public/index.php(20): Illuminate\\Foundation\\Application->handleRequest(Object(Illuminate\\Http\\Request))
#40 {main}
"} 
[2026-01-06 01:21:32] local.ERROR: Route [login] not defined. {"exception":"[object] (Symfony\\Component\\Routing\\Exception\\RouteNotFoundException(code: 0): Route [login] not defined. at /home/umgroupc/public_html/inventory.umgroup.com.my/vendor/laravel/framework/src/Illuminate/Routing/UrlGenerator.php:526)
[stacktrace]
#0 /home/umgroupc/public_html/inventory.umgroup.com.my/vendor/laravel/framework/src/Illuminate/Foundation/helpers.php(856): Illuminate\\Routing\\UrlGenerator->route('login', Array, true)
#1 /home/umgroupc/public_html/inventory.umgroup.com.my/vendor/laravel/framework/src/Illuminate/Foundation/Configuration/ApplicationBuilder.php(278): route('login')
#2 [internal function]: Illuminate\\Foundation\\Configuration\\ApplicationBuilder->Illuminate\\Foundation\\Configuration\\{closure}(Object(Illuminate\\Http\\Request))
#3 /home/umgroupc/public_html/inventory.umgroup.com.my/vendor/laravel/framework/src/Illuminate/Auth/Middleware/Authenticate.php(117): call_user_func(Object(Closure), Object(Illuminate\\Http\\Request))
#4 /home/umgroupc/public_html/inventory.umgroup.com.my/vendor/laravel/framework/src/Illuminate/Auth/Middleware/Authenticate.php(104): Illuminate\\Auth\\Middleware\\Authenticate->redirectTo(Object(Illuminate\\Http\\Request))
#5 /home/umgroupc/public_html/inventory.umgroup.com.my/vendor/laravel/framework/src/Illuminate/Auth/Middleware/Authenticate.php(87): Illuminate\\Auth\\Middleware\\Authenticate->unauthenticated(Object(Illuminate\\Http\\Request), Array)
#6 /home/umgroupc/public_html/inventory.umgroup.com.my/vendor/laravel/framework/src/Illuminate/Auth/Middleware/Authenticate.php(61): Illuminate\\Auth\\Middleware\\Authenticate->authenticate(Object(Illuminate\\Http\\Request), Array)
#7 /home/umgroupc/public_html/inventory.umgroup.com.my/vendor/laravel/framework/src/Illuminate/Pipeline/Pipeline.php(208): Illuminate\\Auth\\Middleware\\Authenticate->handle(Object(Illuminate\\Http\\Request), Object(Closure), 'sanctum')
#8 /home/umgroupc/public_html/inventory.umgroup.com.my/vendor/laravel/framework/src/Illuminate/Pipeline/Pipeline.php(126): Illuminate\\Pipeline\\Pipeline->Illuminate\\Pipeline\\{closure}(Object(Illuminate\\Http\\Request))
#9 /home/umgroupc/public_html/inventory.umgroup.com.my/vendor/laravel/framework/src/Illuminate/Routing/Router.php(807): Illuminate\\Pipeline\\Pipeline->then(Object(Closure))
#10 /home/umgroupc/public_html/inventory.umgroup.com.my/vendor/laravel/framework/src/Illuminate/Routing/Router.php(786): Illuminate\\Routing\\Router->runRouteWithinStack(Object(Illuminate\\Routing\\Route), Object(Illuminate\\Http\\Request))
#11 /home/umgroupc/public_html/inventory.umgroup.com.my/vendor/laravel/framework/src/Illuminate/Routing/Router.php(750): Illuminate\\Routing\\Router->runRoute(Object(Illuminate\\Http\\Request), Object(Illuminate\\Routing\\Route))
#12 /home/umgroupc/public_html/inventory.umgroup.com.my/vendor/laravel/framework/src/Illuminate/Routing/Router.php(739): Illuminate\\Routing\\Router->dispatchToRoute(Object(Illuminate\\Http\\Request))
#13 /home/umgroupc/public_html/inventory.umgroup.com.my/vendor/laravel/framework/src/Illuminate/Foundation/Http/Kernel.php(200): Illuminate\\Routing\\Router->dispatch(Object(Illuminate\\Http\\Request))
#14 /home/umgroupc/public_html/inventory.umgroup.com.my/vendor/laravel/framework/src/Illuminate/Pipeline/Pipeline.php(169): Illuminate\\Foundation\\Http\\Kernel->Illuminate\\Foundation\\Http\\{closure}(Object(Illuminate\\Http\\Request))
#15 /home/umgroupc/public_html/inventory.umgroup.com.my/vendor/laravel/framework/src/Illuminate/Foundation/Http/Middleware/TransformsRequest.php(21): Illuminate\\Pipeline\\Pipeline->Illuminate\\Pipeline\\{closure}(Object(Illuminate\\Http\\Request))
#16 /home/umgroupc/public_html/inventory.umgroup.com.my/vendor/laravel/framework/src/Illuminate/Foundation/Http/Middleware/ConvertEmptyStringsToNull.php(31): Illuminate\\Foundation\\Http\\Middleware\\TransformsRequest->handle(Object(Illuminate\\Http\\Request), Object(Closure))
#17 /home/umgroupc/public_html/inventory.umgroup.com.my/vendor/laravel/framework/src/Illuminate/Pipeline/Pipeline.php(208): Illuminate\\Foundation\\Http\\Middleware\\ConvertEmptyStringsToNull->handle(Object(Illuminate\\Http\\Request), Object(Closure))
#18 /home/umgroupc/public_html/inventory.umgroup.com.my/vendor/laravel/framework/src/Illuminate/Foundation/Http/Middleware/TransformsRequest.php(21): Illuminate\\Pipeline\\Pipeline->Illuminate\\Pipeline\\{closure}(Object(Illuminate\\Http\\Request))
#19 /home/umgroupc/public_html/inventory.umgroup.com.my/vendor/laravel/framework/src/Illuminate/Foundation/Http/Middleware/TrimStrings.php(51): Illuminate\\Foundation\\Http\\Middleware\\TransformsRequest->handle(Object(Illuminate\\Http\\Request), Object(Closure))
#20 /home/umgroupc/public_html/inventory.umgroup.com.my/vendor/laravel/framework/src/Illuminate/Pipeline/Pipeline.php(208): Illuminate\\Foundation\\Http\\Middleware\\TrimStrings->handle(Object(Illuminate\\Http\\Request), Object(Closure))
#21 /home/umgroupc/public_html/inventory.umgroup.com.my/vendor/laravel/framework/src/Illuminate/Http/Middleware/ValidatePostSize.php(27): Illuminate\\Pipeline\\Pipeline->Illuminate\\Pipeline\\{closure}(Object(Illuminate\\Http\\Request))
#22 /home/umgroupc/public_html/inventory.umgroup.com.my/vendor/laravel/framework/src/Illuminate/Pipeline/Pipeline.php(208): Illuminate\\Http\\Middleware\\ValidatePostSize->handle(Object(Illuminate\\Http\\Request), Object(Closure))
#23 /home/umgroupc/public_html/inventory.umgroup.com.my/vendor/laravel/framework/src/Illuminate/Foundation/Http/Middleware/PreventRequestsDuringMaintenance.php(109): Illuminate\\Pipeline\\Pipeline->Illuminate\\Pipeline\\{closure}(Object(Illuminate\\Http\\Request))
#24 /home/umgroupc/public_html/inventory.umgroup.com.my/vendor/laravel/framework/src/Illuminate/Pipeline/Pipeline.php(208): Illuminate\\Foundation\\Http\\Middleware\\PreventRequestsDuringMaintenance->handle(Object(Illuminate\\Http\\Request), Object(Closure))
#25 /home/umgroupc/public_html/inventory.umgroup.com.my/vendor/laravel/framework/src/Illuminate/Http/Middleware/HandleCors.php(61): Illuminate\\Pipeline\\Pipeline->Illuminate\\Pipeline\\{closure}(Object(Illuminate\\Http\\Request))
#26 /home/umgroupc/public_html/inventory.umgroup.com.my/vendor/laravel/framework/src/Illuminate/Pipeline/Pipeline.php(208): Illuminate\\Http\\Middleware\\HandleCors->handle(Object(Illuminate\\Http\\Request), Object(Closure))
#27 /home/umgroupc/public_html/inventory.umgroup.com.my/vendor/laravel/framework/src/Illuminate/Http/Middleware/TrustProxies.php(58): Illuminate\\Pipeline\\Pipeline->Illuminate\\Pipeline\\{closure}(Object(Illuminate\\Http\\Request))
#28 /home/umgroupc/public_html/inventory.umgroup.com.my/vendor/laravel/framework/src/Illuminate/Pipeline/Pipeline.php(208): Illuminate\\Http\\Middleware\\TrustProxies->handle(Object(Illuminate\\Http\\Request), Object(Closure))
#29 /home/umgroupc/public_html/inventory.umgroup.com.my/vendor/laravel/framework/src/Illuminate/Foundation/Http/Middleware/InvokeDeferredCallbacks.php(22): Illuminate\\Pipeline\\Pipeline->Illuminate\\Pipeline\\{closure}(Object(Illuminate\\Http\\Request))
#30 /home/umgroupc/public_html/inventory.umgroup.com.my/vendor/laravel/framework/src/Illuminate/Pipeline/Pipeline.php(208): Illuminate\\Foundation\\Http\\Middleware\\InvokeDeferredCallbacks->handle(Object(Illuminate\\Http\\Request), Object(Closure))
#31 /home/umgroupc/public_html/inventory.umgroup.com.my/vendor/laravel/framework/src/Illuminate/Http/Middleware/ValidatePathEncoding.php(26): Illuminate\\Pipeline\\Pipeline->Illuminate\\Pipeline\\{closure}(Object(Illuminate\\Http\\Request))
#32 /home/umgroupc/public_html/inventory.umgroup.com.my/vendor/laravel/framework/src/Illuminate/Pipeline/Pipeline.php(208): Illuminate\\Http\\Middleware\\ValidatePathEncoding->handle(Object(Illuminate\\Http\\Request), Object(Closure))
#33 /home/umgroupc/public_html/inventory.umgroup.com.my/app/Http/Middleware/Cors.php(16): Illuminate\\Pipeline\\Pipeline->Illuminate\\Pipeline\\{closure}(Object(Illuminate\\Http\\Request))
#34 /home/umgroupc/public_html/inventory.umgroup.com.my/vendor/laravel/framework/src/Illuminate/Pipeline/Pipeline.php(208): App\\Http\\Middleware\\Cors->handle(Object(Illuminate\\Http\\Request), Object(Closure))
#35 /home/umgroupc/public_html/inventory.umgroup.com.my/vendor/laravel/framework/src/Illuminate/Pipeline/Pipeline.php(126): Illuminate\\Pipeline\\Pipeline->Illuminate\\Pipeline\\{closure}(Object(Illuminate\\Http\\Request))
#36 /home/umgroupc/public_html/inventory.umgroup.com.my/vendor/laravel/framework/src/Illuminate/Foundation/Http/Kernel.php(175): Illuminate\\Pipeline\\Pipeline->then(Object(Closure))
#37 /home/umgroupc/public_html/inventory.umgroup.com.my/vendor/laravel/framework/src/Illuminate/Foundation/Http/Kernel.php(144): Illuminate\\Foundation\\Http\\Kernel->sendRequestThroughRouter(Object(Illuminate\\Http\\Request))
#38 /home/umgroupc/public_html/inventory.umgroup.com.my/vendor/laravel/framework/src/Illuminate/Foundation/Application.php(1219): Illuminate\\Foundation\\Http\\Kernel->handle(Object(Illuminate\\Http\\Request))
#39 /home/umgroupc/public_html/inventory.umgroup.com.my/public/index.php(20): Illuminate\\Foundation\\Application->handleRequest(Object(Illuminate\\Http\\Request))
#40 {main}
"} 
[2026-01-06 01:21:40] local.ERROR: Route [login] not defined. {"exception":"[object] (Symfony\\Component\\Routing\\Exception\\RouteNotFoundException(code: 0): Route [login] not defined. at /home/umgroupc/public_html/inventory.umgroup.com.my/vendor/laravel/framework/src/Illuminate/Routing/UrlGenerator.php:526)
[stacktrace]
#0 /home/umgroupc/public_html/inventory.umgroup.com.my/vendor/laravel/framework/src/Illuminate/Foundation/helpers.php(856): Illuminate\\Routing\\UrlGenerator->route('login', Array, true)
#1 /home/umgroupc/public_html/inventory.umgroup.com.my/vendor/laravel/framework/src/Illuminate/Foundation/Configuration/ApplicationBuilder.php(278): route('login')
#2 [internal function]: Illuminate\\Foundation\\Configuration\\ApplicationBuilder->Illuminate\\Foundation\\Configuration\\{closure}(Object(Illuminate\\Http\\Request))
#3 /home/umgroupc/public_html/inventory.umgroup.com.my/vendor/laravel/framework/src/Illuminate/Auth/Middleware/Authenticate.php(117): call_user_func(Object(Closure), Object(Illuminate\\Http\\Request))
#4 /home/umgroupc/public_html/inventory.umgroup.com.my/vendor/laravel/framework/src/Illuminate/Auth/Middleware/Authenticate.php(104): Illuminate\\Auth\\Middleware\\Authenticate->redirectTo(Object(Illuminate\\Http\\Request))
#5 /home/umgroupc/public_html/inventory.umgroup.com.my/vendor/laravel/framework/src/Illuminate/Auth/Middleware/Authenticate.php(87): Illuminate\\Auth\\Middleware\\Authenticate->unauthenticated(Object(Illuminate\\Http\\Request), Array)
#6 /home/umgroupc/public_html/inventory.umgroup.com.my/vendor/laravel/framework/src/Illuminate/Auth/Middleware/Authenticate.php(61): Illuminate\\Auth\\Middleware\\Authenticate->authenticate(Object(Illuminate\\Http\\Request), Array)
#7 /home/umgroupc/public_html/inventory.umgroup.com.my/vendor/laravel/framework/src/Illuminate/Pipeline/Pipeline.php(208): Illuminate\\Auth\\Middleware\\Authenticate->handle(Object(Illuminate\\Http\\Request), Object(Closure), 'sanctum')
#8 /home/umgroupc/public_html/inventory.umgroup.com.my/vendor/laravel/framework/src/Illuminate/Pipeline/Pipeline.php(126): Illuminate\\Pipeline\\Pipeline->Illuminate\\Pipeline\\{closure}(Object(Illuminate\\Http\\Request))
#9 /home/umgroupc/public_html/inventory.umgroup.com.my/vendor/laravel/framework/src/Illuminate/Routing/Router.php(807): Illuminate\\Pipeline\\Pipeline->then(Object(Closure))
#10 /home/umgroupc/public_html/inventory.umgroup.com.my/vendor/laravel/framework/src/Illuminate/Routing/Router.php(786): Illuminate\\Routing\\Router->runRouteWithinStack(Object(Illuminate\\Routing\\Route), Object(Illuminate\\Http\\Request))
#11 /home/umgroupc/public_html/inventory.umgroup.com.my/vendor/laravel/framework/src/Illuminate/Routing/Router.php(750): Illuminate\\Routing\\Router->runRoute(Object(Illuminate\\Http\\Request), Object(Illuminate\\Routing\\Route))
#12 /home/umgroupc/public_html/inventory.umgroup.com.my/vendor/laravel/framework/src/Illuminate/Routing/Router.php(739): Illuminate\\Routing\\Router->dispatchToRoute(Object(Illuminate\\Http\\Request))
#13 /home/umgroupc/public_html/inventory.umgroup.com.my/vendor/laravel/framework/src/Illuminate/Foundation/Http/Kernel.php(200): Illuminate\\Routing\\Router->dispatch(Object(Illuminate\\Http\\Request))
#14 /home/umgroupc/public_html/inventory.umgroup.com.my/vendor/laravel/framework/src/Illuminate/Pipeline/Pipeline.php(169): Illuminate\\Foundation\\Http\\Kernel->Illuminate\\Foundation\\Http\\{closure}(Object(Illuminate\\Http\\Request))
#15 /home/umgroupc/public_html/inventory.umgroup.com.my/vendor/laravel/framework/src/Illuminate/Foundation/Http/Middleware/TransformsRequest.php(21): Illuminate\\Pipeline\\Pipeline->Illuminate\\Pipeline\\{closure}(Object(Illuminate\\Http\\Request))
#16 /home/umgroupc/public_html/inventory.umgroup.com.my/vendor/laravel/framework/src/Illuminate/Foundation/Http/Middleware/ConvertEmptyStringsToNull.php(31): Illuminate\\Foundation\\Http\\Middleware\\TransformsRequest->handle(Object(Illuminate\\Http\\Request), Object(Closure))
#17 /home/umgroupc/public_html/inventory.umgroup.com.my/vendor/laravel/framework/src/Illuminate/Pipeline/Pipeline.php(208): Illuminate\\Foundation\\Http\\Middleware\\ConvertEmptyStringsToNull->handle(Object(Illuminate\\Http\\Request), Object(Closure))
#18 /home/umgroupc/public_html/inventory.umgroup.com.my/vendor/laravel/framework/src/Illuminate/Foundation/Http/Middleware/TransformsRequest.php(21): Illuminate\\Pipeline\\Pipeline->Illuminate\\Pipeline\\{closure}(Object(Illuminate\\Http\\Request))
#19 /home/umgroupc/public_html/inventory.umgroup.com.my/vendor/laravel/framework/src/Illuminate/Foundation/Http/Middleware/TrimStrings.php(51): Illuminate\\Foundation\\Http\\Middleware\\TransformsRequest->handle(Object(Illuminate\\Http\\Request), Object(Closure))
#20 /home/umgroupc/public_html/inventory.umgroup.com.my/vendor/laravel/framework/src/Illuminate/Pipeline/Pipeline.php(208): Illuminate\\Foundation\\Http\\Middleware\\TrimStrings->handle(Object(Illuminate\\Http\\Request), Object(Closure))
#21 /home/umgroupc/public_html/inventory.umgroup.com.my/vendor/laravel/framework/src/Illuminate/Http/Middleware/ValidatePostSize.php(27): Illuminate\\Pipeline\\Pipeline->Illuminate\\Pipeline\\{closure}(Object(Illuminate\\Http\\Request))
#22 /home/umgroupc/public_html/inventory.umgroup.com.my/vendor/laravel/framework/src/Illuminate/Pipeline/Pipeline.php(208): Illuminate\\Http\\Middleware\\ValidatePostSize->handle(Object(Illuminate\\Http\\Request), Object(Closure))
#23 /home/umgroupc/public_html/inventory.umgroup.com.my/vendor/laravel/framework/src/Illuminate/Foundation/Http/Middleware/PreventRequestsDuringMaintenance.php(109): Illuminate\\Pipeline\\Pipeline->Illuminate\\Pipeline\\{closure}(Object(Illuminate\\Http\\Request))
#24 /home/umgroupc/public_html/inventory.umgroup.com.my/vendor/laravel/framework/src/Illuminate/Pipeline/Pipeline.php(208): Illuminate\\Foundation\\Http\\Middleware\\PreventRequestsDuringMaintenance->handle(Object(Illuminate\\Http\\Request), Object(Closure))
#25 /home/umgroupc/public_html/inventory.umgroup.com.my/vendor/laravel/framework/src/Illuminate/Http/Middleware/HandleCors.php(61): Illuminate\\Pipeline\\Pipeline->Illuminate\\Pipeline\\{closure}(Object(Illuminate\\Http\\Request))
#26 /home/umgroupc/public_html/inventory.umgroup.com.my/vendor/laravel/framework/src/Illuminate/Pipeline/Pipeline.php(208): Illuminate\\Http\\Middleware\\HandleCors->handle(Object(Illuminate\\Http\\Request), Object(Closure))
#27 /home/umgroupc/public_html/inventory.umgroup.com.my/vendor/laravel/framework/src/Illuminate/Http/Middleware/TrustProxies.php(58): Illuminate\\Pipeline\\Pipeline->Illuminate\\Pipeline\\{closure}(Object(Illuminate\\Http\\Request))
#28 /home/umgroupc/public_html/inventory.umgroup.com.my/vendor/laravel/framework/src/Illuminate/Pipeline/Pipeline.php(208): Illuminate\\Http\\Middleware\\TrustProxies->handle(Object(Illuminate\\Http\\Request), Object(Closure))
#29 /home/umgroupc/public_html/inventory.umgroup.com.my/vendor/laravel/framework/src/Illuminate/Foundation/Http/Middleware/InvokeDeferredCallbacks.php(22): Illuminate\\Pipeline\\Pipeline->Illuminate\\Pipeline\\{closure}(Object(Illuminate\\Http\\Request))
#30 /home/umgroupc/public_html/inventory.umgroup.com.my/vendor/laravel/framework/src/Illuminate/Pipeline/Pipeline.php(208): Illuminate\\Foundation\\Http\\Middleware\\InvokeDeferredCallbacks->handle(Object(Illuminate\\Http\\Request), Object(Closure))
#31 /home/umgroupc/public_html/inventory.umgroup.com.my/vendor/laravel/framework/src/Illuminate/Http/Middleware/ValidatePathEncoding.php(26): Illuminate\\Pipeline\\Pipeline->Illuminate\\Pipeline\\{closure}(Object(Illuminate\\Http\\Request))
#32 /home/umgroupc/public_html/inventory.umgroup.com.my/vendor/laravel/framework/src/Illuminate/Pipeline/Pipeline.php(208): Illuminate\\Http\\Middleware\\ValidatePathEncoding->handle(Object(Illuminate\\Http\\Request), Object(Closure))
#33 /home/umgroupc/public_html/inventory.umgroup.com.my/app/Http/Middleware/Cors.php(16): Illuminate\\Pipeline\\Pipeline->Illuminate\\Pipeline\\{closure}(Object(Illuminate\\Http\\Request))
#34 /home/umgroupc/public_html/inventory.umgroup.com.my/vendor/laravel/framework/src/Illuminate/Pipeline/Pipeline.php(208): App\\Http\\Middleware\\Cors->handle(Object(Illuminate\\Http\\Request), Object(Closure))
#35 /home/umgroupc/public_html/inventory.umgroup.com.my/vendor/laravel/framework/src/Illuminate/Pipeline/Pipeline.php(126): Illuminate\\Pipeline\\Pipeline->Illuminate\\Pipeline\\{closure}(Object(Illuminate\\Http\\Request))
#36 /home/umgroupc/public_html/inventory.umgroup.com.my/vendor/laravel/framework/src/Illuminate/Foundation/Http/Kernel.php(175): Illuminate\\Pipeline\\Pipeline->then(Object(Closure))
#37 /home/umgroupc/public_html/inventory.umgroup.com.my/vendor/laravel/framework/src/Illuminate/Foundation/Http/Kernel.php(144): Illuminate\\Foundation\\Http\\Kernel->sendRequestThroughRouter(Object(Illuminate\\Http\\Request))
#38 /home/umgroupc/public_html/inventory.umgroup.com.my/vendor/laravel/framework/src/Illuminate/Foundation/Application.php(1219): Illuminate\\Foundation\\Http\\Kernel->handle(Object(Illuminate\\Http\\Request))
#39 /home/umgroupc/public_html/inventory.umgroup.com.my/public/index.php(20): Illuminate\\Foundation\\Application->handleRequest(Object(Illuminate\\Http\\Request))
#40 {main}
"} 
[2026-01-06 01:24:55] local.ERROR: Route [login] not defined. {"exception":"[object] (Symfony\\Component\\Routing\\Exception\\RouteNotFoundException(code: 0): Route [login] not defined. at /home/umgroupc/public_html/inventory.umgroup.com.my/vendor/laravel/framework/src/Illuminate/Routing/UrlGenerator.php:526)
[stacktrace]
#0 /home/umgroupc/public_html/inventory.umgroup.com.my/vendor/laravel/framework/src/Illuminate/Foundation/helpers.php(856): Illuminate\\Routing\\UrlGenerator->route('login', Array, true)
#1 /home/umgroupc/public_html/inventory.umgroup.com.my/vendor/laravel/framework/src/Illuminate/Foundation/Configuration/ApplicationBuilder.php(278): route('login')
#2 [internal function]: Illuminate\\Foundation\\Configuration\\ApplicationBuilder->Illuminate\\Foundation\\Configuration\\{closure}(Object(Illuminate\\Http\\Request))
#3 /home/umgroupc/public_html/inventory.umgroup.com.my/vendor/laravel/framework/src/Illuminate/Auth/Middleware/Authenticate.php(117): call_user_func(Object(Closure), Object(Illuminate\\Http\\Request))
#4 /home/umgroupc/public_html/inventory.umgroup.com.my/vendor/laravel/framework/src/Illuminate/Auth/Middleware/Authenticate.php(104): Illuminate\\Auth\\Middleware\\Authenticate->redirectTo(Object(Illuminate\\Http\\Request))
#5 /home/umgroupc/public_html/inventory.umgroup.com.my/vendor/laravel/framework/src/Illuminate/Auth/Middleware/Authenticate.php(87): Illuminate\\Auth\\Middleware\\Authenticate->unauthenticated(Object(Illuminate\\Http\\Request), Array)
#6 /home/umgroupc/public_html/inventory.umgroup.com.my/vendor/laravel/framework/src/Illuminate/Auth/Middleware/Authenticate.php(61): Illuminate\\Auth\\Middleware\\Authenticate->authenticate(Object(Illuminate\\Http\\Request), Array)
#7 /home/umgroupc/public_html/inventory.umgroup.com.my/vendor/laravel/framework/src/Illuminate/Pipeline/Pipeline.php(208): Illuminate\\Auth\\Middleware\\Authenticate->handle(Object(Illuminate\\Http\\Request), Object(Closure), 'sanctum')
#8 /home/umgroupc/public_html/inventory.umgroup.com.my/vendor/laravel/framework/src/Illuminate/Pipeline/Pipeline.php(126): Illuminate\\Pipeline\\Pipeline->Illuminate\\Pipeline\\{closure}(Object(Illuminate\\Http\\Request))
#9 /home/umgroupc/public_html/inventory.umgroup.com.my/vendor/laravel/framework/src/Illuminate/Routing/Router.php(807): Illuminate\\Pipeline\\Pipeline->then(Object(Closure))
#10 /home/umgroupc/public_html/inventory.umgroup.com.my/vendor/laravel/framework/src/Illuminate/Routing/Router.php(786): Illuminate\\Routing\\Router->runRouteWithinStack(Object(Illuminate\\Routing\\Route), Object(Illuminate\\Http\\Request))
#11 /home/umgroupc/public_html/inventory.umgroup.com.my/vendor/laravel/framework/src/Illuminate/Routing/Router.php(750): Illuminate\\Routing\\Router->runRoute(Object(Illuminate\\Http\\Request), Object(Illuminate\\Routing\\Route))
#12 /home/umgroupc/public_html/inventory.umgroup.com.my/vendor/laravel/framework/src/Illuminate/Routing/Router.php(739): Illuminate\\Routing\\Router->dispatchToRoute(Object(Illuminate\\Http\\Request))
#13 /home/umgroupc/public_html/inventory.umgroup.com.my/vendor/laravel/framework/src/Illuminate/Foundation/Http/Kernel.php(200): Illuminate\\Routing\\Router->dispatch(Object(Illuminate\\Http\\Request))
#14 /home/umgroupc/public_html/inventory.umgroup.com.my/vendor/laravel/framework/src/Illuminate/Pipeline/Pipeline.php(169): Illuminate\\Foundation\\Http\\Kernel->Illuminate\\Foundation\\Http\\{closure}(Object(Illuminate\\Http\\Request))
#15 /home/umgroupc/public_html/inventory.umgroup.com.my/vendor/laravel/framework/src/Illuminate/Foundation/Http/Middleware/TransformsRequest.php(21): Illuminate\\Pipeline\\Pipeline->Illuminate\\Pipeline\\{closure}(Object(Illuminate\\Http\\Request))
#16 /home/umgroupc/public_html/inventory.umgroup.com.my/vendor/laravel/framework/src/Illuminate/Foundation/Http/Middleware/ConvertEmptyStringsToNull.php(31): Illuminate\\Foundation\\Http\\Middleware\\TransformsRequest->handle(Object(Illuminate\\Http\\Request), Object(Closure))
#17 /home/umgroupc/public_html/inventory.umgroup.com.my/vendor/laravel/framework/src/Illuminate/Pipeline/Pipeline.php(208): Illuminate\\Foundation\\Http\\Middleware\\ConvertEmptyStringsToNull->handle(Object(Illuminate\\Http\\Request), Object(Closure))
#18 /home/umgroupc/public_html/inventory.umgroup.com.my/vendor/laravel/framework/src/Illuminate/Foundation/Http/Middleware/TransformsRequest.php(21): Illuminate\\Pipeline\\Pipeline->Illuminate\\Pipeline\\{closure}(Object(Illuminate\\Http\\Request))
#19 /home/umgroupc/public_html/inventory.umgroup.com.my/vendor/laravel/framework/src/Illuminate/Foundation/Http/Middleware/TrimStrings.php(51): Illuminate\\Foundation\\Http\\Middleware\\TransformsRequest->handle(Object(Illuminate\\Http\\Request), Object(Closure))
#20 /home/umgroupc/public_html/inventory.umgroup.com.my/vendor/laravel/framework/src/Illuminate/Pipeline/Pipeline.php(208): Illuminate\\Foundation\\Http\\Middleware\\TrimStrings->handle(Object(Illuminate\\Http\\Request), Object(Closure))
#21 /home/umgroupc/public_html/inventory.umgroup.com.my/vendor/laravel/framework/src/Illuminate/Http/Middleware/ValidatePostSize.php(27): Illuminate\\Pipeline\\Pipeline->Illuminate\\Pipeline\\{closure}(Object(Illuminate\\Http\\Request))
#22 /home/umgroupc/public_html/inventory.umgroup.com.my/vendor/laravel/framework/src/Illuminate/Pipeline/Pipeline.php(208): Illuminate\\Http\\Middleware\\ValidatePostSize->handle(Object(Illuminate\\Http\\Request), Object(Closure))
#23 /home/umgroupc/public_html/inventory.umgroup.com.my/vendor/laravel/framework/src/Illuminate/Foundation/Http/Middleware/PreventRequestsDuringMaintenance.php(109): Illuminate\\Pipeline\\Pipeline->Illuminate\\Pipeline\\{closure}(Object(Illuminate\\Http\\Request))
#24 /home/umgroupc/public_html/inventory.umgroup.com.my/vendor/laravel/framework/src/Illuminate/Pipeline/Pipeline.php(208): Illuminate\\Foundation\\Http\\Middleware\\PreventRequestsDuringMaintenance->handle(Object(Illuminate\\Http\\Request), Object(Closure))
#25 /home/umgroupc/public_html/inventory.umgroup.com.my/vendor/laravel/framework/src/Illuminate/Http/Middleware/HandleCors.php(61): Illuminate\\Pipeline\\Pipeline->Illuminate\\Pipeline\\{closure}(Object(Illuminate\\Http\\Request))
#26 /home/umgroupc/public_html/inventory.umgroup.com.my/vendor/laravel/framework/src/Illuminate/Pipeline/Pipeline.php(208): Illuminate\\Http\\Middleware\\HandleCors->handle(Object(Illuminate\\Http\\Request), Object(Closure))
#27 /home/umgroupc/public_html/inventory.umgroup.com.my/vendor/laravel/framework/src/Illuminate/Http/Middleware/TrustProxies.php(58): Illuminate\\Pipeline\\Pipeline->Illuminate\\Pipeline\\{closure}(Object(Illuminate\\Http\\Request))
#28 /home/umgroupc/public_html/inventory.umgroup.com.my/vendor/laravel/framework/src/Illuminate/Pipeline/Pipeline.php(208): Illuminate\\Http\\Middleware\\TrustProxies->handle(Object(Illuminate\\Http\\Request), Object(Closure))
#29 /home/umgroupc/public_html/inventory.umgroup.com.my/vendor/laravel/framework/src/Illuminate/Foundation/Http/Middleware/InvokeDeferredCallbacks.php(22): Illuminate\\Pipeline\\Pipeline->Illuminate\\Pipeline\\{closure}(Object(Illuminate\\Http\\Request))
#30 /home/umgroupc/public_html/inventory.umgroup.com.my/vendor/laravel/framework/src/Illuminate/Pipeline/Pipeline.php(208): Illuminate\\Foundation\\Http\\Middleware\\InvokeDeferredCallbacks->handle(Object(Illuminate\\Http\\Request), Object(Closure))
#31 /home/umgroupc/public_html/inventory.umgroup.com.my/vendor/laravel/framework/src/Illuminate/Http/Middleware/ValidatePathEncoding.php(26): Illuminate\\Pipeline\\Pipeline->Illuminate\\Pipeline\\{closure}(Object(Illuminate\\Http\\Request))
#32 /home/umgroupc/public_html/inventory.umgroup.com.my/vendor/laravel/framework/src/Illuminate/Pipeline/Pipeline.php(208): Illuminate\\Http\\Middleware\\ValidatePathEncoding->handle(Object(Illuminate\\Http\\Request), Object(Closure))
#33 /home/umgroupc/public_html/inventory.umgroup.com.my/app/Http/Middleware/Cors.php(16): Illuminate\\Pipeline\\Pipeline->Illuminate\\Pipeline\\{closure}(Object(Illuminate\\Http\\Request))
#34 /home/umgroupc/public_html/inventory.umgroup.com.my/vendor/laravel/framework/src/Illuminate/Pipeline/Pipeline.php(208): App\\Http\\Middleware\\Cors->handle(Object(Illuminate\\Http\\Request), Object(Closure))
#35 /home/umgroupc/public_html/inventory.umgroup.com.my/vendor/laravel/framework/src/Illuminate/Pipeline/Pipeline.php(126): Illuminate\\Pipeline\\Pipeline->Illuminate\\Pipeline\\{closure}(Object(Illuminate\\Http\\Request))
#36 /home/umgroupc/public_html/inventory.umgroup.com.my/vendor/laravel/framework/src/Illuminate/Foundation/Http/Kernel.php(175): Illuminate\\Pipeline\\Pipeline->then(Object(Closure))
#37 /home/umgroupc/public_html/inventory.umgroup.com.my/vendor/laravel/framework/src/Illuminate/Foundation/Http/Kernel.php(144): Illuminate\\Foundation\\Http\\Kernel->sendRequestThroughRouter(Object(Illuminate\\Http\\Request))
#38 /home/umgroupc/public_html/inventory.umgroup.com.my/vendor/laravel/framework/src/Illuminate/Foundation/Application.php(1219): Illuminate\\Foundation\\Http\\Kernel->handle(Object(Illuminate\\Http\\Request))
#39 /home/umgroupc/public_html/inventory.umgroup.com.my/public/index.php(20): Illuminate\\Foundation\\Application->handleRequest(Object(Illuminate\\Http\\Request))
#40 {main}
"} 
[2026-01-06 01:26:13] local.ERROR: Route [login] not defined. {"exception":"[object] (Symfony\\Component\\Routing\\Exception\\RouteNotFoundException(code: 0): Route [login] not defined. at /home/umgroupc/public_html/inventory.umgroup.com.my/vendor/laravel/framework/src/Illuminate/Routing/UrlGenerator.php:526)
[stacktrace]
#0 /home/umgroupc/public_html/inventory.umgroup.com.my/vendor/laravel/framework/src/Illuminate/Foundation/helpers.php(856): Illuminate\\Routing\\UrlGenerator->route('login', Array, true)
#1 /home/umgroupc/public_html/inventory.umgroup.com.my/vendor/laravel/framework/src/Illuminate/Foundation/Configuration/ApplicationBuilder.php(278): route('login')
#2 [internal function]: Illuminate\\Foundation\\Configuration\\ApplicationBuilder->Illuminate\\Foundation\\Configuration\\{closure}(Object(Illuminate\\Http\\Request))
#3 /home/umgroupc/public_html/inventory.umgroup.com.my/vendor/laravel/framework/src/Illuminate/Auth/Middleware/Authenticate.php(117): call_user_func(Object(Closure), Object(Illuminate\\Http\\Request))
#4 /home/umgroupc/public_html/inventory.umgroup.com.my/vendor/laravel/framework/src/Illuminate/Auth/Middleware/Authenticate.php(104): Illuminate\\Auth\\Middleware\\Authenticate->redirectTo(Object(Illuminate\\Http\\Request))
#5 /home/umgroupc/public_html/inventory.umgroup.com.my/vendor/laravel/framework/src/Illuminate/Auth/Middleware/Authenticate.php(87): Illuminate\\Auth\\Middleware\\Authenticate->unauthenticated(Object(Illuminate\\Http\\Request), Array)
#6 /home/umgroupc/public_html/inventory.umgroup.com.my/vendor/laravel/framework/src/Illuminate/Auth/Middleware/Authenticate.php(61): Illuminate\\Auth\\Middleware\\Authenticate->authenticate(Object(Illuminate\\Http\\Request), Array)
#7 /home/umgroupc/public_html/inventory.umgroup.com.my/vendor/laravel/framework/src/Illuminate/Pipeline/Pipeline.php(208): Illuminate\\Auth\\Middleware\\Authenticate->handle(Object(Illuminate\\Http\\Request), Object(Closure), 'sanctum')
#8 /home/umgroupc/public_html/inventory.umgroup.com.my/vendor/laravel/framework/src/Illuminate/Pipeline/Pipeline.php(126): Illuminate\\Pipeline\\Pipeline->Illuminate\\Pipeline\\{closure}(Object(Illuminate\\Http\\Request))
#9 /home/umgroupc/public_html/inventory.umgroup.com.my/vendor/laravel/framework/src/Illuminate/Routing/Router.php(807): Illuminate\\Pipeline\\Pipeline->then(Object(Closure))
#10 /home/umgroupc/public_html/inventory.umgroup.com.my/vendor/laravel/framework/src/Illuminate/Routing/Router.php(786): Illuminate\\Routing\\Router->runRouteWithinStack(Object(Illuminate\\Routing\\Route), Object(Illuminate\\Http\\Request))
#11 /home/umgroupc/public_html/inventory.umgroup.com.my/vendor/laravel/framework/src/Illuminate/Routing/Router.php(750): Illuminate\\Routing\\Router->runRoute(Object(Illuminate\\Http\\Request), Object(Illuminate\\Routing\\Route))
#12 /home/umgroupc/public_html/inventory.umgroup.com.my/vendor/laravel/framework/src/Illuminate/Routing/Router.php(739): Illuminate\\Routing\\Router->dispatchToRoute(Object(Illuminate\\Http\\Request))
#13 /home/umgroupc/public_html/inventory.umgroup.com.my/vendor/laravel/framework/src/Illuminate/Foundation/Http/Kernel.php(200): Illuminate\\Routing\\Router->dispatch(Object(Illuminate\\Http\\Request))
#14 /home/umgroupc/public_html/inventory.umgroup.com.my/vendor/laravel/framework/src/Illuminate/Pipeline/Pipeline.php(169): Illuminate\\Foundation\\Http\\Kernel->Illuminate\\Foundation\\Http\\{closure}(Object(Illuminate\\Http\\Request))
#15 /home/umgroupc/public_html/inventory.umgroup.com.my/vendor/laravel/framework/src/Illuminate/Foundation/Http/Middleware/TransformsRequest.php(21): Illuminate\\Pipeline\\Pipeline->Illuminate\\Pipeline\\{closure}(Object(Illuminate\\Http\\Request))
#16 /home/umgroupc/public_html/inventory.umgroup.com.my/vendor/laravel/framework/src/Illuminate/Foundation/Http/Middleware/ConvertEmptyStringsToNull.php(31): Illuminate\\Foundation\\Http\\Middleware\\TransformsRequest->handle(Object(Illuminate\\Http\\Request), Object(Closure))
#17 /home/umgroupc/public_html/inventory.umgroup.com.my/vendor/laravel/framework/src/Illuminate/Pipeline/Pipeline.php(208): Illuminate\\Foundation\\Http\\Middleware\\ConvertEmptyStringsToNull->handle(Object(Illuminate\\Http\\Request), Object(Closure))
#18 /home/umgroupc/public_html/inventory.umgroup.com.my/vendor/laravel/framework/src/Illuminate/Foundation/Http/Middleware/TransformsRequest.php(21): Illuminate\\Pipeline\\Pipeline->Illuminate\\Pipeline\\{closure}(Object(Illuminate\\Http\\Request))
#19 /home/umgroupc/public_html/inventory.umgroup.com.my/vendor/laravel/framework/src/Illuminate/Foundation/Http/Middleware/TrimStrings.php(51): Illuminate\\Foundation\\Http\\Middleware\\TransformsRequest->handle(Object(Illuminate\\Http\\Request), Object(Closure))
#20 /home/umgroupc/public_html/inventory.umgroup.com.my/vendor/laravel/framework/src/Illuminate/Pipeline/Pipeline.php(208): Illuminate\\Foundation\\Http\\Middleware\\TrimStrings->handle(Object(Illuminate\\Http\\Request), Object(Closure))
#21 /home/umgroupc/public_html/inventory.umgroup.com.my/vendor/laravel/framework/src/Illuminate/Http/Middleware/ValidatePostSize.php(27): Illuminate\\Pipeline\\Pipeline->Illuminate\\Pipeline\\{closure}(Object(Illuminate\\Http\\Request))
#22 /home/umgroupc/public_html/inventory.umgroup.com.my/vendor/laravel/framework/src/Illuminate/Pipeline/Pipeline.php(208): Illuminate\\Http\\Middleware\\ValidatePostSize->handle(Object(Illuminate\\Http\\Request), Object(Closure))
#23 /home/umgroupc/public_html/inventory.umgroup.com.my/vendor/laravel/framework/src/Illuminate/Foundation/Http/Middleware/PreventRequestsDuringMaintenance.php(109): Illuminate\\Pipeline\\Pipeline->Illuminate\\Pipeline\\{closure}(Object(Illuminate\\Http\\Request))
#24 /home/umgroupc/public_html/inventory.umgroup.com.my/vendor/laravel/framework/src/Illuminate/Pipeline/Pipeline.php(208): Illuminate\\Foundation\\Http\\Middleware\\PreventRequestsDuringMaintenance->handle(Object(Illuminate\\Http\\Request), Object(Closure))
#25 /home/umgroupc/public_html/inventory.umgroup.com.my/vendor/laravel/framework/src/Illuminate/Http/Middleware/HandleCors.php(61): Illuminate\\Pipeline\\Pipeline->Illuminate\\Pipeline\\{closure}(Object(Illuminate\\Http\\Request))
#26 /home/umgroupc/public_html/inventory.umgroup.com.my/vendor/laravel/framework/src/Illuminate/Pipeline/Pipeline.php(208): Illuminate\\Http\\Middleware\\HandleCors->handle(Object(Illuminate\\Http\\Request), Object(Closure))
#27 /home/umgroupc/public_html/inventory.umgroup.com.my/vendor/laravel/framework/src/Illuminate/Http/Middleware/TrustProxies.php(58): Illuminate\\Pipeline\\Pipeline->Illuminate\\Pipeline\\{closure}(Object(Illuminate\\Http\\Request))
#28 /home/umgroupc/public_html/inventory.umgroup.com.my/vendor/laravel/framework/src/Illuminate/Pipeline/Pipeline.php(208): Illuminate\\Http\\Middleware\\TrustProxies->handle(Object(Illuminate\\Http\\Request), Object(Closure))
#29 /home/umgroupc/public_html/inventory.umgroup.com.my/vendor/laravel/framework/src/Illuminate/Foundation/Http/Middleware/InvokeDeferredCallbacks.php(22): Illuminate\\Pipeline\\Pipeline->Illuminate\\Pipeline\\{closure}(Object(Illuminate\\Http\\Request))
#30 /home/umgroupc/public_html/inventory.umgroup.com.my/vendor/laravel/framework/src/Illuminate/Pipeline/Pipeline.php(208): Illuminate\\Foundation\\Http\\Middleware\\InvokeDeferredCallbacks->handle(Object(Illuminate\\Http\\Request), Object(Closure))
#31 /home/umgroupc/public_html/inventory.umgroup.com.my/vendor/laravel/framework/src/Illuminate/Http/Middleware/ValidatePathEncoding.php(26): Illuminate\\Pipeline\\Pipeline->Illuminate\\Pipeline\\{closure}(Object(Illuminate\\Http\\Request))
#32 /home/umgroupc/public_html/inventory.umgroup.com.my/vendor/laravel/framework/src/Illuminate/Pipeline/Pipeline.php(208): Illuminate\\Http\\Middleware\\ValidatePathEncoding->handle(Object(Illuminate\\Http\\Request), Object(Closure))
#33 /home/umgroupc/public_html/inventory.umgroup.com.my/app/Http/Middleware/Cors.php(16): Illuminate\\Pipeline\\Pipeline->Illuminate\\Pipeline\\{closure}(Object(Illuminate\\Http\\Request))
#34 /home/umgroupc/public_html/inventory.umgroup.com.my/vendor/laravel/framework/src/Illuminate/Pipeline/Pipeline.php(208): App\\Http\\Middleware\\Cors->handle(Object(Illuminate\\Http\\Request), Object(Closure))
#35 /home/umgroupc/public_html/inventory.umgroup.com.my/vendor/laravel/framework/src/Illuminate/Pipeline/Pipeline.php(126): Illuminate\\Pipeline\\Pipeline->Illuminate\\Pipeline\\{closure}(Object(Illuminate\\Http\\Request))
#36 /home/umgroupc/public_html/inventory.umgroup.com.my/vendor/laravel/framework/src/Illuminate/Foundation/Http/Kernel.php(175): Illuminate\\Pipeline\\Pipeline->then(Object(Closure))
#37 /home/umgroupc/public_html/inventory.umgroup.com.my/vendor/laravel/framework/src/Illuminate/Foundation/Http/Kernel.php(144): Illuminate\\Foundation\\Http\\Kernel->sendRequestThroughRouter(Object(Illuminate\\Http\\Request))
#38 /home/umgroupc/public_html/inventory.umgroup.com.my/vendor/laravel/framework/src/Illuminate/Foundation/Application.php(1219): Illuminate\\Foundation\\Http\\Kernel->handle(Object(Illuminate\\Http\\Request))
#39 /home/umgroupc/public_html/inventory.umgroup.com.my/public/index.php(20): Illuminate\\Foundation\\Application->handleRequest(Object(Illuminate\\Http\\Request))
#40 {main}
"} 
[2026-01-12 09:08:02] local.INFO: ITEMS RECEIVED [{"asset_id":"57","asset_unit":"1","status":null,"asset_discount":"0"}] 
[2026-01-12 09:08:21] local.INFO: ITEMS RECEIVED [{"asset_id":"35","asset_unit":"1","status":null,"asset_discount":"0"}] 
[2026-01-12 09:09:11] local.INFO: ITEMS RECEIVED [{"asset_id":"57","asset_unit":"1","status":null,"asset_discount":"0"}] 
[2026-01-12 09:09:26] local.INFO: ITEMS RECEIVED [{"asset_id":"35","asset_unit":"1","status":null,"asset_discount":"0"}] 
[2026-01-12 09:10:16] local.INFO: ITEMS RECEIVED [{"asset_id":"57","asset_unit":"1","status":null,"asset_discount":"0"}] 
[2026-01-12 09:10:47] local.INFO: ITEMS RECEIVED [{"asset_id":"35","asset_unit":"1","status":null,"asset_discount":"0"}] 
[2026-01-13 00:25:55] local.INFO: ITEMS RECEIVED [{"asset_id":"24","asset_unit":"1","status":null,"asset_discount":"0"},{"asset_id":"55","asset_unit":"1","status":null,"asset_discount":"0"}] 
[2026-01-13 00:26:37] local.INFO: ITEMS RECEIVED [{"asset_id":"24","asset_unit":"1","status":null,"asset_discount":"0"},{"asset_id":"55","asset_unit":"1","status":null,"asset_discount":"0"}] 
[2026-01-13 07:50:12] local.INFO: ITEMS RECEIVED [{"asset_id":"57","asset_unit":"1","status":null,"asset_discount":"0"}] 
[2026-01-13 07:50:33] local.INFO: ITEMS RECEIVED [{"asset_id":"35","asset_unit":"1","status":null,"asset_discount":"0"}] 
[2026-01-15 03:52:47] local.INFO: ITEMS RECEIVED [{"asset_id":"193","asset_unit":"1","status":null,"asset_discount":"0"},{"asset_id":"24","asset_unit":"1","status":null,"asset_discount":"0"},{"asset_id":"175","asset_unit":"1","status":null,"asset_discount":"0"}] 
[2026-01-15 03:54:30] local.INFO: ITEMS RECEIVED [{"asset_id":"193","asset_unit":"1","status":null,"asset_discount":"0"},{"asset_id":"175","asset_unit":"1","status":null,"asset_discount":"0"},{"asset_id":"24","asset_unit":"1","status":null,"asset_discount":"0"}] 
[2026-01-15 03:55:45] local.INFO: ITEMS RECEIVED [{"asset_id":"24","asset_unit":"1","status":null,"asset_discount":"0"},{"asset_id":"175","asset_unit":"1","status":null,"asset_discount":"0"},{"asset_id":"193","asset_unit":"1","status":null,"asset_discount":"0"}] 
[2026-01-15 03:57:00] local.INFO: ITEMS RECEIVED [{"asset_id":"24","asset_unit":"1","status":null,"asset_discount":"0"},{"asset_id":"175","asset_unit":"1","status":null,"asset_discount":"0"},{"asset_id":"193","asset_unit":"1","status":null,"asset_discount":"0"}] 
[2026-01-15 03:58:08] local.INFO: ITEMS RECEIVED [{"asset_id":"24","asset_unit":"1","status":null,"asset_discount":"0"},{"asset_id":"193","asset_unit":"1","status":null,"asset_discount":"0"},{"asset_id":"175","asset_unit":"1","status":null,"asset_discount":"0"}] 
[2026-01-15 03:59:35] local.INFO: ITEMS RECEIVED [{"asset_id":"193","asset_unit":"1","status":null,"asset_discount":"0"},{"asset_id":"24","asset_unit":"1","status":null,"asset_discount":"0"},{"asset_id":"175","asset_unit":"1","status":null,"asset_discount":"0"}] 
[2026-01-15 04:01:00] local.INFO: ITEMS RECEIVED [{"asset_id":"193","asset_unit":"1","status":null,"asset_discount":"0"},{"asset_id":"24","asset_unit":"1","status":null,"asset_discount":"0"},{"asset_id":"175","asset_unit":"1","status":null,"asset_discount":"0"}] 
[2026-01-15 05:57:48] local.INFO: ITEMS RECEIVED [{"asset_id":"193","asset_unit":"1","status":null,"asset_discount":"0"},{"asset_id":"24","asset_unit":"1","status":null,"asset_discount":"0"},{"asset_id":"134","asset_unit":"1","status":null,"asset_discount":"0"}] 
[2026-01-15 05:59:12] local.INFO: ITEMS RECEIVED [{"asset_id":"193","asset_unit":"1","status":null,"asset_discount":"0"},{"asset_id":"24","asset_unit":"1","status":null,"asset_discount":"0"},{"asset_id":"134","asset_unit":"1","status":null,"asset_discount":"0"}] 
[2026-01-15 06:03:39] local.INFO: ITEMS RECEIVED [{"asset_id":"24","asset_unit":"1","status":null,"asset_discount":"0"},{"asset_id":"134","asset_unit":"1","status":null,"asset_discount":"0"},{"asset_id":"193","asset_unit":"1","status":null,"asset_discount":"0"}] 
[2026-01-15 06:11:01] local.INFO: ITEMS RECEIVED [{"asset_id":"24","asset_unit":"1","status":null,"asset_discount":"0"},{"asset_id":"193","asset_unit":"1","status":null,"asset_discount":"0"},{"asset_id":"134","asset_unit":"1","status":null,"asset_discount":"0"}] 
[2026-01-15 06:12:16] local.INFO: ITEMS RECEIVED [{"asset_id":"24","asset_unit":"1","status":null,"asset_discount":"0"},{"asset_id":"193","asset_unit":"1","status":null,"asset_discount":"0"},{"asset_id":"136","asset_unit":"1","status":null,"asset_discount":"0"}] 
[2026-01-15 09:10:46] local.INFO: ITEMS RECEIVED [{"asset_id":"193","asset_unit":"1","status":null,"asset_discount":"0"},{"asset_id":"175","asset_unit":"1","status":null,"asset_discount":"0"},{"asset_id":"55","asset_unit":"1","status":null,"asset_discount":"0"},{"asset_id":"36","asset_unit":"1","status":null,"asset_discount":"0"}] 
[2026-01-15 09:11:54] local.INFO: ITEMS RECEIVED [{"asset_id":"193","asset_unit":"1","status":null,"asset_discount":"0"},{"asset_id":"175","asset_unit":"1","status":null,"asset_discount":"0"},{"asset_id":"55","asset_unit":"1","status":null,"asset_discount":"0"},{"asset_id":"36","asset_unit":"1","status":null,"asset_discount":"0"}] 
[2026-01-15 09:12:43] local.INFO: ITEMS RECEIVED [{"asset_id":"193","asset_unit":"1","status":null,"asset_discount":"0"},{"asset_id":"175","asset_unit":"1","status":null,"asset_discount":"0"}] 
[2026-01-15 09:13:47] local.INFO: ITEMS RECEIVED [{"asset_id":"193","asset_unit":"1","status":null,"asset_discount":"0"},{"asset_id":"175","asset_unit":"1","status":null,"asset_discount":"0"}] 
[2026-01-15 09:14:34] local.INFO: ITEMS RECEIVED [{"asset_id":"193","asset_unit":"1","status":null,"asset_discount":"0"},{"asset_id":"175","asset_unit":"1","status":null,"asset_discount":"0"}] 
[2026-01-15 09:15:35] local.INFO: ITEMS RECEIVED [{"asset_id":"193","asset_unit":"1","status":null,"asset_discount":"0"},{"asset_id":"175","asset_unit":"1","status":null,"asset_discount":"0"}] 
[2026-01-16 04:26:36] local.INFO: ITEMS RECEIVED [{"asset_id":"55","asset_unit":"1","status":null,"asset_discount":"0"}] 
[2026-01-16 04:27:39] local.INFO: ITEMS RECEIVED [{"asset_id":"33","asset_unit":"1","status":null,"asset_discount":"0"}] 
[2026-01-16 04:28:30] local.INFO: ITEMS RECEIVED [{"asset_id":"55","asset_unit":"1","status":null,"asset_discount":"0"}] 
[2026-01-16 04:30:23] local.INFO: ITEMS RECEIVED [{"asset_id":"55","asset_unit":"1","status":null,"asset_discount":"0"}] 
[2026-01-16 04:35:05] local.INFO: ITEMS RECEIVED [{"asset_id":"55","asset_unit":"1","status":null,"asset_discount":"0"}] 
[2026-01-16 07:37:43] local.INFO: ITEMS RECEIVED [{"asset_id":"136","asset_unit":"1","status":null,"asset_discount":"0"},{"asset_id":"193","asset_unit":"1","status":null,"asset_discount":"0"},{"asset_id":"24","asset_unit":"1","status":null,"asset_discount":"0"}] 
[2026-01-16 07:38:31] local.INFO: ITEMS RECEIVED [{"asset_id":"136","asset_unit":"1","status":null,"asset_discount":"0"},{"asset_id":"193","asset_unit":"1","status":null,"asset_discount":"0"},{"asset_id":"24","asset_unit":"1","status":null,"asset_discount":"0"}] 
[2026-01-16 08:59:10] local.INFO: ITEMS RECEIVED [{"asset_id":"165","asset_unit":"16","status":null,"asset_discount":"0"}] 
[2026-01-17 01:26:17] local.INFO: ITEMS RECEIVED [{"asset_id":"57","asset_unit":"1","status":null,"asset_discount":"0"}] 
[2026-01-17 01:26:35] local.INFO: ITEMS RECEIVED [{"asset_id":"35","asset_unit":"1","status":null,"asset_discount":"0"}] 
[2026-01-17 01:44:11] local.INFO: ITEMS RECEIVED [{"asset_id":"57","asset_unit":"1","status":null,"asset_discount":"0"}] 
[2026-01-17 01:44:25] local.INFO: ITEMS RECEIVED [{"asset_id":"35","asset_unit":"1","status":null,"asset_discount":"0"}] 
[2026-01-17 01:45:09] local.INFO: ITEMS RECEIVED [{"asset_id":"57","asset_unit":"1","status":null,"asset_discount":"0"}] 
[2026-01-17 01:45:25] local.INFO: ITEMS RECEIVED [{"asset_id":"35","asset_unit":"1","status":null,"asset_discount":"0"}] 
[2026-01-17 04:49:27] local.INFO: ITEMS RECEIVED [{"asset_id":"55","asset_unit":"1","status":null,"asset_discount":"0"}] 
[2026-01-17 04:51:04] local.INFO: ITEMS RECEIVED [{"asset_id":"55","asset_unit":"1","status":null,"asset_discount":"0"}] 
[2026-01-17 04:59:25] local.INFO: ITEMS RECEIVED [{"asset_id":"55","asset_unit":"1","status":null,"asset_discount":"0"}] 
[2026-01-17 05:02:10] local.INFO: ITEMS RECEIVED [{"asset_id":"55","asset_unit":"1","status":null,"asset_discount":"0"}] 
[2026-01-17 05:03:45] local.INFO: ITEMS RECEIVED [{"asset_id":"30","asset_unit":"1","status":null,"asset_discount":"0"}] 
[2026-01-19 03:33:35] local.INFO: ITEMS RECEIVED [{"asset_id":"65","asset_unit":"1","status":null,"asset_discount":"0"}] 
[2026-01-19 03:34:08] local.INFO: ITEMS RECEIVED [{"asset_id":"65","asset_unit":"1","status":null,"asset_discount":"0"}] 
[2026-01-19 03:34:35] local.INFO: ITEMS RECEIVED [{"asset_id":"65","asset_unit":"1","status":null,"asset_discount":"0"}] 
[2026-01-19 03:42:56] local.INFO: ITEMS RECEIVED [{"asset_id":"27","asset_unit":"1","status":null,"asset_discount":"0"}] 
[2026-01-19 03:43:35] local.INFO: ITEMS RECEIVED [{"asset_id":"27","asset_unit":"1","status":null,"asset_discount":"0"}] 
[2026-01-19 03:44:04] local.INFO: ITEMS RECEIVED [{"asset_id":"27","asset_unit":"1","status":null,"asset_discount":"0"}] 
[2026-01-19 03:44:44] local.INFO: ITEMS RECEIVED [{"asset_id":"27","asset_unit":"1","status":null,"asset_discount":"0"}] 
[2026-01-19 03:45:27] local.INFO: ITEMS RECEIVED [{"asset_id":"27","asset_unit":"1","status":null,"asset_discount":"0"}] 
[2026-01-19 03:45:53] local.INFO: ITEMS RECEIVED [{"asset_id":"27","asset_unit":"1","status":null,"asset_discount":"0"}] 
[2026-01-19 03:47:04] local.INFO: ITEMS RECEIVED [{"asset_id":"27","asset_unit":"1","status":null,"asset_discount":"0"}] 
[2026-01-19 03:47:43] local.INFO: ITEMS RECEIVED [{"asset_id":"27","asset_unit":"1","status":null,"asset_discount":"0"}] 
[2026-01-19 03:48:13] local.INFO: ITEMS RECEIVED [{"asset_id":"27","asset_unit":"1","status":null,"asset_discount":"0"}] 
[2026-01-19 05:23:26] local.ALERT: {"username":["The username has already been taken."],"password":["The password field confirmation does not match."]}  
[2026-01-19 08:43:18] local.INFO: ITEMS RECEIVED [{"asset_id":"27","asset_unit":"1","status":null,"asset_discount":"0"}] 
[2026-01-19 08:43:55] local.INFO: ITEMS RECEIVED [{"asset_id":"27","asset_unit":"1","status":null,"asset_discount":"0"}] 
[2026-01-19 08:44:24] local.INFO: ITEMS RECEIVED [{"asset_id":"27","asset_unit":"1","status":null,"asset_discount":"0"}] 
[2026-01-19 08:44:50] local.INFO: ITEMS RECEIVED [{"asset_id":"27","asset_unit":"1","status":null,"asset_discount":"0"}] 
[2026-01-19 08:45:18] local.INFO: ITEMS RECEIVED [{"asset_id":"27","asset_unit":"1","status":null,"asset_discount":"0"}] 
[2026-01-19 08:45:45] local.INFO: ITEMS RECEIVED [{"asset_id":"27","asset_unit":"1","status":null,"asset_discount":"0"}] 
[2026-01-19 08:46:18] local.INFO: ITEMS RECEIVED [{"asset_id":"27","asset_unit":"1","status":null,"asset_discount":"0"}] 
[2026-01-19 08:46:36] local.INFO: ITEMS RECEIVED [{"asset_id":"27","asset_unit":"1","status":null,"asset_discount":"0"}] 
[2026-01-19 08:46:59] local.INFO: ITEMS RECEIVED [{"asset_id":"27","asset_unit":"1","status":null,"asset_discount":"0"}] 
[2026-01-19 08:47:24] local.INFO: ITEMS RECEIVED [{"asset_id":"27","asset_unit":"1","status":null,"asset_discount":"0"}] 
[2026-01-19 08:47:51] local.INFO: ITEMS RECEIVED [{"asset_id":"27","asset_unit":"1","status":null,"asset_discount":"0"}] 
[2026-01-19 08:48:14] local.INFO: ITEMS RECEIVED [{"asset_id":"27","asset_unit":"1","status":null,"asset_discount":"0"}] 
[2026-01-19 08:48:38] local.INFO: ITEMS RECEIVED [{"asset_id":"27","asset_unit":"1","status":null,"asset_discount":"0"}] 
[2026-01-19 08:49:15] local.INFO: ITEMS RECEIVED [{"asset_id":"27","asset_unit":"1","status":null,"asset_discount":"0"}] 
[2026-01-19 08:49:46] local.INFO: ITEMS RECEIVED [{"asset_id":"27","asset_unit":"1","status":null,"asset_discount":"0"}] 
[2026-01-19 08:50:09] local.INFO: ITEMS RECEIVED [{"asset_id":"27","asset_unit":"1","status":null,"asset_discount":"0"}] 
[2026-01-19 08:50:30] local.INFO: ITEMS RECEIVED [{"asset_id":"27","asset_unit":"1","status":null,"asset_discount":"0"}] 
[2026-01-19 08:50:49] local.INFO: ITEMS RECEIVED [{"asset_id":"27","asset_unit":"1","status":null,"asset_discount":"0"}] 
[2026-01-19 08:51:12] local.INFO: ITEMS RECEIVED [{"asset_id":"27","asset_unit":"1","status":null,"asset_discount":"0"}] 
[2026-01-19 08:51:35] local.INFO: ITEMS RECEIVED [{"asset_id":"27","asset_unit":"1","status":null,"asset_discount":"0"}] 
[2026-01-19 08:52:00] local.INFO: ITEMS RECEIVED [{"asset_id":"27","asset_unit":"1","status":null,"asset_discount":"0"}] 
[2026-01-19 08:52:22] local.INFO: ITEMS RECEIVED [{"asset_id":"27","asset_unit":"1","status":null,"asset_discount":"0"}] 
[2026-01-19 08:52:42] local.INFO: ITEMS RECEIVED [{"asset_id":"27","asset_unit":"1","status":null,"asset_discount":"0"}] 
[2026-01-19 08:53:10] local.INFO: ITEMS RECEIVED [{"asset_id":"27","asset_unit":"1","status":null,"asset_discount":"0"}] 
[2026-01-19 08:53:30] local.INFO: ITEMS RECEIVED [{"asset_id":"27","asset_unit":"1","status":null,"asset_discount":"0"}] 
[2026-01-19 08:54:00] local.INFO: ITEMS RECEIVED [{"asset_id":"27","asset_unit":"1","status":null,"asset_discount":"0"}] 
[2026-01-19 08:54:24] local.INFO: ITEMS RECEIVED [{"asset_id":"27","asset_unit":"1","status":null,"asset_discount":"0"}] 
[2026-01-19 08:54:52] local.INFO: ITEMS RECEIVED [{"asset_id":"27","asset_unit":"1","status":null,"asset_discount":"0"}] 
[2026-01-20 02:33:35] local.INFO: ITEMS RECEIVED [{"asset_id":"35","asset_unit":"1","status":null,"asset_discount":"0"}] 
[2026-01-20 02:33:55] local.INFO: ITEMS RECEIVED [{"asset_id":"57","asset_unit":"1","status":null,"asset_discount":"0"}] 
[2026-01-20 06:59:09] local.INFO: ITEMS RECEIVED [{"asset_id":"171","asset_unit":"1","status":null,"asset_discount":"0"},{"asset_id":"67","asset_unit":"1","status":null,"asset_discount":"0"},{"asset_id":"273","asset_unit":"1","status":null,"asset_discount":"0"}] 
[2026-01-20 07:05:49] local.INFO: ITEMS RECEIVED [{"asset_id":"229","asset_unit":"1","status":null,"asset_discount":"0"}] 
[2026-01-20 07:06:28] local.INFO: ITEMS RECEIVED [{"asset_id":"229","asset_unit":"1","status":null,"asset_discount":"0"}] 
[2026-01-20 07:07:01] local.INFO: ITEMS RECEIVED [{"asset_id":"229","asset_unit":"1","status":null,"asset_discount":"0"}] 
[2026-01-20 07:08:00] local.INFO: ITEMS RECEIVED [{"asset_id":"229","asset_unit":"1","status":null,"asset_discount":"0"}] 
[2026-01-20 08:43:01] local.INFO: ITEMS RECEIVED [{"asset_id":"33","asset_unit":"1","status":null,"asset_discount":"0"}] 
[2026-01-20 08:44:41] local.INFO: ITEMS RECEIVED [{"asset_id":"33","asset_unit":"1","status":null,"asset_discount":"0"}] 
[2026-01-20 08:46:02] local.INFO: ITEMS RECEIVED [{"asset_id":"55","asset_unit":"1","status":null,"asset_discount":"0"}] 
[2026-01-20 08:46:41] local.INFO: ITEMS RECEIVED [{"asset_id":"55","asset_unit":"1","status":null,"asset_discount":"0"}] 
[2026-01-20 08:48:16] local.INFO: ITEMS RECEIVED [{"asset_id":"55","asset_unit":"1","status":null,"asset_discount":"0"}] 
[2026-01-20 08:49:18] local.INFO: ITEMS RECEIVED [{"asset_id":"55","asset_unit":"1","status":null,"asset_discount":"0"}] 
[2026-01-20 08:50:24] local.INFO: ITEMS RECEIVED [{"asset_id":"55","asset_unit":"1","status":null,"asset_discount":"0"}] 
[2026-01-20 08:51:45] local.INFO: ITEMS RECEIVED [{"asset_id":"55","asset_unit":"1","status":null,"asset_discount":"0"}] 
[2026-01-20 08:53:12] local.INFO: ITEMS RECEIVED [{"asset_id":"55","asset_unit":"1","status":null,"asset_discount":"0"}] 
[2026-01-20 08:55:16] local.INFO: ITEMS RECEIVED [{"asset_id":"55","asset_unit":"1","status":null,"asset_discount":"0"}] 
[2026-01-20 09:00:39] local.INFO: ITEMS RECEIVED [{"asset_id":"30","asset_unit":"1","status":null,"asset_discount":"0"}] 
[2026-01-20 09:01:40] local.INFO: ITEMS RECEIVED [{"asset_id":"30","asset_unit":"1","status":null,"asset_discount":"0"}] 
[2026-01-20 09:02:26] local.INFO: ITEMS RECEIVED [{"asset_id":"33","asset_unit":"1","status":null,"asset_discount":"0"}] 
[2026-01-20 09:03:29] local.INFO: ITEMS RECEIVED [{"asset_id":"55","asset_unit":"1","status":null,"asset_discount":"0"}] 
[2026-01-20 09:04:15] local.INFO: ITEMS RECEIVED [{"asset_id":"33","asset_unit":"1","status":null,"asset_discount":"0"}] 
[2026-01-21 00:54:10] local.ALERT: {"password":["The password field confirmation does not match."]}  
[2026-01-21 07:55:37] local.INFO: ITEMS RECEIVED [{"asset_id":"35","asset_unit":"1","status":null,"asset_discount":"0"}] 
[2026-01-21 07:55:58] local.INFO: ITEMS RECEIVED [{"asset_id":"57","asset_unit":"1","status":null,"asset_discount":"0"}] 
[2026-01-22 01:20:34] local.INFO: ITEMS RECEIVED [{"asset_id":"24","asset_unit":"1","status":null,"asset_discount":"0"},{"asset_id":"175","asset_unit":"1","status":null,"asset_discount":"0"}] 
[2026-01-22 01:21:44] local.INFO: ITEMS RECEIVED [{"asset_id":"24","asset_unit":"1","status":null,"asset_discount":"0"},{"asset_id":"175","asset_unit":"1","status":null,"asset_discount":"0"}] 
[2026-01-22 01:41:47] local.INFO: ITEMS RECEIVED [{"asset_id":"24","asset_unit":"1","status":null,"asset_discount":"0"},{"asset_id":"175","asset_unit":"1","status":null,"asset_discount":"0"}] 
[2026-01-22 01:42:52] local.INFO: ITEMS RECEIVED [{"asset_id":"24","asset_unit":"1","status":null,"asset_discount":"0"},{"asset_id":"175","asset_unit":"1","status":null,"asset_discount":"0"}] 
[2026-01-22 01:48:38] local.INFO: ITEMS RECEIVED [{"asset_id":"24","asset_unit":"1","status":null,"asset_discount":"0"},{"asset_id":"175","asset_unit":"1","status":null,"asset_discount":"0"}] 
[2026-01-22 02:07:12] local.INFO: ITEMS RECEIVED [{"asset_id":"55","asset_unit":"1","status":null,"asset_discount":"0"}] 
[2026-01-22 02:54:53] local.INFO: ITEMS RECEIVED [{"asset_id":"35","asset_unit":"1","status":null,"asset_discount":"0"}] 
[2026-01-22 02:55:11] local.INFO: ITEMS RECEIVED [{"asset_id":"57","asset_unit":"1","status":null,"asset_discount":"0"}] 
[2026-01-22 04:05:41] local.INFO: ITEMS RECEIVED [{"asset_id":"30","asset_unit":"1","status":null,"asset_discount":"0"}] 
[2026-01-22 04:07:08] local.INFO: ITEMS RECEIVED [{"asset_id":"30","asset_unit":"1","status":null,"asset_discount":"0"}] 
[2026-01-22 04:07:52] local.INFO: ITEMS RECEIVED [{"asset_id":"30","asset_unit":"1","status":null,"asset_discount":"0"}] 
[2026-01-22 04:08:53] local.INFO: ITEMS RECEIVED [{"asset_id":"30","asset_unit":"1","status":null,"asset_discount":"0"}] 
[2026-01-22 04:14:24] local.INFO: ITEMS RECEIVED [{"asset_id":"55","asset_unit":"1","status":null,"asset_discount":"0"}] 
[2026-01-22 04:15:09] local.INFO: ITEMS RECEIVED [{"asset_id":"55","asset_unit":"1","status":null,"asset_discount":"0"}] 
[2026-01-22 04:16:00] local.INFO: ITEMS RECEIVED [{"asset_id":"55","asset_unit":"1","status":null,"asset_discount":"0"}] 
[2026-01-22 04:19:20] local.INFO: ITEMS RECEIVED [{"asset_id":"24","asset_unit":"1","status":null,"asset_discount":"0"},{"asset_id":"136","asset_unit":"1","status":null,"asset_discount":"0"},{"asset_id":"327","asset_unit":"1","status":null,"asset_discount":"0"}] 
[2026-01-23 07:59:40] local.INFO: ITEMS RECEIVED [{"asset_id":"55","asset_unit":"1","status":null,"asset_discount":"0"}] 
[2026-01-24 02:48:49] local.INFO: ITEMS RECEIVED [{"asset_id":"35","asset_unit":"1","status":null,"asset_discount":"0"}] 
[2026-01-24 02:49:59] local.INFO: ITEMS RECEIVED [{"asset_id":"57","asset_unit":"1","status":null,"asset_discount":"0"}] 
[2026-01-24 02:50:43] local.INFO: ITEMS RECEIVED [{"asset_id":"35","asset_unit":"1","status":null,"asset_discount":"0"}] 
[2026-01-24 02:51:00] local.INFO: ITEMS RECEIVED [{"asset_id":"57","asset_unit":"1","status":null,"asset_discount":"0"}] 
[2026-01-24 02:58:07] local.INFO: ITEMS RECEIVED [{"asset_id":"35","asset_unit":"1","status":null,"asset_discount":"0"}] 
[2026-01-24 02:58:34] local.INFO: ITEMS RECEIVED [{"asset_id":"57","asset_unit":"1","status":null,"asset_discount":"0"}] 
[2026-01-24 03:58:51] local.INFO: ITEMS RECEIVED [{"asset_id":"24","asset_unit":"1","status":null,"asset_discount":"0"},{"asset_id":"55","asset_unit":"1","status":null,"asset_discount":"0"},{"asset_id":"232","asset_unit":"1","status":null,"asset_discount":"0"}] 
[2026-01-24 04:00:04] local.INFO: ITEMS RECEIVED [{"asset_id":"24","asset_unit":"1","status":null,"asset_discount":"0"},{"asset_id":"55","asset_unit":"1","status":null,"asset_discount":"0"},{"asset_id":"54","asset_unit":"1","status":null,"asset_discount":"0"}] 
[2026-01-24 04:03:13] local.INFO: ITEMS RECEIVED [{"asset_id":"24","asset_unit":"1","status":null,"asset_discount":"0"},{"asset_id":"232","asset_unit":"1","status":null,"asset_discount":"0"},{"asset_id":"55","asset_unit":"1","status":null,"asset_discount":"0"}] 
[2026-01-24 04:04:57] local.INFO: ITEMS RECEIVED [{"asset_id":"24","asset_unit":"1","status":null,"asset_discount":"0"},{"asset_id":"59","asset_unit":"1","status":null,"asset_discount":"0"},{"asset_id":"232","asset_unit":"1","status":null,"asset_discount":"0"}] 
[2026-01-24 05:48:11] local.INFO: ITEMS RECEIVED [{"asset_id":"195","asset_unit":"52","status":null,"asset_discount":"0"}] 
[2026-01-26 06:40:29] local.INFO: ITEMS RECEIVED [{"asset_id":"13","asset_unit":"1","status":null,"asset_discount":"0"}] 
[2026-01-26 06:48:20] local.INFO: ITEMS RECEIVED [{"asset_id":"8","asset_unit":"1","status":null,"asset_discount":"0"}] 
[2026-01-26 07:01:28] local.INFO: ITEMS RECEIVED [{"asset_id":"8","asset_unit":"1","status":null,"asset_discount":"0"}] 
[2026-01-26 07:02:25] local.INFO: ITEMS RECEIVED [{"asset_id":"8","asset_unit":"1","status":null,"asset_discount":"0"}] 
[2026-01-26 07:03:44] local.INFO: ITEMS RECEIVED [{"asset_id":"6","asset_unit":"1","status":null,"asset_discount":"0"}] 
[2026-01-26 07:05:46] local.INFO: ITEMS RECEIVED [{"asset_id":"8","asset_unit":"1","status":null,"asset_discount":"0"}] 
[2026-01-26 08:59:58] local.INFO: ITEMS RECEIVED [{"asset_id":"327","asset_unit":"1","status":null,"asset_discount":"0"}] 
[2026-01-26 09:02:16] local.INFO: ITEMS RECEIVED [{"asset_id":"327","asset_unit":"1","status":null,"asset_discount":"0"}] 
[2026-01-28 01:21:16] local.INFO: ITEMS RECEIVED [{"asset_id":"232","asset_unit":"1","status":null,"asset_discount":"0"},{"asset_id":"24","asset_unit":"1","status":null,"asset_discount":"0"},{"asset_id":"55","asset_unit":"1","status":null,"asset_discount":"0"}] 
[2026-01-28 06:34:05] local.INFO: ITEMS RECEIVED [{"asset_id":"35","asset_unit":"1","status":null,"asset_discount":"0"}] 
[2026-01-28 06:34:27] local.INFO: ITEMS RECEIVED [{"asset_id":"57","asset_unit":"1","status":null,"asset_discount":"0"}] 
[2026-01-28 06:36:30] local.INFO: ITEMS RECEIVED [{"asset_id":"353","asset_unit":"1","status":null,"asset_discount":"0"}] 
[2026-01-28 06:37:24] local.INFO: ITEMS RECEIVED [{"asset_id":"351","asset_unit":"1","status":null,"asset_discount":"0"}] 
[2026-01-28 06:37:42] local.INFO: ITEMS RECEIVED [{"asset_id":"348","asset_unit":"1","status":null,"asset_discount":"0"}] 
[2026-01-28 06:38:05] local.INFO: ITEMS RECEIVED [{"asset_id":"347","asset_unit":"1","status":null,"asset_discount":"0"}] 
[2026-01-28 09:15:08] local.INFO: ITEMS RECEIVED [{"asset_id":"30","asset_unit":"1","status":null,"asset_discount":"0"}] 
[2026-01-29 00:55:19] local.INFO: ITEMS RECEIVED [{"asset_id":"24","asset_unit":"1","status":null,"asset_discount":"0"},{"asset_id":"56","asset_unit":"1","status":null,"asset_discount":"0"},{"asset_id":"54","asset_unit":"1","status":null,"asset_discount":"0"}] 
[2026-01-29 00:56:39] local.INFO: ITEMS RECEIVED [{"asset_id":"24","asset_unit":"1","status":null,"asset_discount":"0"},{"asset_id":"59","asset_unit":"1","status":null,"asset_discount":"0"},{"asset_id":"55","asset_unit":"1","status":null,"asset_discount":"0"}] 
[2026-01-29 00:57:42] local.INFO: ITEMS RECEIVED [{"asset_id":"24","asset_unit":"1","status":null,"asset_discount":"0"},{"asset_id":"59","asset_unit":"1","status":null,"asset_discount":"0"},{"asset_id":"55","asset_unit":"1","status":null,"asset_discount":"0"}] 
[2026-01-29 00:59:09] local.INFO: ITEMS RECEIVED [{"asset_id":"23","asset_unit":"1","status":null,"asset_discount":"0"},{"asset_id":"55","asset_unit":"1","status":null,"asset_discount":"0"},{"asset_id":"59","asset_unit":"1","status":null,"asset_discount":"0"}] 
[2026-01-30 02:43:23] local.INFO: ITEMS RECEIVED [{"asset_id":"193","asset_unit":"1","status":null,"asset_discount":"0"}] 
[2026-01-30 02:46:36] local.INFO: ITEMS RECEIVED [{"asset_id":"193","asset_unit":"1","status":null,"asset_discount":"0"},{"asset_id":"36","asset_unit":"1","status":null,"asset_discount":"0"},{"asset_id":"55","asset_unit":"1","status":null,"asset_discount":"0"}] 
[2026-01-30 02:55:12] local.INFO: ITEMS RECEIVED [{"asset_id":"24","asset_unit":"1","status":null,"asset_discount":"0"},{"asset_id":"55","asset_unit":"1","status":null,"asset_discount":"0"},{"asset_id":"59","asset_unit":"1","status":null,"asset_discount":"0"}] 
[2026-01-30 02:55:55] local.INFO: ITEMS RECEIVED [{"asset_id":"165","asset_unit":"1","status":null,"asset_discount":"0"}] 
[2026-01-30 02:56:01] local.INFO: ITEMS RECEIVED [{"asset_id":"24","asset_unit":"1","status":null,"asset_discount":"0"},{"asset_id":"59","asset_unit":"1","status":null,"asset_discount":"0"},{"asset_id":"55","asset_unit":"1","status":null,"asset_discount":"0"}] 
[2026-01-30 02:57:05] local.INFO: ITEMS RECEIVED [{"asset_id":"24","asset_unit":"1","status":null,"asset_discount":"0"},{"asset_id":"59","asset_unit":"1","status":null,"asset_discount":"0"},{"asset_id":"55","asset_unit":"1","status":null,"asset_discount":"0"}] 
[2026-01-30 02:58:22] local.INFO: ITEMS RECEIVED [{"asset_id":"24","asset_unit":"1","status":null,"asset_discount":"0"},{"asset_id":"59","asset_unit":"1","status":null,"asset_discount":"0"},{"asset_id":"55","asset_unit":"1","status":null,"asset_discount":"0"}] 
[2026-01-30 02:59:30] local.INFO: ITEMS RECEIVED [{"asset_id":"24","asset_unit":"1","status":null,"asset_discount":"0"},{"asset_id":"59","asset_unit":"1","status":null,"asset_discount":"0"},{"asset_id":"55","asset_unit":"1","status":null,"asset_discount":"0"}] 
[2026-01-30 03:00:46] local.INFO: ITEMS RECEIVED [{"asset_id":"24","asset_unit":"1","status":null,"asset_discount":"0"},{"asset_id":"59","asset_unit":"1","status":null,"asset_discount":"0"},{"asset_id":"55","asset_unit":"1","status":null,"asset_discount":"0"}] 
[2026-01-30 03:02:02] local.INFO: ITEMS RECEIVED [{"asset_id":"23","asset_unit":"1","status":null,"asset_discount":"0"},{"asset_id":"59","asset_unit":"1","status":null,"asset_discount":"0"},{"asset_id":"55","asset_unit":"1","status":null,"asset_discount":"0"}] 
[2026-01-30 03:02:59] local.INFO: ITEMS RECEIVED [{"asset_id":"24","asset_unit":"1","status":null,"asset_discount":"0"},{"asset_id":"232","asset_unit":"1","status":null,"asset_discount":"0"},{"asset_id":"55","asset_unit":"1","status":null,"asset_discount":"0"}] 
[2026-01-30 03:19:05] local.INFO: ITEMS RECEIVED [{"asset_id":"11","asset_unit":"1","status":null,"asset_discount":"0"}] 
[2026-01-30 03:19:32] local.INFO: ITEMS RECEIVED [{"asset_id":"8","asset_unit":"1","status":null,"asset_discount":"0"},{"asset_id":"7","asset_unit":"1","status":null,"asset_discount":"0"},{"asset_id":"137","asset_unit":"1","status":null,"asset_discount":"0"}] 
[2026-01-30 06:25:28] local.INFO: ITEMS RECEIVED [{"asset_id":"193","asset_unit":"1","status":null,"asset_discount":"0"},{"asset_id":"24","asset_unit":"1","status":null,"asset_discount":"0"},{"asset_id":"136","asset_unit":"1","status":null,"asset_discount":"0"}] 
[2026-01-30 06:26:29] local.INFO: ITEMS RECEIVED [{"asset_id":"193","asset_unit":"1","status":null,"asset_discount":"0"},{"asset_id":"24","asset_unit":"1","status":null,"asset_discount":"0"},{"asset_id":"136","asset_unit":"1","status":null,"asset_discount":"0"}] 
[2026-01-30 06:28:44] local.INFO: ITEMS RECEIVED [{"asset_id":"193","asset_unit":"1","status":null,"asset_discount":"0"},{"asset_id":"24","asset_unit":"1","status":null,"asset_discount":"0"},{"asset_id":"136","asset_unit":"1","status":null,"asset_discount":"0"}] 
[2026-01-30 06:29:35] local.INFO: ITEMS RECEIVED [{"asset_id":"136","asset_unit":"1","status":null,"asset_discount":"0"},{"asset_id":"193","asset_unit":"1","status":null,"asset_discount":"0"},{"asset_id":"24","asset_unit":"1","status":null,"asset_discount":"0"}] 
[2026-01-30 07:21:08] local.INFO: ITEMS RECEIVED [{"asset_id":"24","asset_unit":"1","status":null,"asset_discount":"0"},{"asset_id":"232","asset_unit":"1","status":null,"asset_discount":"0"},{"asset_id":"55","asset_unit":"1","status":null,"asset_discount":"0"}] 
[2026-01-31 00:42:10] local.INFO: ITEMS RECEIVED [{"asset_id":"35","asset_unit":"1","status":null,"asset_discount":"0"}] 
[2026-01-31 00:42:37] local.INFO: ITEMS RECEIVED [{"asset_id":"57","asset_unit":"1","status":null,"asset_discount":"0"}] 
[2026-01-31 00:44:12] local.INFO: ITEMS RECEIVED [{"asset_id":"35","asset_unit":"1","status":null,"asset_discount":"0"}] 
[2026-01-31 00:45:00] local.INFO: ITEMS RECEIVED [{"asset_id":"57","asset_unit":"1","status":null,"asset_discount":"0"}] 
[2026-01-31 00:45:58] local.INFO: ITEMS RECEIVED [{"asset_id":"35","asset_unit":"1","status":null,"asset_discount":"0"}] 
[2026-01-31 00:46:57] local.INFO: ITEMS RECEIVED [{"asset_id":"57","asset_unit":"1","status":null,"asset_discount":"0"}] 
[2026-01-31 01:26:31] local.INFO: ITEMS RECEIVED [{"asset_id":"24","asset_unit":"1","status":null,"asset_discount":"0"},{"asset_id":"55","asset_unit":"1","status":null,"asset_discount":"0"},{"asset_id":"59","asset_unit":"1","status":null,"asset_discount":"0"}] 
[2026-01-31 02:15:12] local.INFO: ITEMS RECEIVED [{"asset_id":"35","asset_unit":"1","status":null,"asset_discount":"0"}] 
[2026-01-31 02:16:19] local.INFO: ITEMS RECEIVED [{"asset_id":"57","asset_unit":"1","status":null,"asset_discount":"0"}] 
[2026-01-31 02:17:32] local.INFO: ITEMS RECEIVED [{"asset_id":"35","asset_unit":"1","status":null,"asset_discount":"0"}] 
[2026-01-31 02:17:50] local.INFO: ITEMS RECEIVED [{"asset_id":"57","asset_unit":"1","status":null,"asset_discount":"0"}] 
[2026-01-31 02:31:43] local.ALERT: {"password":["The password field confirmation does not match."],"branch_id":["The branch id field is required."]}  
[2026-01-31 02:32:06] local.ALERT: {"password":["The password field confirmation does not match."]}  
[2026-02-02 02:08:03] local.INFO: ITEMS RECEIVED [{"asset_id":"24","asset_unit":"2","status":null,"asset_discount":"0"},{"asset_id":"59","asset_unit":"2","status":null,"asset_discount":"0"},{"asset_id":"55","asset_unit":"2","status":null,"asset_discount":"0"}] 
[2026-02-02 04:39:04] local.INFO: ITEMS RECEIVED [{"asset_id":"55","asset_unit":"1","status":null,"asset_discount":"0"}] 
[2026-02-02 04:40:04] local.INFO: ITEMS RECEIVED [{"asset_id":"55","asset_unit":"1","status":null,"asset_discount":"0"}] 
[2026-02-02 09:05:10] local.INFO: ITEMS RECEIVED [{"asset_id":"193","asset_unit":"1","status":null,"asset_discount":"0"},{"asset_id":"24","asset_unit":"1","status":null,"asset_discount":"0"},{"asset_id":"175","asset_unit":"1","status":null,"asset_discount":"0"}] 
[2026-02-02 09:07:01] local.INFO: ITEMS RECEIVED [{"asset_id":"193","asset_unit":"1","status":null,"asset_discount":"0"},{"asset_id":"24","asset_unit":"1","status":null,"asset_discount":"0"},{"asset_id":"175","asset_unit":"1","status":null,"asset_discount":"0"}] 
[2026-02-02 09:07:54] local.INFO: ITEMS RECEIVED [{"asset_id":"193","asset_unit":"1","status":null,"asset_discount":"0"},{"asset_id":"24","asset_unit":"1","status":null,"asset_discount":"0"},{"asset_id":"175","asset_unit":"1","status":null,"asset_discount":"0"}] 
[2026-02-02 09:08:31] local.INFO: ITEMS RECEIVED [{"asset_id":"193","asset_unit":"1","status":null,"asset_discount":"0"},{"asset_id":"175","asset_unit":"1","status":null,"asset_discount":"0"},{"asset_id":"24","asset_unit":"1","status":null,"asset_discount":"0"}] 
[2026-02-02 09:09:11] local.INFO: ITEMS RECEIVED [{"asset_id":"193","asset_unit":"1","status":null,"asset_discount":"0"},{"asset_id":"24","asset_unit":"1","status":null,"asset_discount":"0"},{"asset_id":"175","asset_unit":"1","status":null,"asset_discount":"0"}] 
[2026-02-02 09:09:46] local.INFO: ITEMS RECEIVED [{"asset_id":"193","asset_unit":"1","status":null,"asset_discount":"0"},{"asset_id":"175","asset_unit":"1","status":null,"asset_discount":"0"},{"asset_id":"24","asset_unit":"1","status":null,"asset_discount":"0"}] 
[2026-02-02 09:10:18] local.INFO: ITEMS RECEIVED [{"asset_id":"193","asset_unit":"1","status":null,"asset_discount":"0"},{"asset_id":"175","asset_unit":"1","status":null,"asset_discount":"0"},{"asset_id":"24","asset_unit":"1","status":null,"asset_discount":"0"}] 
[2026-02-02 09:10:55] local.INFO: ITEMS RECEIVED [{"asset_id":"193","asset_unit":"1","status":null,"asset_discount":"0"},{"asset_id":"175","asset_unit":"1","status":null,"asset_discount":"0"},{"asset_id":"24","asset_unit":"1","status":null,"asset_discount":"0"}] 
[2026-02-02 09:11:40] local.INFO: ITEMS RECEIVED [{"asset_id":"193","asset_unit":"1","status":null,"asset_discount":"0"},{"asset_id":"175","asset_unit":"1","status":null,"asset_discount":"0"},{"asset_id":"24","asset_unit":"1","status":null,"asset_discount":"0"}] 
[2026-02-02 09:12:16] local.INFO: ITEMS RECEIVED [{"asset_id":"193","asset_unit":"1","status":null,"asset_discount":"0"}] 
[2026-02-02 09:13:05] local.INFO: ITEMS RECEIVED [{"asset_id":"193","asset_unit":"1","status":null,"asset_discount":"0"},{"asset_id":"175","asset_unit":"1","status":null,"asset_discount":"0"},{"asset_id":"24","asset_unit":"1","status":null,"asset_discount":"0"}] 
[2026-02-02 09:13:54] local.INFO: ITEMS RECEIVED [{"asset_id":"193","asset_unit":"1","status":null,"asset_discount":"0"},{"asset_id":"24","asset_unit":"1","status":null,"asset_discount":"0"},{"asset_id":"36","asset_unit":"1","status":null,"asset_discount":"0"}] 
[2026-02-02 09:14:45] local.INFO: ITEMS RECEIVED [{"asset_id":"193","asset_unit":"1","status":null,"asset_discount":"0"},{"asset_id":"24","asset_unit":"1","status":null,"asset_discount":"0"},{"asset_id":"36","asset_unit":"1","status":null,"asset_discount":"0"}] 
[2026-02-02 09:15:20] local.INFO: ITEMS RECEIVED [{"asset_id":"193","asset_unit":"1","status":null,"asset_discount":"0"},{"asset_id":"36","asset_unit":"1","status":null,"asset_discount":"0"},{"asset_id":"24","asset_unit":"1","status":null,"asset_discount":"0"}] 
[2026-02-02 09:16:29] local.INFO: ITEMS RECEIVED [{"asset_id":"193","asset_unit":"1","status":null,"asset_discount":"0"},{"asset_id":"36","asset_unit":"1","status":null,"asset_discount":"0"},{"asset_id":"24","asset_unit":"1","status":null,"asset_discount":"0"}] 
[2026-02-02 09:17:27] local.INFO: ITEMS RECEIVED [{"asset_id":"193","asset_unit":"1","status":null,"asset_discount":"0"},{"asset_id":"36","asset_unit":"1","status":null,"asset_discount":"0"},{"asset_id":"24","asset_unit":"1","status":null,"asset_discount":"0"}] 
[2026-02-02 09:18:25] local.INFO: ITEMS RECEIVED [{"asset_id":"193","asset_unit":"1","status":null,"asset_discount":"0"},{"asset_id":"36","asset_unit":"1","status":null,"asset_discount":"0"},{"asset_id":"24","asset_unit":"1","status":null,"asset_discount":"0"}] 
[2026-02-02 09:19:02] local.INFO: ITEMS RECEIVED [{"asset_id":"193","asset_unit":"1","status":null,"asset_discount":"0"},{"asset_id":"36","asset_unit":"1","status":null,"asset_discount":"0"},{"asset_id":"24","asset_unit":"1","status":null,"asset_discount":"0"}] 
[2026-02-02 09:19:36] local.INFO: ITEMS RECEIVED [{"asset_id":"193","asset_unit":"1","status":null,"asset_discount":"0"},{"asset_id":"36","asset_unit":"1","status":null,"asset_discount":"0"},{"asset_id":"24","asset_unit":"1","status":null,"asset_discount":"0"}] 
[2026-02-02 09:20:11] local.INFO: ITEMS RECEIVED [{"asset_id":"193","asset_unit":"1","status":null,"asset_discount":"0"},{"asset_id":"36","asset_unit":"1","status":null,"asset_discount":"0"},{"asset_id":"24","asset_unit":"1","status":null,"asset_discount":"0"}] 
[2026-02-02 09:20:47] local.INFO: ITEMS RECEIVED [{"asset_id":"193","asset_unit":"1","status":null,"asset_discount":"0"},{"asset_id":"36","asset_unit":"1","status":null,"asset_discount":"0"},{"asset_id":"24","asset_unit":"1","status":null,"asset_discount":"0"}] 
[2026-02-02 09:27:23] local.INFO: ITEMS RECEIVED [{"asset_id":"193","asset_unit":"1","status":null,"asset_discount":"0"},{"asset_id":"36","asset_unit":"1","status":null,"asset_discount":"0"},{"asset_id":"24","asset_unit":"1","status":null,"asset_discount":"0"}] 
[2026-02-02 09:28:08] local.INFO: ITEMS RECEIVED [{"asset_id":"193","asset_unit":"1","status":null,"asset_discount":"0"},{"asset_id":"36","asset_unit":"1","status":null,"asset_discount":"0"},{"asset_id":"24","asset_unit":"1","status":null,"asset_discount":"0"}] 
[2026-02-02 09:29:15] local.INFO: ITEMS RECEIVED [{"asset_id":"193","asset_unit":"1","status":null,"asset_discount":"0"},{"asset_id":"36","asset_unit":"1","status":null,"asset_discount":"0"},{"asset_id":"24","asset_unit":"1","status":null,"asset_discount":"0"}] 
[2026-02-02 09:29:54] local.INFO: ITEMS RECEIVED [{"asset_id":"193","asset_unit":"1","status":null,"asset_discount":"0"},{"asset_id":"36","asset_unit":"1","status":null,"asset_discount":"0"},{"asset_id":"24","asset_unit":"1","status":null,"asset_discount":"0"}] 
[2026-02-02 09:30:41] local.INFO: ITEMS RECEIVED [{"asset_id":"193","asset_unit":"1","status":null,"asset_discount":"0"},{"asset_id":"36","asset_unit":"1","status":null,"asset_discount":"0"},{"asset_id":"24","asset_unit":"1","status":null,"asset_discount":"0"}] 
[2026-02-02 09:31:18] local.INFO: ITEMS RECEIVED [{"asset_id":"193","asset_unit":"1","status":null,"asset_discount":"0"},{"asset_id":"36","asset_unit":"1","status":null,"asset_discount":"0"},{"asset_id":"24","asset_unit":"1","status":null,"asset_discount":"0"}] 
[2026-02-02 09:32:01] local.INFO: ITEMS RECEIVED [{"asset_id":"193","asset_unit":"1","status":null,"asset_discount":"0"},{"asset_id":"36","asset_unit":"1","status":null,"asset_discount":"0"},{"asset_id":"24","asset_unit":"1","status":null,"asset_discount":"0"}] 
[2026-02-02 09:33:18] local.INFO: ITEMS RECEIVED [{"asset_id":"193","asset_unit":"1","status":null,"asset_discount":"0"},{"asset_id":"36","asset_unit":"1","status":null,"asset_discount":"0"},{"asset_id":"24","asset_unit":"1","status":null,"asset_discount":"0"}] 
[2026-02-02 09:35:11] local.INFO: ITEMS RECEIVED [{"asset_id":"193","asset_unit":"1","status":null,"asset_discount":"0"},{"asset_id":"36","asset_unit":"1","status":null,"asset_discount":"0"},{"asset_id":"24","asset_unit":"1","status":null,"asset_discount":"0"}] 
[2026-02-02 09:35:49] local.INFO: ITEMS RECEIVED [{"asset_id":"193","asset_unit":"1","status":null,"asset_discount":"0"},{"asset_id":"36","asset_unit":"1","status":null,"asset_discount":"0"},{"asset_id":"24","asset_unit":"1","status":null,"asset_discount":"0"}] 
[2026-02-03 01:09:23] local.INFO: ITEMS RECEIVED [{"asset_id":"35","asset_unit":"1","status":null,"asset_discount":"0"}] 
[2026-02-03 01:09:41] local.INFO: ITEMS RECEIVED [{"asset_id":"57","asset_unit":"1","status":null,"asset_discount":"0"}] 
[2026-02-03 01:20:18] local.INFO: ITEMS RECEIVED [{"asset_id":"348","asset_unit":"2","status":null,"asset_discount":"0"}] 
[2026-02-03 01:25:50] local.INFO: ITEMS RECEIVED [{"asset_id":"348","asset_unit":"1","status":null,"asset_discount":"0"}] 
[2026-02-03 06:15:34] local.INFO: ITEMS RECEIVED [{"asset_id":"35","asset_unit":"1","status":null,"asset_discount":"0"}] 
[2026-02-03 06:15:52] local.INFO: ITEMS RECEIVED [{"asset_id":"57","asset_unit":"1","status":null,"asset_discount":"0"}] 
[2026-02-03 06:16:44] local.INFO: ITEMS RECEIVED [{"asset_id":"35","asset_unit":"1","status":null,"asset_discount":"0"}] 
[2026-02-03 06:17:14] local.INFO: ITEMS RECEIVED [{"asset_id":"57","asset_unit":"1","status":null,"asset_discount":"0"}] 
[2026-02-03 06:22:46] local.INFO: ITEMS RECEIVED [{"asset_id":"57","asset_unit":"11","status":null,"asset_discount":"0"},{"asset_id":"27","asset_unit":"7","status":null,"asset_discount":"0"}] 
[2026-02-03 06:22:50] local.INFO: ITEMS RECEIVED [{"asset_id":"348","asset_unit":"1","status":null,"asset_discount":"0"}] 
[2026-02-03 06:25:59] local.INFO: ITEMS RECEIVED [{"asset_id":"35","asset_unit":"1","status":null,"asset_discount":"0"}] 
[2026-02-03 06:26:17] local.INFO: ITEMS RECEIVED [{"asset_id":"57","asset_unit":"1","status":null,"asset_discount":"0"}] 
[2026-02-03 06:29:19] local.INFO: ITEMS RECEIVED [{"asset_id":"27","asset_unit":"21","status":null,"asset_discount":"0"},{"asset_id":"57","asset_unit":"25","status":null,"asset_discount":"0"}] 
[2026-02-03 06:30:49] local.INFO: ITEMS RECEIVED [{"asset_id":"35","asset_unit":"1","status":null,"asset_discount":"0"}] 
[2026-02-03 06:31:15] local.INFO: ITEMS RECEIVED [{"asset_id":"57","asset_unit":"1","status":null,"asset_discount":"0"}] 
[2026-02-03 06:32:33] local.INFO: ITEMS RECEIVED [{"asset_id":"27","asset_unit":"9","status":null,"asset_discount":"0"},{"asset_id":"57","asset_unit":"5","status":null,"asset_discount":"0"}] 
[2026-02-03 06:42:13] local.INFO: ITEMS RECEIVED [{"asset_id":"35","asset_unit":"1","status":null,"asset_discount":"0"}] 
[2026-02-03 06:42:31] local.INFO: ITEMS RECEIVED [{"asset_id":"57","asset_unit":"1","status":null,"asset_discount":"0"}] 
[2026-02-03 06:47:51] local.INFO: ITEMS RECEIVED [{"asset_id":"35","asset_unit":"1","status":null,"asset_discount":"0"}] 
[2026-02-03 06:48:10] local.INFO: ITEMS RECEIVED [{"asset_id":"57","asset_unit":"1","status":null,"asset_discount":"0"}] 
[2026-02-03 06:48:54] local.INFO: ITEMS RECEIVED [{"asset_id":"35","asset_unit":"1","status":null,"asset_discount":"0"}] 
[2026-02-03 06:49:16] local.INFO: ITEMS RECEIVED [{"asset_id":"57","asset_unit":"1","status":null,"asset_discount":"0"}] 
[2026-02-03 06:51:12] local.INFO: ITEMS RECEIVED [{"asset_id":"35","asset_unit":"1","status":null,"asset_discount":"0"}] 
[2026-02-03 06:51:32] local.INFO: ITEMS RECEIVED [{"asset_id":"57","asset_unit":"1","status":null,"asset_discount":"0"}] 
[2026-02-03 06:52:16] local.INFO: ITEMS RECEIVED [{"asset_id":"35","asset_unit":"1","status":null,"asset_discount":"0"}] 
[2026-02-03 06:52:40] local.INFO: ITEMS RECEIVED [{"asset_id":"57","asset_unit":"1","status":null,"asset_discount":"0"}] 
[2026-02-03 06:53:12] local.INFO: ITEMS RECEIVED [{"asset_id":"35","asset_unit":"1","status":null,"asset_discount":"0"}] 
[2026-02-03 06:53:34] local.INFO: ITEMS RECEIVED [{"asset_id":"57","asset_unit":"1","status":null,"asset_discount":"0"}] 
[2026-02-03 07:00:18] local.INFO: ITEMS RECEIVED [{"asset_id":"35","asset_unit":"1","status":null,"asset_discount":"0"}] 
[2026-02-03 07:00:40] local.INFO: ITEMS RECEIVED [{"asset_id":"57","asset_unit":"1","status":null,"asset_discount":"0"}] 
[2026-02-03 07:03:25] local.INFO: ITEMS RECEIVED [{"asset_id":"35","asset_unit":"1","status":null,"asset_discount":"0"}] 
[2026-02-03 07:03:45] local.INFO: ITEMS RECEIVED [{"asset_id":"57","asset_unit":"1","status":null,"asset_discount":"0"}] 
[2026-02-03 07:04:21] local.INFO: ITEMS RECEIVED [{"asset_id":"57","asset_unit":"1","status":null,"asset_discount":"0"}] 
[2026-02-03 07:46:24] local.INFO: ITEMS RECEIVED [{"asset_id":"57","asset_unit":"1","status":null,"asset_discount":"0"}] 
[2026-02-03 07:48:02] local.INFO: ITEMS RECEIVED [{"asset_id":"35","asset_unit":"1","status":null,"asset_discount":"0"}] 
[2026-02-03 07:48:30] local.INFO: ITEMS RECEIVED [{"asset_id":"57","asset_unit":"1","status":null,"asset_discount":"0"}] 
[2026-02-03 07:49:26] local.INFO: ITEMS RECEIVED [{"asset_id":"35","asset_unit":"1","status":null,"asset_discount":"0"}] 
[2026-02-03 07:49:42] local.INFO: ITEMS RECEIVED [{"asset_id":"57","asset_unit":"1","status":null,"asset_discount":"0"}] 
[2026-02-03 07:51:17] local.INFO: ITEMS RECEIVED [{"asset_id":"35","asset_unit":"1","status":null,"asset_discount":"0"}] 
[2026-02-03 07:51:36] local.INFO: ITEMS RECEIVED [{"asset_id":"57","asset_unit":"1","status":null,"asset_discount":"0"}] 
[2026-02-03 07:53:31] local.INFO: ITEMS RECEIVED [{"asset_id":"35","asset_unit":"1","status":null,"asset_discount":"0"}] 
[2026-02-03 07:53:47] local.INFO: ITEMS RECEIVED [{"asset_id":"57","asset_unit":"1","status":null,"asset_discount":"0"}] 
[2026-02-03 07:56:04] local.INFO: ITEMS RECEIVED [{"asset_id":"35","asset_unit":"1","status":null,"asset_discount":"0"}] 
[2026-02-03 07:57:57] local.INFO: ITEMS RECEIVED [{"asset_id":"57","asset_unit":"1","status":null,"asset_discount":"0"}] 
[2026-02-03 09:13:05] local.INFO: ITEMS RECEIVED [{"asset_id":"193","asset_unit":"1","status":null,"asset_discount":"0"},{"asset_id":"24","asset_unit":"1","status":null,"asset_discount":"0"}] 
[2026-02-03 09:14:05] local.INFO: ITEMS RECEIVED [{"asset_id":"193","asset_unit":"1","status":null,"asset_discount":"0"},{"asset_id":"24","asset_unit":"1","status":null,"asset_discount":"0"}] 
[2026-02-03 09:14:34] local.INFO: ITEMS RECEIVED [{"asset_id":"193","asset_unit":"1","status":null,"asset_discount":"0"},{"asset_id":"24","asset_unit":"1","status":null,"asset_discount":"0"}] 
[2026-02-03 09:15:03] local.INFO: ITEMS RECEIVED [{"asset_id":"193","asset_unit":"1","status":null,"asset_discount":"0"},{"asset_id":"24","asset_unit":"1","status":null,"asset_discount":"0"}] 
[2026-02-03 09:15:30] local.INFO: ITEMS RECEIVED [{"asset_id":"193","asset_unit":"1","status":null,"asset_discount":"0"},{"asset_id":"24","asset_unit":"1","status":null,"asset_discount":"0"}] 
[2026-02-03 09:15:59] local.INFO: ITEMS RECEIVED [{"asset_id":"193","asset_unit":"1","status":null,"asset_discount":"0"},{"asset_id":"24","asset_unit":"1","status":null,"asset_discount":"0"}] 
[2026-02-03 09:16:39] local.INFO: ITEMS RECEIVED [{"asset_id":"193","asset_unit":"1","status":null,"asset_discount":"0"},{"asset_id":"24","asset_unit":"1","status":null,"asset_discount":"0"}] 
[2026-02-03 09:17:11] local.INFO: ITEMS RECEIVED [{"asset_id":"193","asset_unit":"1","status":null,"asset_discount":"0"},{"asset_id":"24","asset_unit":"1","status":null,"asset_discount":"0"}] 
[2026-02-03 09:17:39] local.INFO: ITEMS RECEIVED [{"asset_id":"193","asset_unit":"1","status":null,"asset_discount":"0"},{"asset_id":"24","asset_unit":"1","status":null,"asset_discount":"0"}] 
[2026-02-03 09:18:06] local.INFO: ITEMS RECEIVED [{"asset_id":"193","asset_unit":"1","status":null,"asset_discount":"0"},{"asset_id":"24","asset_unit":"1","status":null,"asset_discount":"0"}] 
[2026-02-03 09:18:33] local.INFO: ITEMS RECEIVED [{"asset_id":"193","asset_unit":"1","status":null,"asset_discount":"0"},{"asset_id":"24","asset_unit":"1","status":null,"asset_discount":"0"}] 
[2026-02-03 09:19:15] local.INFO: ITEMS RECEIVED [{"asset_id":"193","asset_unit":"1","status":null,"asset_discount":"0"},{"asset_id":"24","asset_unit":"1","status":null,"asset_discount":"0"}] 
[2026-02-03 09:19:43] local.INFO: ITEMS RECEIVED [{"asset_id":"193","asset_unit":"1","status":null,"asset_discount":"0"},{"asset_id":"24","asset_unit":"1","status":null,"asset_discount":"0"}] 
[2026-02-03 09:20:04] local.INFO: ITEMS RECEIVED [{"asset_id":"56","asset_unit":"63","status":null,"asset_discount":"0"}] 
[2026-02-03 09:20:11] local.INFO: ITEMS RECEIVED [{"asset_id":"193","asset_unit":"1","status":null,"asset_discount":"0"},{"asset_id":"24","asset_unit":"1","status":null,"asset_discount":"0"}] 
[2026-02-03 09:20:45] local.INFO: ITEMS RECEIVED [{"asset_id":"193","asset_unit":"1","status":null,"asset_discount":"0"},{"asset_id":"24","asset_unit":"1","status":null,"asset_discount":"0"}] 
[2026-02-03 09:21:11] local.INFO: ITEMS RECEIVED [{"asset_id":"193","asset_unit":"1","status":null,"asset_discount":"0"},{"asset_id":"24","asset_unit":"1","status":null,"asset_discount":"0"}] 
[2026-02-03 09:21:36] local.INFO: ITEMS RECEIVED [{"asset_id":"193","asset_unit":"1","status":null,"asset_discount":"0"},{"asset_id":"24","asset_unit":"1","status":null,"asset_discount":"0"}] 
[2026-02-03 09:22:02] local.INFO: ITEMS RECEIVED [{"asset_id":"193","asset_unit":"1","status":null,"asset_discount":"0"},{"asset_id":"24","asset_unit":"1","status":null,"asset_discount":"0"}] 
[2026-02-03 09:22:29] local.INFO: ITEMS RECEIVED [{"asset_id":"193","asset_unit":"1","status":null,"asset_discount":"0"},{"asset_id":"24","asset_unit":"1","status":null,"asset_discount":"0"}] 
[2026-02-03 09:22:57] local.INFO: ITEMS RECEIVED [{"asset_id":"193","asset_unit":"1","status":null,"asset_discount":"0"},{"asset_id":"24","asset_unit":"1","status":null,"asset_discount":"0"}] 
[2026-02-03 09:23:31] local.INFO: ITEMS RECEIVED [{"asset_id":"193","asset_unit":"1","status":null,"asset_discount":"0"},{"asset_id":"24","asset_unit":"1","status":null,"asset_discount":"0"}] 
[2026-02-03 09:24:14] local.INFO: ITEMS RECEIVED [{"asset_id":"193","asset_unit":"1","status":null,"asset_discount":"0"},{"asset_id":"24","asset_unit":"1","status":null,"asset_discount":"0"}] 
[2026-02-03 09:24:41] local.INFO: ITEMS RECEIVED [{"asset_id":"193","asset_unit":"1","status":null,"asset_discount":"0"},{"asset_id":"24","asset_unit":"1","status":null,"asset_discount":"0"}] 
[2026-02-03 09:25:06] local.INFO: ITEMS RECEIVED [{"asset_id":"193","asset_unit":"1","status":null,"asset_discount":"0"},{"asset_id":"24","asset_unit":"1","status":null,"asset_discount":"0"}] 
[2026-02-03 09:25:32] local.INFO: ITEMS RECEIVED [{"asset_id":"193","asset_unit":"1","status":null,"asset_discount":"0"},{"asset_id":"24","asset_unit":"1","status":null,"asset_discount":"0"}] 
[2026-02-03 09:25:56] local.INFO: ITEMS RECEIVED [{"asset_id":"193","asset_unit":"1","status":null,"asset_discount":"0"},{"asset_id":"24","asset_unit":"1","status":null,"asset_discount":"0"}] 
[2026-02-03 09:26:19] local.INFO: ITEMS RECEIVED [{"asset_id":"193","asset_unit":"1","status":null,"asset_discount":"0"},{"asset_id":"24","asset_unit":"1","status":null,"asset_discount":"0"}] 
[2026-02-03 09:26:47] local.INFO: ITEMS RECEIVED [{"asset_id":"193","asset_unit":"1","status":null,"asset_discount":"0"},{"asset_id":"24","asset_unit":"1","status":null,"asset_discount":"0"}] 
[2026-02-03 09:27:11] local.INFO: ITEMS RECEIVED [{"asset_id":"193","asset_unit":"1","status":null,"asset_discount":"0"},{"asset_id":"24","asset_unit":"1","status":null,"asset_discount":"0"}] 
[2026-02-03 09:27:35] local.INFO: ITEMS RECEIVED [{"asset_id":"193","asset_unit":"1","status":null,"asset_discount":"0"},{"asset_id":"24","asset_unit":"1","status":null,"asset_discount":"0"}] 
[2026-02-03 09:28:01] local.INFO: ITEMS RECEIVED [{"asset_id":"193","asset_unit":"1","status":null,"asset_discount":"0"},{"asset_id":"24","asset_unit":"1","status":null,"asset_discount":"0"}] 
[2026-02-03 09:28:31] local.INFO: ITEMS RECEIVED [{"asset_id":"193","asset_unit":"1","status":null,"asset_discount":"0"},{"asset_id":"24","asset_unit":"1","status":null,"asset_discount":"0"}] 
[2026-02-03 09:28:58] local.INFO: ITEMS RECEIVED [{"asset_id":"193","asset_unit":"1","status":null,"asset_discount":"0"},{"asset_id":"24","asset_unit":"1","status":null,"asset_discount":"0"}] 
[2026-02-03 09:29:23] local.INFO: ITEMS RECEIVED [{"asset_id":"193","asset_unit":"1","status":null,"asset_discount":"0"},{"asset_id":"24","asset_unit":"1","status":null,"asset_discount":"0"}] 
[2026-02-03 09:29:46] local.INFO: ITEMS RECEIVED [{"asset_id":"193","asset_unit":"1","status":null,"asset_discount":"0"},{"asset_id":"24","asset_unit":"1","status":null,"asset_discount":"0"}] 
[2026-02-03 09:30:12] local.INFO: ITEMS RECEIVED [{"asset_id":"193","asset_unit":"1","status":null,"asset_discount":"0"},{"asset_id":"24","asset_unit":"1","status":null,"asset_discount":"0"}] 
[2026-02-03 09:30:35] local.INFO: ITEMS RECEIVED [{"asset_id":"193","asset_unit":"1","status":null,"asset_discount":"0"},{"asset_id":"24","asset_unit":"1","status":null,"asset_discount":"0"}] 
[2026-02-03 09:31:02] local.INFO: ITEMS RECEIVED [{"asset_id":"193","asset_unit":"1","status":null,"asset_discount":"0"},{"asset_id":"24","asset_unit":"1","status":null,"asset_discount":"0"}] 
[2026-02-03 09:31:28] local.INFO: ITEMS RECEIVED [{"asset_id":"193","asset_unit":"1","status":null,"asset_discount":"0"},{"asset_id":"24","asset_unit":"1","status":null,"asset_discount":"0"}] 
[2026-02-03 09:31:57] local.INFO: ITEMS RECEIVED [{"asset_id":"193","asset_unit":"1","status":null,"asset_discount":"0"},{"asset_id":"24","asset_unit":"1","status":null,"asset_discount":"0"}] 
[2026-02-03 09:32:23] local.INFO: ITEMS RECEIVED [{"asset_id":"193","asset_unit":"1","status":null,"asset_discount":"0"},{"asset_id":"24","asset_unit":"1","status":null,"asset_discount":"0"}] 
[2026-02-03 09:32:56] local.INFO: ITEMS RECEIVED [{"asset_id":"193","asset_unit":"1","status":null,"asset_discount":"0"},{"asset_id":"24","asset_unit":"1","status":null,"asset_discount":"0"}] 
[2026-02-03 09:33:20] local.INFO: ITEMS RECEIVED [{"asset_id":"193","asset_unit":"1","status":null,"asset_discount":"0"},{"asset_id":"24","asset_unit":"1","status":null,"asset_discount":"0"}] 
[2026-02-03 09:33:55] local.INFO: ITEMS RECEIVED [{"asset_id":"193","asset_unit":"1","status":null,"asset_discount":"0"},{"asset_id":"24","asset_unit":"1","status":null,"asset_discount":"0"}] 
[2026-02-03 09:34:24] local.INFO: ITEMS RECEIVED [{"asset_id":"193","asset_unit":"1","status":null,"asset_discount":"0"},{"asset_id":"24","asset_unit":"1","status":null,"asset_discount":"0"}] 
[2026-02-03 09:34:50] local.INFO: ITEMS RECEIVED [{"asset_id":"193","asset_unit":"1","status":null,"asset_discount":"0"},{"asset_id":"24","asset_unit":"1","status":null,"asset_discount":"0"}] 
[2026-02-03 09:35:13] local.INFO: ITEMS RECEIVED [{"asset_id":"193","asset_unit":"1","status":null,"asset_discount":"0"},{"asset_id":"24","asset_unit":"1","status":null,"asset_discount":"0"}] 
[2026-02-03 09:35:44] local.INFO: ITEMS RECEIVED [{"asset_id":"193","asset_unit":"1","status":null,"asset_discount":"0"},{"asset_id":"24","asset_unit":"1","status":null,"asset_discount":"0"}] 
[2026-02-03 09:36:10] local.INFO: ITEMS RECEIVED [{"asset_id":"193","asset_unit":"1","status":null,"asset_discount":"0"},{"asset_id":"24","asset_unit":"1","status":null,"asset_discount":"0"}] 
[2026-02-03 09:36:36] local.INFO: ITEMS RECEIVED [{"asset_id":"193","asset_unit":"1","status":null,"asset_discount":"0"},{"asset_id":"24","asset_unit":"1","status":null,"asset_discount":"0"}] 
[2026-02-03 09:36:56] local.INFO: ITEMS RECEIVED [{"asset_id":"193","asset_unit":"1","status":null,"asset_discount":"0"},{"asset_id":"24","asset_unit":"1","status":null,"asset_discount":"0"}] 
[2026-02-03 09:37:27] local.INFO: ITEMS RECEIVED [{"asset_id":"193","asset_unit":"1","status":null,"asset_discount":"0"},{"asset_id":"24","asset_unit":"1","status":null,"asset_discount":"0"}] 
[2026-02-03 09:37:54] local.INFO: ITEMS RECEIVED [{"asset_id":"193","asset_unit":"1","status":null,"asset_discount":"0"},{"asset_id":"24","asset_unit":"1","status":null,"asset_discount":"0"}] 
[2026-02-03 09:38:28] local.INFO: ITEMS RECEIVED [{"asset_id":"193","asset_unit":"1","status":null,"asset_discount":"0"},{"asset_id":"24","asset_unit":"1","status":null,"asset_discount":"0"}] 
[2026-02-03 09:38:54] local.INFO: ITEMS RECEIVED [{"asset_id":"193","asset_unit":"1","status":null,"asset_discount":"0"},{"asset_id":"24","asset_unit":"1","status":null,"asset_discount":"0"}] 
[2026-02-03 09:39:30] local.INFO: ITEMS RECEIVED [{"asset_id":"193","asset_unit":"1","status":null,"asset_discount":"0"},{"asset_id":"24","asset_unit":"1","status":null,"asset_discount":"0"}] 
[2026-02-03 09:39:54] local.INFO: ITEMS RECEIVED [{"asset_id":"193","asset_unit":"1","status":null,"asset_discount":"0"},{"asset_id":"24","asset_unit":"1","status":null,"asset_discount":"0"}] 
[2026-02-03 09:40:22] local.INFO: ITEMS RECEIVED [{"asset_id":"193","asset_unit":"1","status":null,"asset_discount":"0"},{"asset_id":"24","asset_unit":"1","status":null,"asset_discount":"0"}] 
[2026-02-03 09:41:00] local.INFO: ITEMS RECEIVED [{"asset_id":"193","asset_unit":"1","status":null,"asset_discount":"0"},{"asset_id":"24","asset_unit":"1","status":null,"asset_discount":"0"}] 
[2026-02-03 09:41:27] local.INFO: ITEMS RECEIVED [{"asset_id":"193","asset_unit":"1","status":null,"asset_discount":"0"},{"asset_id":"24","asset_unit":"1","status":null,"asset_discount":"0"}] 
[2026-02-03 09:42:07] local.INFO: ITEMS RECEIVED [{"asset_id":"193","asset_unit":"1","status":null,"asset_discount":"0"},{"asset_id":"24","asset_unit":"1","status":null,"asset_discount":"0"}] 
[2026-02-03 09:42:49] local.INFO: ITEMS RECEIVED [{"asset_id":"193","asset_unit":"1","status":null,"asset_discount":"0"},{"asset_id":"24","asset_unit":"1","status":null,"asset_discount":"0"}] 
[2026-02-03 09:43:58] local.INFO: ITEMS RECEIVED [{"asset_id":"193","asset_unit":"1","status":null,"asset_discount":"0"},{"asset_id":"24","asset_unit":"1","status":null,"asset_discount":"0"}] 
[2026-02-03 09:44:22] local.INFO: ITEMS RECEIVED [{"asset_id":"193","asset_unit":"1","status":null,"asset_discount":"0"},{"asset_id":"24","asset_unit":"1","status":null,"asset_discount":"0"}] 
[2026-02-03 09:44:50] local.INFO: ITEMS RECEIVED [{"asset_id":"193","asset_unit":"1","status":null,"asset_discount":"0"},{"asset_id":"24","asset_unit":"1","status":null,"asset_discount":"0"}] 
[2026-02-03 09:45:13] local.INFO: ITEMS RECEIVED [{"asset_id":"193","asset_unit":"1","status":null,"asset_discount":"0"},{"asset_id":"24","asset_unit":"1","status":null,"asset_discount":"0"}] 
[2026-02-03 09:46:14] local.INFO: ITEMS RECEIVED [{"asset_id":"193","asset_unit":"1","status":null,"asset_discount":"0"},{"asset_id":"24","asset_unit":"1","status":null,"asset_discount":"0"}] 
[2026-02-03 09:47:04] local.INFO: ITEMS RECEIVED [{"asset_id":"193","asset_unit":"1","status":null,"asset_discount":"0"},{"asset_id":"24","asset_unit":"1","status":null,"asset_discount":"0"}] 
[2026-02-03 09:47:32] local.INFO: ITEMS RECEIVED [{"asset_id":"193","asset_unit":"1","status":null,"asset_discount":"0"},{"asset_id":"24","asset_unit":"1","status":null,"asset_discount":"0"}] 
[2026-02-03 09:47:57] local.INFO: ITEMS RECEIVED [{"asset_id":"193","asset_unit":"1","status":null,"asset_discount":"0"},{"asset_id":"24","asset_unit":"1","status":null,"asset_discount":"0"}] 
[2026-02-03 09:48:26] local.INFO: ITEMS RECEIVED [{"asset_id":"193","asset_unit":"1","status":null,"asset_discount":"0"},{"asset_id":"24","asset_unit":"1","status":null,"asset_discount":"0"}] 
[2026-02-03 09:48:54] local.INFO: ITEMS RECEIVED [{"asset_id":"193","asset_unit":"1","status":null,"asset_discount":"0"},{"asset_id":"24","asset_unit":"1","status":null,"asset_discount":"0"}] 
[2026-02-03 09:49:23] local.INFO: ITEMS RECEIVED [{"asset_id":"193","asset_unit":"1","status":null,"asset_discount":"0"},{"asset_id":"24","asset_unit":"1","status":null,"asset_discount":"0"}] 
[2026-02-03 09:49:45] local.INFO: ITEMS RECEIVED [{"asset_id":"193","asset_unit":"1","status":null,"asset_discount":"0"},{"asset_id":"24","asset_unit":"1","status":null,"asset_discount":"0"}] 
[2026-02-03 09:50:14] local.INFO: ITEMS RECEIVED [{"asset_id":"193","asset_unit":"1","status":null,"asset_discount":"0"},{"asset_id":"24","asset_unit":"1","status":null,"asset_discount":"0"}] 
[2026-02-03 09:50:34] local.INFO: ITEMS RECEIVED [{"asset_id":"193","asset_unit":"1","status":null,"asset_discount":"0"},{"asset_id":"24","asset_unit":"1","status":null,"asset_discount":"0"}] 
[2026-02-03 09:50:59] local.INFO: ITEMS RECEIVED [{"asset_id":"193","asset_unit":"1","status":null,"asset_discount":"0"},{"asset_id":"24","asset_unit":"1","status":null,"asset_discount":"0"}] 
[2026-02-03 09:51:22] local.INFO: ITEMS RECEIVED [{"asset_id":"193","asset_unit":"1","status":null,"asset_discount":"0"},{"asset_id":"24","asset_unit":"1","status":null,"asset_discount":"0"}] 
[2026-02-03 09:52:35] local.INFO: ITEMS RECEIVED [{"asset_id":"193","asset_unit":"1","status":null,"asset_discount":"0"},{"asset_id":"24","asset_unit":"1","status":null,"asset_discount":"0"}] 
[2026-02-03 09:53:02] local.INFO: ITEMS RECEIVED [{"asset_id":"193","asset_unit":"1","status":null,"asset_discount":"0"},{"asset_id":"24","asset_unit":"1","status":null,"asset_discount":"0"}] 
[2026-02-03 09:53:37] local.INFO: ITEMS RECEIVED [{"asset_id":"193","asset_unit":"1","status":null,"asset_discount":"0"},{"asset_id":"24","asset_unit":"1","status":null,"asset_discount":"0"}] 
[2026-02-03 09:54:19] local.INFO: ITEMS RECEIVED [{"asset_id":"193","asset_unit":"1","status":null,"asset_discount":"0"},{"asset_id":"24","asset_unit":"1","status":null,"asset_discount":"0"}] 
[2026-02-03 09:54:45] local.INFO: ITEMS RECEIVED [{"asset_id":"193","asset_unit":"1","status":null,"asset_discount":"0"},{"asset_id":"24","asset_unit":"1","status":null,"asset_discount":"0"}] 
[2026-02-03 09:55:12] local.INFO: ITEMS RECEIVED [{"asset_id":"193","asset_unit":"1","status":null,"asset_discount":"0"},{"asset_id":"24","asset_unit":"1","status":null,"asset_discount":"0"}] 
[2026-02-03 09:55:36] local.INFO: ITEMS RECEIVED [{"asset_id":"193","asset_unit":"1","status":null,"asset_discount":"0"},{"asset_id":"24","asset_unit":"1","status":null,"asset_discount":"0"}] 
[2026-02-03 09:56:00] local.INFO: ITEMS RECEIVED [{"asset_id":"193","asset_unit":"1","status":null,"asset_discount":"0"},{"asset_id":"24","asset_unit":"1","status":null,"asset_discount":"0"}] 
[2026-02-03 09:56:26] local.INFO: ITEMS RECEIVED [{"asset_id":"193","asset_unit":"1","status":null,"asset_discount":"0"},{"asset_id":"24","asset_unit":"1","status":null,"asset_discount":"0"}] 
[2026-02-03 09:59:46] local.INFO: ITEMS RECEIVED [{"asset_id":"193","asset_unit":"1","status":null,"asset_discount":"0"},{"asset_id":"24","asset_unit":"1","status":null,"asset_discount":"0"}] 
[2026-02-03 10:00:15] local.INFO: ITEMS RECEIVED [{"asset_id":"193","asset_unit":"1","status":null,"asset_discount":"0"},{"asset_id":"24","asset_unit":"1","status":null,"asset_discount":"0"}] 
[2026-02-03 10:00:44] local.INFO: ITEMS RECEIVED [{"asset_id":"193","asset_unit":"1","status":null,"asset_discount":"0"},{"asset_id":"24","asset_unit":"1","status":null,"asset_discount":"0"}] 
[2026-02-03 10:01:18] local.INFO: ITEMS RECEIVED [{"asset_id":"193","asset_unit":"1","status":null,"asset_discount":"0"},{"asset_id":"24","asset_unit":"1","status":null,"asset_discount":"0"}] 
[2026-02-03 10:01:45] local.INFO: ITEMS RECEIVED [{"asset_id":"193","asset_unit":"1","status":null,"asset_discount":"0"},{"asset_id":"24","asset_unit":"1","status":null,"asset_discount":"0"}] 
[2026-02-03 10:02:12] local.INFO: ITEMS RECEIVED [{"asset_id":"193","asset_unit":"1","status":null,"asset_discount":"0"},{"asset_id":"24","asset_unit":"1","status":null,"asset_discount":"0"}] 
[2026-02-03 10:02:43] local.INFO: ITEMS RECEIVED [{"asset_id":"193","asset_unit":"1","status":null,"asset_discount":"0"},{"asset_id":"24","asset_unit":"1","status":null,"asset_discount":"0"}] 
[2026-02-03 10:03:05] local.INFO: ITEMS RECEIVED [{"asset_id":"193","asset_unit":"1","status":null,"asset_discount":"0"},{"asset_id":"24","asset_unit":"1","status":null,"asset_discount":"0"}] 
[2026-02-03 10:03:38] local.INFO: ITEMS RECEIVED [{"asset_id":"193","asset_unit":"1","status":null,"asset_discount":"0"},{"asset_id":"24","asset_unit":"1","status":null,"asset_discount":"0"}] 
[2026-02-03 10:04:34] local.INFO: ITEMS RECEIVED [{"asset_id":"193","asset_unit":"1","status":null,"asset_discount":"0"},{"asset_id":"24","asset_unit":"1","status":null,"asset_discount":"0"}] 
[2026-02-03 10:05:02] local.INFO: ITEMS RECEIVED [{"asset_id":"193","asset_unit":"1","status":null,"asset_discount":"0"},{"asset_id":"24","asset_unit":"1","status":null,"asset_discount":"0"}] 
[2026-02-03 10:05:26] local.INFO: ITEMS RECEIVED [{"asset_id":"193","asset_unit":"1","status":null,"asset_discount":"0"},{"asset_id":"24","asset_unit":"1","status":null,"asset_discount":"0"}] 
[2026-02-03 10:05:49] local.INFO: ITEMS RECEIVED [{"asset_id":"193","asset_unit":"1","status":null,"asset_discount":"0"},{"asset_id":"24","asset_unit":"1","status":null,"asset_discount":"0"}] 
[2026-02-03 10:06:11] local.INFO: ITEMS RECEIVED [{"asset_id":"193","asset_unit":"1","status":null,"asset_discount":"0"},{"asset_id":"24","asset_unit":"1","status":null,"asset_discount":"0"}] 
[2026-02-03 10:06:39] local.INFO: ITEMS RECEIVED [{"asset_id":"193","asset_unit":"1","status":null,"asset_discount":"0"},{"asset_id":"24","asset_unit":"1","status":null,"asset_discount":"0"}] 
[2026-02-03 10:07:02] local.INFO: ITEMS RECEIVED [{"asset_id":"193","asset_unit":"1","status":null,"asset_discount":"0"},{"asset_id":"24","asset_unit":"1","status":null,"asset_discount":"0"}] 
[2026-02-03 10:07:36] local.INFO: ITEMS RECEIVED [{"asset_id":"193","asset_unit":"1","status":null,"asset_discount":"0"},{"asset_id":"24","asset_unit":"1","status":null,"asset_discount":"0"}] 
[2026-02-03 10:08:15] local.INFO: ITEMS RECEIVED [{"asset_id":"193","asset_unit":"1","status":null,"asset_discount":"0"},{"asset_id":"24","asset_unit":"1","status":null,"asset_discount":"0"}] 
[2026-02-03 10:08:41] local.INFO: ITEMS RECEIVED [{"asset_id":"193","asset_unit":"1","status":null,"asset_discount":"0"},{"asset_id":"24","asset_unit":"1","status":null,"asset_discount":"0"}] 
[2026-02-03 10:09:04] local.INFO: ITEMS RECEIVED [{"asset_id":"193","asset_unit":"1","status":null,"asset_discount":"0"},{"asset_id":"24","asset_unit":"1","status":null,"asset_discount":"0"}] 
[2026-02-03 10:09:27] local.INFO: ITEMS RECEIVED [{"asset_id":"193","asset_unit":"1","status":null,"asset_discount":"0"},{"asset_id":"24","asset_unit":"1","status":null,"asset_discount":"0"}] 
[2026-02-03 10:09:49] local.INFO: ITEMS RECEIVED [{"asset_id":"193","asset_unit":"1","status":null,"asset_discount":"0"},{"asset_id":"24","asset_unit":"1","status":null,"asset_discount":"0"}] 
[2026-02-03 10:10:12] local.INFO: ITEMS RECEIVED [{"asset_id":"193","asset_unit":"1","status":null,"asset_discount":"0"},{"asset_id":"24","asset_unit":"1","status":null,"asset_discount":"0"}] 
[2026-02-03 10:11:03] local.INFO: ITEMS RECEIVED [{"asset_id":"193","asset_unit":"1","status":null,"asset_discount":"0"}] 
[2026-02-03 10:11:30] local.INFO: ITEMS RECEIVED [{"asset_id":"193","asset_unit":"1","status":null,"asset_discount":"0"}] 
[2026-02-03 10:14:03] local.INFO: ITEMS RECEIVED [{"asset_id":"193","asset_unit":"1","status":null,"asset_discount":"0"}] 
[2026-02-03 10:14:26] local.INFO: ITEMS RECEIVED [{"asset_id":"193","asset_unit":"1","status":null,"asset_discount":"0"}] 
[2026-02-04 05:45:30] local.INFO: ITEMS RECEIVED [{"asset_id":"348","asset_unit":"1","status":null,"asset_discount":"0"}] 
[2026-02-04 05:45:59] local.INFO: ITEMS RECEIVED [{"asset_id":"348","asset_unit":"1","status":null,"asset_discount":"0"}] 
[2026-02-04 05:46:30] local.INFO: ITEMS RECEIVED [{"asset_id":"346","asset_unit":"1","status":null,"asset_discount":"0"}] 
[2026-02-04 05:47:54] local.INFO: ITEMS RECEIVED [{"asset_id":"334","asset_unit":"1","status":null,"asset_discount":"0"}] 
[2026-02-04 06:12:37] local.INFO: ITEMS RECEIVED [{"asset_id":"334","asset_unit":"1","status":null,"asset_discount":"0"}] 
[2026-02-04 08:09:44] local.INFO: ITEMS RECEIVED [{"asset_id":"334","asset_unit":"1","status":null,"asset_discount":"0"}] 
[2026-02-04 08:54:27] local.INFO: ITEMS RECEIVED [{"asset_id":"24","asset_unit":"1","status":null,"asset_discount":"0"},{"asset_id":"136","asset_unit":"1","status":null,"asset_discount":"0"},{"asset_id":"193","asset_unit":"1","status":null,"asset_discount":"0"}] 
[2026-02-05 08:49:23] local.INFO: ITEMS RECEIVED [{"asset_id":"170","asset_unit":"1","status":null,"asset_discount":"0"}] 
[2026-02-05 09:06:03] local.INFO: ITEMS RECEIVED [{"asset_id":"193","asset_unit":"1","status":null,"asset_discount":"0"},{"asset_id":"136","asset_unit":"1","status":null,"asset_discount":"0"},{"asset_id":"24","asset_unit":"1","status":null,"asset_discount":"0"}] 
[2026-02-05 09:08:38] local.INFO: ITEMS RECEIVED [{"asset_id":"24","asset_unit":"1","status":null,"asset_discount":"0"},{"asset_id":"193","asset_unit":"1","status":null,"asset_discount":"0"},{"asset_id":"136","asset_unit":"1","status":null,"asset_discount":"0"}] 
[2026-02-05 09:10:22] local.INFO: ITEMS RECEIVED [{"asset_id":"327","asset_unit":"1","status":null,"asset_discount":"0"}] 
[2026-02-05 09:56:55] local.INFO: ITEMS RECEIVED [{"asset_id":"59","asset_unit":"1","status":null,"asset_discount":"0"}] 
[2026-02-06 01:38:17] local.INFO: ITEMS RECEIVED [{"asset_id":"334","asset_unit":"1","status":null,"asset_discount":"0"}] 
[2026-02-06 02:52:44] local.INFO: ITEMS RECEIVED [{"asset_id":"24","asset_unit":"1","status":null,"asset_discount":"0"},{"asset_id":"193","asset_unit":"1","status":null,"asset_discount":"0"},{"asset_id":"136","asset_unit":"1","status":null,"asset_discount":"0"}] 
[2026-02-06 02:53:42] local.INFO: ITEMS RECEIVED [{"asset_id":"24","asset_unit":"1","status":null,"asset_discount":"0"},{"asset_id":"193","asset_unit":"1","status":null,"asset_discount":"0"},{"asset_id":"136","asset_unit":"1","status":null,"asset_discount":"0"}] 
[2026-02-06 07:19:39] local.ALERT: {"password":["The password field confirmation does not match."]}  
[2026-02-06 08:29:21] local.INFO: ITEMS RECEIVED [{"asset_id":"334","asset_unit":"1","status":null,"asset_discount":"0"},{"asset_id":"335","asset_unit":"1","status":null,"asset_discount":"0"},{"asset_id":"182","asset_unit":"5","status":null,"asset_discount":"0"}] 
[2026-02-07 02:43:04] local.INFO: ITEMS RECEIVED [{"asset_id":"59","asset_unit":"1","status":null,"asset_discount":"0"}] 
[2026-02-07 03:56:38] local.INFO: ITEMS RECEIVED [{"asset_id":"334","asset_unit":"1","status":null,"asset_discount":"0"}] 
[2026-02-07 04:04:25] local.INFO: ITEMS RECEIVED [{"asset_id":"346","asset_unit":"1","status":null,"asset_discount":"0"}] 
[2026-02-07 06:58:14] local.INFO: ITEMS RECEIVED [{"asset_id":"334","asset_unit":"1","status":null,"asset_discount":"0"},{"asset_id":"193","asset_unit":"1","status":null,"asset_discount":"0"}] 
[2026-02-07 06:58:55] local.INFO: ITEMS RECEIVED [{"asset_id":"334","asset_unit":"1","status":null,"asset_discount":"0"},{"asset_id":"193","asset_unit":"1","status":null,"asset_discount":"0"}] 
[2026-02-07 06:59:44] local.INFO: ITEMS RECEIVED [{"asset_id":"334","asset_unit":"1","status":null,"asset_discount":"0"},{"asset_id":"193","asset_unit":"1","status":null,"asset_discount":"0"}] 
[2026-02-10 00:50:22] local.INFO: ITEMS RECEIVED [{"asset_id":"333","asset_unit":"100","status":null,"asset_discount":"0"}] 
[2026-02-10 00:53:17] local.INFO: ITEMS RECEIVED [{"asset_id":"57","asset_unit":"30","status":null,"asset_discount":"0"},{"asset_id":"27","asset_unit":"30","status":null,"asset_discount":"0"}] 
[2026-02-10 02:24:21] local.INFO: ITEMS RECEIVED [{"asset_id":"355","asset_unit":"1","status":null,"asset_discount":"0"}] 
[2026-02-11 01:36:13] local.INFO: ITEMS RECEIVED [{"asset_id":"59","asset_unit":"1","status":null,"asset_discount":"0"}] 
[2026-02-11 01:38:21] local.INFO: ITEMS RECEIVED [{"asset_id":"334","asset_unit":"1","status":null,"asset_discount":"0"},{"asset_id":"193","asset_unit":"1","status":null,"asset_discount":"0"}] 
[2026-02-11 01:38:53] local.INFO: ITEMS RECEIVED [{"asset_id":"334","asset_unit":"1","status":null,"asset_discount":"0"},{"asset_id":"193","asset_unit":"1","status":null,"asset_discount":"0"}] 
[2026-02-11 01:39:25] local.INFO: ITEMS RECEIVED [{"asset_id":"334","asset_unit":"1","status":null,"asset_discount":"0"},{"asset_id":"193","asset_unit":"1","status":null,"asset_discount":"0"}] 
[2026-02-11 01:40:00] local.INFO: ITEMS RECEIVED [{"asset_id":"334","asset_unit":"1","status":null,"asset_discount":"0"},{"asset_id":"193","asset_unit":"1","status":null,"asset_discount":"0"}] 
[2026-02-11 02:06:44] local.INFO: ITEMS RECEIVED [{"asset_id":"334","asset_unit":"1","status":null,"asset_discount":"0"}] 
[2026-02-11 06:07:26] local.INFO: ITEMS RECEIVED [{"asset_id":"334","asset_unit":"1","status":null,"asset_discount":"0"}] 
[2026-02-11 06:08:26] local.INFO: ITEMS RECEIVED [{"asset_id":"334","asset_unit":"1","status":null,"asset_discount":"0"}] 
[2026-02-11 10:31:31] local.INFO: ITEMS RECEIVED [{"asset_id":"334","asset_unit":"1","status":null,"asset_discount":"0"},{"asset_id":"193","asset_unit":"1","status":null,"asset_discount":"0"}] 
[2026-02-11 10:32:06] local.INFO: ITEMS RECEIVED [{"asset_id":"334","asset_unit":"1","status":null,"asset_discount":"0"},{"asset_id":"193","asset_unit":"1","status":null,"asset_discount":"0"}] 
[2026-02-11 10:32:46] local.INFO: ITEMS RECEIVED [{"asset_id":"334","asset_unit":"1","status":null,"asset_discount":"0"},{"asset_id":"193","asset_unit":"1","status":null,"asset_discount":"0"}] 
[2026-02-12 01:12:33] local.INFO: ITEMS RECEIVED [{"asset_id":"24","asset_unit":"1","status":null,"asset_discount":"0"},{"asset_id":"136","asset_unit":"1","status":null,"asset_discount":"0"},{"asset_id":"193","asset_unit":"1","status":null,"asset_discount":"0"}] 
[2026-02-12 01:15:25] local.INFO: ITEMS RECEIVED [{"asset_id":"193","asset_unit":"1","status":null,"asset_discount":"0"},{"asset_id":"24","asset_unit":"1","status":null,"asset_discount":"0"},{"asset_id":"136","asset_unit":"1","status":null,"asset_discount":"0"}] 
[2026-02-12 01:23:33] local.INFO: ITEMS RECEIVED [{"asset_id":"193","asset_unit":"1","status":null,"asset_discount":"0"},{"asset_id":"24","asset_unit":"1","status":null,"asset_discount":"0"},{"asset_id":"356","asset_unit":"1","status":null,"asset_discount":"0"}] 
[2026-02-12 05:09:32] local.INFO: ITEMS RECEIVED [{"asset_id":"59","asset_unit":"1","status":null,"asset_discount":"0"}] 
[2026-02-12 07:39:45] local.INFO: ITEMS RECEIVED [{"asset_id":"59","asset_unit":"1","status":null,"asset_discount":"0"}] 
[2026-02-13 01:27:46] local.INFO: ITEMS RECEIVED [{"asset_id":"334","asset_unit":"1","status":null,"asset_discount":"0"}] 
[2026-02-13 02:24:08] local.INFO: ITEMS RECEIVED [{"asset_id":"59","asset_unit":"1","status":null,"asset_discount":"0"}] 
[2026-02-13 08:29:06] local.INFO: ITEMS RECEIVED [{"asset_id":"59","asset_unit":"1","status":null,"asset_discount":"0"}] 
[2026-02-13 08:49:28] local.INFO: ITEMS RECEIVED [{"asset_id":"356","asset_unit":"1","status":null,"asset_discount":"0"},{"asset_id":"24","asset_unit":"1","status":null,"asset_discount":"0"},{"asset_id":"193","asset_unit":"1","status":null,"asset_discount":"0"}] 
[2026-02-16 00:52:21] local.INFO: ITEMS RECEIVED [{"asset_id":"59","asset_unit":"1","status":null,"asset_discount":"0"}] 
[2026-02-16 02:47:44] local.INFO: ITEMS RECEIVED [{"asset_id":"334","asset_unit":"1","status":null,"asset_discount":"0"}] 
[2026-02-20 05:03:15] local.INFO: ITEMS RECEIVED [{"asset_id":"59","asset_unit":"1","status":null,"asset_discount":"0"}] 
[2026-02-21 03:43:08] local.INFO: ITEMS RECEIVED [{"asset_id":"334","asset_unit":"1","status":null,"asset_discount":"0"}] 
[2026-02-21 04:06:51] local.INFO: ITEMS RECEIVED [{"asset_id":"24","asset_unit":"1","status":null,"asset_discount":"0"},{"asset_id":"327","asset_unit":"1","status":null,"asset_discount":"0"},{"asset_id":"334","asset_unit":"1","status":null,"asset_discount":"0"}] 
[2026-02-21 04:07:54] local.INFO: ITEMS RECEIVED [{"asset_id":"193","asset_unit":"1","status":null,"asset_discount":"0"},{"asset_id":"24","asset_unit":"1","status":null,"asset_discount":"0"},{"asset_id":"356","asset_unit":"1","status":null,"asset_discount":"0"}] 
[2026-02-21 04:09:51] local.INFO: ITEMS RECEIVED [{"asset_id":"193","asset_unit":"1","status":null,"asset_discount":"0"},{"asset_id":"24","asset_unit":"1","status":null,"asset_discount":"0"},{"asset_id":"356","asset_unit":"1","status":null,"asset_discount":"0"}] 
[2026-02-21 04:24:29] local.INFO: ITEMS RECEIVED [{"asset_id":"193","asset_unit":"1","status":null,"asset_discount":"0"},{"asset_id":"24","asset_unit":"1","status":null,"asset_discount":"0"},{"asset_id":"356","asset_unit":"1","status":null,"asset_discount":"0"}] 
[2026-02-21 04:25:37] local.INFO: ITEMS RECEIVED [{"asset_id":"193","asset_unit":"1","status":null,"asset_discount":"0"},{"asset_id":"24","asset_unit":"1","status":null,"asset_discount":"0"},{"asset_id":"356","asset_unit":"1","status":null,"asset_discount":"0"}] 
[2026-02-21 05:02:34] local.INFO: ITEMS RECEIVED [{"asset_id":"334","asset_unit":"1","status":null,"asset_discount":"0"},{"asset_id":"193","asset_unit":"1","status":null,"asset_discount":"0"}] 
[2026-02-21 05:03:21] local.INFO: ITEMS RECEIVED [{"asset_id":"334","asset_unit":"1","status":null,"asset_discount":"0"},{"asset_id":"193","asset_unit":"1","status":null,"asset_discount":"0"}] 
[2026-02-23 01:26:46] local.INFO: ITEMS RECEIVED [{"asset_id":"59","asset_unit":"1","status":null,"asset_discount":"0"}] 
[2026-02-23 03:48:59] local.INFO: ITEMS RECEIVED [{"asset_id":"26","asset_unit":"3","status":null,"asset_discount":"0"}] 
[2026-02-23 07:35:57] local.INFO: ITEMS RECEIVED [{"asset_id":"59","asset_unit":"1","status":null,"asset_discount":"0"}] 
[2026-02-24 00:29:53] local.INFO: ITEMS RECEIVED [{"asset_id":"334","asset_unit":"1","status":null,"asset_discount":"0"}] 
[2026-02-24 03:26:30] local.INFO: ITEMS RECEIVED [{"asset_id":"334","asset_unit":"1","status":null,"asset_discount":"0"}] 
[2026-02-24 08:25:27] local.INFO: ITEMS RECEIVED [{"asset_id":"327","asset_unit":"1","status":null,"asset_discount":"0"}] 
[2026-02-24 08:26:23] local.INFO: ITEMS RECEIVED [{"asset_id":"327","asset_unit":"1","status":null,"asset_discount":"0"}] 
[2026-02-24 08:28:09] local.INFO: ITEMS RECEIVED [{"asset_id":"327","asset_unit":"1","status":null,"asset_discount":"0"}] 
[2026-02-24 08:28:58] local.INFO: ITEMS RECEIVED [{"asset_id":"327","asset_unit":"1","status":null,"asset_discount":"0"}] 
[2026-02-24 08:30:02] local.INFO: ITEMS RECEIVED [{"asset_id":"30","asset_unit":"1","status":null,"asset_discount":"0"}] 
[2026-02-24 08:30:53] local.INFO: ITEMS RECEIVED [{"asset_id":"42","asset_unit":"1","status":null,"asset_discount":"0"}] 
[2026-02-25 03:54:22] local.INFO: ITEMS RECEIVED [{"asset_id":"59","asset_unit":"1","status":null,"asset_discount":"0"}] 
[2026-02-25 03:55:29] local.INFO: ITEMS RECEIVED [{"asset_id":"59","asset_unit":"1","status":null,"asset_discount":"0"}] 
[2026-02-25 07:17:00] local.INFO: ITEMS RECEIVED [{"asset_id":"327","asset_unit":"1","status":null,"asset_discount":"0"}] 
[2026-02-25 07:17:55] local.INFO: ITEMS RECEIVED [{"asset_id":"55","asset_unit":"1","status":null,"asset_discount":"0"}] 
[2026-02-25 07:20:24] local.INFO: ITEMS RECEIVED [{"asset_id":"327","asset_unit":"1","status":null,"asset_discount":"0"}] 
[2026-02-25 07:21:25] local.INFO: ITEMS RECEIVED [{"asset_id":"55","asset_unit":"1","status":null,"asset_discount":"0"}] 
[2026-02-25 07:22:23] local.INFO: ITEMS RECEIVED [{"asset_id":"55","asset_unit":"1","status":null,"asset_discount":"0"}] 
[2026-02-25 07:23:33] local.INFO: ITEMS RECEIVED [{"asset_id":"327","asset_unit":"1","status":null,"asset_discount":"0"}] 
[2026-02-25 07:24:20] local.INFO: ITEMS RECEIVED [{"asset_id":"55","asset_unit":"1","status":null,"asset_discount":"0"}] 
[2026-02-25 07:38:14] local.INFO: ITEMS RECEIVED [{"asset_id":"55","asset_unit":"1","status":null,"asset_discount":"0"}] 
[2026-02-25 07:38:58] local.INFO: ITEMS RECEIVED [{"asset_id":"30","asset_unit":"1","status":null,"asset_discount":"0"}] 
[2026-02-25 07:41:27] local.INFO: ITEMS RECEIVED [{"asset_id":"30","asset_unit":"1","status":null,"asset_discount":"0"}] 
[2026-02-25 07:48:11] local.INFO: ITEMS RECEIVED [{"asset_id":"55","asset_unit":"1","status":null,"asset_discount":"0"}] 
[2026-02-25 07:54:09] local.INFO: ITEMS RECEIVED [{"asset_id":"171","asset_unit":"1","status":null,"asset_discount":"0"},{"asset_id":"170","asset_unit":"1","status":null,"asset_discount":"0"}] 
[2026-02-26 04:09:08] local.INFO: ITEMS RECEIVED [{"asset_id":"55","asset_unit":"1","status":null,"asset_discount":"0"}] 
[2026-02-26 09:49:50] local.INFO: ITEMS RECEIVED [{"asset_id":"59","asset_unit":"1","status":null,"asset_discount":"0"}] 
[2026-02-27 01:47:10] local.INFO: ITEMS RECEIVED [{"asset_id":"59","asset_unit":"1","status":null,"asset_discount":"0"}] 
[2026-02-27 05:57:21] local.INFO: ITEMS RECEIVED [{"asset_id":"334","asset_unit":"1","status":null,"asset_discount":"0"}] 
[2026-02-27 05:58:07] local.INFO: ITEMS RECEIVED [{"asset_id":"334","asset_unit":"1","status":null,"asset_discount":"0"}] 
[2026-02-27 07:05:21] local.INFO: ITEMS RECEIVED [{"asset_id":"334","asset_unit":"1","status":null,"asset_discount":"0"}] 
[2026-02-27 07:06:04] local.INFO: ITEMS RECEIVED [{"asset_id":"334","asset_unit":"1","status":null,"asset_discount":"0"}] 
[2026-02-28 00:31:52] local.INFO: ITEMS RECEIVED [{"asset_id":"334","asset_unit":"1","status":null,"asset_discount":"0"}] 
[2026-02-28 00:32:30] local.INFO: ITEMS RECEIVED [{"asset_id":"334","asset_unit":"1","status":null,"asset_discount":"0"}] 
[2026-02-28 00:33:15] local.INFO: ITEMS RECEIVED [{"asset_id":"334","asset_unit":"1","status":null,"asset_discount":"0"}] 
[2026-02-28 04:47:47] local.INFO: ITEMS RECEIVED [{"asset_id":"170","asset_unit":"1","status":null,"asset_discount":"0"}] 
[2026-02-28 04:48:54] local.INFO: ITEMS RECEIVED [{"asset_id":"24","asset_unit":"1","status":null,"asset_discount":"0"},{"asset_id":"193","asset_unit":"1","status":null,"asset_discount":"0"},{"asset_id":"334","asset_unit":"1","status":null,"asset_discount":"0"}] 
[2026-02-28 07:42:48] local.INFO: ITEMS RECEIVED [{"asset_id":"334","asset_unit":"1","status":null,"asset_discount":"0"},{"asset_id":"193","asset_unit":"1","status":null,"asset_discount":"0"}] 
[2026-02-28 07:43:32] local.INFO: ITEMS RECEIVED [{"asset_id":"334","asset_unit":"1","status":null,"asset_discount":"0"},{"asset_id":"193","asset_unit":"1","status":null,"asset_discount":"0"}] 
[2026-02-28 07:44:14] local.INFO: ITEMS RECEIVED [{"asset_id":"334","asset_unit":"1","status":null,"asset_discount":"0"},{"asset_id":"193","asset_unit":"1","status":null,"asset_discount":"0"}] 
[2026-02-28 07:44:56] local.INFO: ITEMS RECEIVED [{"asset_id":"334","asset_unit":"1","status":null,"asset_discount":"0"},{"asset_id":"193","asset_unit":"1","status":null,"asset_discount":"0"}] 
[2026-02-28 07:45:33] local.INFO: ITEMS RECEIVED [{"asset_id":"334","asset_unit":"1","status":null,"asset_discount":"0"},{"asset_id":"193","asset_unit":"1","status":null,"asset_discount":"0"}] 
[2026-02-28 07:46:12] local.INFO: ITEMS RECEIVED [{"asset_id":"334","asset_unit":"1","status":null,"asset_discount":"0"},{"asset_id":"193","asset_unit":"1","status":null,"asset_discount":"0"}] 
[2026-02-28 07:47:31] local.INFO: ITEMS RECEIVED [{"asset_id":"193","asset_unit":"1","status":null,"asset_discount":"0"}] 
[2026-02-28 07:48:07] local.INFO: ITEMS RECEIVED [{"asset_id":"193","asset_unit":"1","status":null,"asset_discount":"0"}] 
[2026-02-28 07:48:36] local.INFO: ITEMS RECEIVED [{"asset_id":"193","asset_unit":"1","status":null,"asset_discount":"0"}] 
[2026-02-28 07:49:17] local.INFO: ITEMS RECEIVED [{"asset_id":"193","asset_unit":"1","status":null,"asset_discount":"0"}] 
[2026-03-02 02:33:04] local.ALERT: {"password":["The password field confirmation does not match."]}  
[2026-03-03 01:36:12] local.INFO: ITEMS RECEIVED [{"asset_id":"24","asset_unit":"44","status":null,"asset_discount":"0"},{"asset_id":"193","asset_unit":"44","status":null,"asset_discount":"0"},{"asset_id":"335","asset_unit":"25","status":null,"asset_discount":"0"},{"asset_id":"334","asset_unit":"19","status":null,"asset_discount":"0"}] 
[2026-03-03 01:47:31] local.INFO: ITEMS RECEIVED [{"asset_id":"334","asset_unit":"1","status":null,"asset_discount":"0"}] 
[2026-03-03 02:28:44] local.ALERT: {"username":["The username has already been taken."]}  
[2026-03-03 02:29:39] local.ALERT: {"username":["The username has already been taken."]}  
[2026-03-03 04:34:24] local.INFO: ITEMS RECEIVED [{"asset_id":"193","asset_unit":"1","status":null,"asset_discount":"0"},{"asset_id":"24","asset_unit":"1","status":null,"asset_discount":"0"},{"asset_id":"334","asset_unit":"1","status":null,"asset_discount":"0"}] 
[2026-03-03 04:43:28] local.INFO: ITEMS RECEIVED [{"asset_id":"327","asset_unit":"1","status":null,"asset_discount":"0"}] 
[2026-03-03 04:46:59] local.INFO: ITEMS RECEIVED [{"asset_id":"327","asset_unit":"1","status":null,"asset_discount":"0"}] 
[2026-03-03 05:18:27] local.INFO: ITEMS RECEIVED [{"asset_id":"334","asset_unit":"1","status":null,"asset_discount":"0"}] 
[2026-03-03 07:24:32] local.INFO: ITEMS RECEIVED [{"asset_id":"346","asset_unit":"1","status":null,"asset_discount":"0"}] 
[2026-03-03 07:24:51] local.INFO: ITEMS RECEIVED [{"asset_id":"346","asset_unit":"1","status":null,"asset_discount":"0"}] 
[2026-03-03 07:25:57] local.INFO: ITEMS RECEIVED [{"asset_id":"346","asset_unit":"1","status":null,"asset_discount":"0"}] 
[2026-03-04 01:26:37] local.INFO: ITEMS RECEIVED [{"asset_id":"334","asset_unit":"1","status":null,"asset_discount":"0"}] 
[2026-03-04 03:01:09] local.INFO: ITEMS RECEIVED [{"asset_id":"59","asset_unit":"1","status":null,"asset_discount":"0"}] 
[2026-03-04 03:52:02] local.INFO: ITEMS RECEIVED [{"asset_id":"59","asset_unit":"1","status":null,"asset_discount":"0"}] 
[2026-03-04 03:58:05] local.INFO: ITEMS RECEIVED [{"asset_id":"59","asset_unit":"1","status":null,"asset_discount":"0"}] 
[2026-03-04 04:42:40] local.INFO: ITEMS RECEIVED [{"asset_id":"59","asset_unit":"1","status":null,"asset_discount":"0"}] 
[2026-03-04 07:38:13] local.INFO: ITEMS RECEIVED [{"asset_id":"403","asset_unit":"1","status":null,"asset_discount":"0"}] 
[2026-03-04 07:40:28] local.INFO: ITEMS RECEIVED [{"asset_id":"407","asset_unit":"1","status":null,"asset_discount":"0"}] 
[2026-03-04 07:43:49] local.INFO: ITEMS RECEIVED [{"asset_id":"407","asset_unit":"1","status":null,"asset_discount":"0"}] 
[2026-03-04 07:44:47] local.INFO: ITEMS RECEIVED [{"asset_id":"406","asset_unit":"1","status":null,"asset_discount":"0"}] 
[2026-03-04 07:45:16] local.INFO: ITEMS RECEIVED [{"asset_id":"404","asset_unit":"1","status":null,"asset_discount":"0"}] 
[2026-03-04 07:45:47] local.INFO: ITEMS RECEIVED [{"asset_id":"404","asset_unit":"1","status":null,"asset_discount":"0"}] 
[2026-03-04 08:21:23] local.INFO: ITEMS RECEIVED [{"asset_id":"193","asset_unit":"1","status":null,"asset_discount":"0"},{"asset_id":"24","asset_unit":"1","status":null,"asset_discount":"0"},{"asset_id":"334","asset_unit":"1","status":null,"asset_discount":"0"}] 
[2026-03-04 08:32:22] local.INFO: ITEMS RECEIVED [{"asset_id":"170","asset_unit":"1","status":null,"asset_discount":"0"}] 
[2026-03-05 00:55:01] local.INFO: ITEMS RECEIVED [{"asset_id":"59","asset_unit":"1","status":null,"asset_discount":"0"}] 
[2026-03-05 02:48:47] local.INFO: ITEMS RECEIVED [{"asset_id":"346","asset_unit":"1","status":null,"asset_discount":"0"}] 
[2026-03-05 03:02:30] local.INFO: ITEMS RECEIVED [{"asset_id":"193","asset_unit":"1","status":null,"asset_discount":"0"},{"asset_id":"24","asset_unit":"1","status":null,"asset_discount":"0"},{"asset_id":"356","asset_unit":"1","status":null,"asset_discount":"0"}] 
[2026-03-05 03:08:52] local.INFO: ITEMS RECEIVED [{"asset_id":"346","asset_unit":"2","status":null,"asset_discount":"0"}] 
[2026-03-05 03:10:49] local.INFO: ITEMS RECEIVED [{"asset_id":"193","asset_unit":"248","status":null,"asset_discount":"0"}] 
[2026-03-05 03:29:51] local.INFO: ITEMS RECEIVED [{"asset_id":"26","asset_unit":"100","status":null,"asset_discount":"0"},{"asset_id":"28","asset_unit":"50","status":null,"asset_discount":"0"},{"asset_id":"29","asset_unit":"39","status":null,"asset_discount":"0"},{"asset_id":"30","asset_unit":"50","status":null,"asset_discount":"0"}] 
[2026-03-05 03:34:02] local.INFO: ITEMS RECEIVED [{"asset_id":"327","asset_unit":"100","status":null,"asset_discount":"0"},{"asset_id":"59","asset_unit":"50","status":null,"asset_discount":"0"}] 
[2026-03-05 06:57:44] local.INFO: ITEMS RECEIVED [{"asset_id":"26","asset_unit":"4","status":null,"asset_discount":"0"}] 
[2026-03-05 06:59:06] local.INFO: ITEMS RECEIVED [{"asset_id":"32","asset_unit":"2","status":null,"asset_discount":"0"}] 
[2026-03-05 07:55:31] local.INFO: ITEMS RECEIVED [{"asset_id":"59","asset_unit":"1","status":null,"asset_discount":"0"}] 
[2026-03-06 02:52:27] local.INFO: ITEMS RECEIVED [{"asset_id":"55","asset_unit":"1","status":null,"asset_discount":"0"}] 
[2026-03-06 02:53:51] local.INFO: ITEMS RECEIVED [{"asset_id":"327","asset_unit":"1","status":null,"asset_discount":"0"}] 
[2026-03-06 03:09:08] local.INFO: ITEMS RECEIVED [{"asset_id":"327","asset_unit":"1","status":null,"asset_discount":"0"}] 
[2026-03-06 03:11:05] local.INFO: ITEMS RECEIVED [{"asset_id":"55","asset_unit":"1","status":null,"asset_discount":"0"}] 
[2026-03-06 03:12:01] local.INFO: ITEMS RECEIVED [{"asset_id":"55","asset_unit":"1","status":null,"asset_discount":"0"}] 
[2026-03-06 03:13:23] local.INFO: ITEMS RECEIVED [{"asset_id":"55","asset_unit":"1","status":null,"asset_discount":"0"}] 
[2026-03-06 03:22:19] local.INFO: ITEMS RECEIVED [{"asset_id":"30","asset_unit":"1","status":null,"asset_discount":"0"}] 
[2026-03-06 03:23:27] local.INFO: ITEMS RECEIVED [{"asset_id":"30","asset_unit":"1","status":null,"asset_discount":"0"}] 
[2026-03-06 03:25:50] local.INFO: ITEMS RECEIVED [{"asset_id":"55","asset_unit":"1","status":null,"asset_discount":"0"}] 
[2026-03-06 03:26:52] local.INFO: ITEMS RECEIVED [{"asset_id":"33","asset_unit":"1","status":null,"asset_discount":"0"}] 
[2026-03-06 03:28:11] local.INFO: ITEMS RECEIVED [{"asset_id":"327","asset_unit":"1","status":null,"asset_discount":"0"}] 
[2026-03-06 03:32:50] local.INFO: ITEMS RECEIVED [{"asset_id":"59","asset_unit":"1","status":null,"asset_discount":"0"}] 
[2026-03-06 03:35:12] local.INFO: ITEMS RECEIVED [{"asset_id":"193","asset_unit":"1","status":null,"asset_discount":"0"}] 
[2026-03-06 03:47:07] local.INFO: ITEMS RECEIVED [{"asset_id":"327","asset_unit":"1","status":null,"asset_discount":"0"}] 
[2026-03-06 04:07:00] local.INFO: ITEMS RECEIVED [{"asset_id":"55","asset_unit":"1","status":null,"asset_discount":"0"}] 
[2026-03-06 04:08:47] local.INFO: ITEMS RECEIVED [{"asset_id":"30","asset_unit":"1","status":null,"asset_discount":"0"}] 
[2026-03-06 04:10:09] local.INFO: ITEMS RECEIVED [{"asset_id":"33","asset_unit":"1","status":null,"asset_discount":"0"}] 
[2026-03-06 05:34:32] local.INFO: ITEMS RECEIVED [{"asset_id":"348","asset_unit":"1","status":null,"asset_discount":"0"}] 
[2026-03-06 06:15:51] local.INFO: ITEMS RECEIVED [{"asset_id":"334","asset_unit":"1","status":null,"asset_discount":"0"}] 
[2026-03-06 08:41:20] local.INFO: ITEMS RECEIVED [{"asset_id":"59","asset_unit":"1","status":null,"asset_discount":"0"}] 
[2026-03-07 02:50:28] local.INFO: ITEMS RECEIVED [{"asset_id":"334","asset_unit":"1","status":null,"asset_discount":"0"},{"asset_id":"193","asset_unit":"1","status":null,"asset_discount":"0"}] 
[2026-03-07 05:13:43] local.INFO: ITEMS RECEIVED [{"asset_id":"327","asset_unit":"1","status":null,"asset_discount":"0"}] 
[2026-03-07 05:17:40] local.INFO: ITEMS RECEIVED [{"asset_id":"327","asset_unit":"1","status":null,"asset_discount":"0"}] 
[2026-03-09 01:00:42] local.INFO: ITEMS RECEIVED [{"asset_id":"59","asset_unit":"1","status":null,"asset_discount":"0"}] 
[2026-03-09 02:14:31] local.INFO: ITEMS RECEIVED [{"asset_id":"59","asset_unit":"1","status":null,"asset_discount":"0"}] 
[2026-03-09 02:50:15] local.INFO: ITEMS RECEIVED [{"asset_id":"59","asset_unit":"1","status":null,"asset_discount":"0"}] 
[2026-03-09 05:20:55] local.INFO: ITEMS RECEIVED [{"asset_id":"59","asset_unit":"1","status":null,"asset_discount":"0"}] 
[2026-03-10 00:57:20] local.INFO: ITEMS RECEIVED [{"asset_id":"327","asset_unit":"1","status":null,"asset_discount":"0"}] 
[2026-03-10 08:52:43] local.INFO: ITEMS RECEIVED [{"asset_id":"30","asset_unit":"1","status":null,"asset_discount":"0"}] 
[2026-03-10 08:53:48] local.INFO: ITEMS RECEIVED [{"asset_id":"30","asset_unit":"1","status":null,"asset_discount":"0"}] 
[2026-03-10 08:54:22] local.INFO: ITEMS RECEIVED [{"asset_id":"30","asset_unit":"1","status":null,"asset_discount":"0"}] 
[2026-03-10 08:54:53] local.INFO: ITEMS RECEIVED [{"asset_id":"30","asset_unit":"1","status":null,"asset_discount":"0"}] 
[2026-03-10 08:55:23] local.INFO: ITEMS RECEIVED [{"asset_id":"30","asset_unit":"1","status":null,"asset_discount":"0"}] 
[2026-03-10 08:55:47] local.INFO: ITEMS RECEIVED [{"asset_id":"30","asset_unit":"1","status":null,"asset_discount":"0"}] 
[2026-03-10 08:56:23] local.INFO: ITEMS RECEIVED [{"asset_id":"30","asset_unit":"1","status":null,"asset_discount":"0"}] 
[2026-03-10 08:56:46] local.INFO: ITEMS RECEIVED [{"asset_id":"30","asset_unit":"1","status":null,"asset_discount":"0"}] 
[2026-03-10 08:57:19] local.INFO: ITEMS RECEIVED [{"asset_id":"30","asset_unit":"1","status":null,"asset_discount":"0"}] 
[2026-03-10 08:57:46] local.INFO: ITEMS RECEIVED [{"asset_id":"30","asset_unit":"1","status":null,"asset_discount":"0"}] 
[2026-03-10 08:58:14] local.INFO: ITEMS RECEIVED [{"asset_id":"30","asset_unit":"1","status":null,"asset_discount":"0"}] 
[2026-03-10 08:58:43] local.INFO: ITEMS RECEIVED [{"asset_id":"30","asset_unit":"1","status":null,"asset_discount":"0"}] 
[2026-03-10 08:59:03] local.INFO: ITEMS RECEIVED [{"asset_id":"30","asset_unit":"1","status":null,"asset_discount":"0"}] 
[2026-03-10 08:59:37] local.INFO: ITEMS RECEIVED [{"asset_id":"30","asset_unit":"1","status":null,"asset_discount":"0"}] 
[2026-03-10 09:00:02] local.INFO: ITEMS RECEIVED [{"asset_id":"30","asset_unit":"1","status":null,"asset_discount":"0"}] 
[2026-03-10 09:00:25] local.INFO: ITEMS RECEIVED [{"asset_id":"30","asset_unit":"1","status":null,"asset_discount":"0"}] 
[2026-03-10 09:00:50] local.INFO: ITEMS RECEIVED [{"asset_id":"30","asset_unit":"1","status":null,"asset_discount":"0"}] 
[2026-03-10 09:01:18] local.INFO: ITEMS RECEIVED [{"asset_id":"30","asset_unit":"1","status":null,"asset_discount":"0"}] 
[2026-03-10 09:01:45] local.INFO: ITEMS RECEIVED [{"asset_id":"30","asset_unit":"1","status":null,"asset_discount":"0"}] 
[2026-03-10 09:02:16] local.INFO: ITEMS RECEIVED [{"asset_id":"30","asset_unit":"1","status":null,"asset_discount":"0"}] 
[2026-03-10 09:02:37] local.INFO: ITEMS RECEIVED [{"asset_id":"30","asset_unit":"1","status":null,"asset_discount":"0"}] 
[2026-03-10 09:03:17] local.INFO: ITEMS RECEIVED [{"asset_id":"30","asset_unit":"1","status":null,"asset_discount":"0"}] 
[2026-03-10 09:03:46] local.INFO: ITEMS RECEIVED [{"asset_id":"30","asset_unit":"1","status":null,"asset_discount":"0"}] 
[2026-03-10 09:04:18] local.INFO: ITEMS RECEIVED [{"asset_id":"30","asset_unit":"1","status":null,"asset_discount":"0"}] 
[2026-03-10 09:04:41] local.INFO: ITEMS RECEIVED [{"asset_id":"30","asset_unit":"1","status":null,"asset_discount":"0"}] 
[2026-03-10 09:05:07] local.INFO: ITEMS RECEIVED [{"asset_id":"30","asset_unit":"1","status":null,"asset_discount":"0"}] 
[2026-03-10 09:05:29] local.INFO: ITEMS RECEIVED [{"asset_id":"30","asset_unit":"1","status":null,"asset_discount":"0"}] 
[2026-03-10 09:06:03] local.INFO: ITEMS RECEIVED [{"asset_id":"30","asset_unit":"1","status":null,"asset_discount":"0"}] 
[2026-03-10 09:06:27] local.INFO: ITEMS RECEIVED [{"asset_id":"30","asset_unit":"1","status":null,"asset_discount":"0"}] 
[2026-03-10 09:06:55] local.INFO: ITEMS RECEIVED [{"asset_id":"30","asset_unit":"1","status":null,"asset_discount":"0"}] 
[2026-03-10 09:07:16] local.INFO: ITEMS RECEIVED [{"asset_id":"30","asset_unit":"1","status":null,"asset_discount":"0"}] 
[2026-03-10 09:07:46] local.INFO: ITEMS RECEIVED [{"asset_id":"30","asset_unit":"1","status":null,"asset_discount":"0"}] 
[2026-03-10 09:08:15] local.INFO: ITEMS RECEIVED [{"asset_id":"30","asset_unit":"1","status":null,"asset_discount":"0"}] 
[2026-03-10 09:08:42] local.INFO: ITEMS RECEIVED [{"asset_id":"30","asset_unit":"1","status":null,"asset_discount":"0"}] 
[2026-03-10 09:09:13] local.INFO: ITEMS RECEIVED [{"asset_id":"30","asset_unit":"1","status":null,"asset_discount":"0"}] 
[2026-03-10 09:09:45] local.INFO: ITEMS RECEIVED [{"asset_id":"30","asset_unit":"1","status":null,"asset_discount":"0"}] 
[2026-03-10 09:10:15] local.INFO: ITEMS RECEIVED [{"asset_id":"30","asset_unit":"1","status":null,"asset_discount":"0"}] 
[2026-03-10 09:10:36] local.INFO: ITEMS RECEIVED [{"asset_id":"30","asset_unit":"1","status":null,"asset_discount":"0"}] 
[2026-03-10 09:11:03] local.INFO: ITEMS RECEIVED [{"asset_id":"30","asset_unit":"1","status":null,"asset_discount":"0"}] 
[2026-03-10 09:11:28] local.INFO: ITEMS RECEIVED [{"asset_id":"30","asset_unit":"1","status":null,"asset_discount":"0"}] 
[2026-03-10 09:11:50] local.INFO: ITEMS RECEIVED [{"asset_id":"30","asset_unit":"1","status":null,"asset_discount":"0"}] 
[2026-03-10 09:12:22] local.INFO: ITEMS RECEIVED [{"asset_id":"30","asset_unit":"1","status":null,"asset_discount":"0"}] 
[2026-03-10 09:12:53] local.INFO: ITEMS RECEIVED [{"asset_id":"30","asset_unit":"1","status":null,"asset_discount":"0"}] 
[2026-03-10 09:13:11] local.INFO: ITEMS RECEIVED [{"asset_id":"30","asset_unit":"1","status":null,"asset_discount":"0"}] 
[2026-03-10 09:13:40] local.INFO: ITEMS RECEIVED [{"asset_id":"30","asset_unit":"1","status":null,"asset_discount":"0"}] 
[2026-03-10 09:14:02] local.INFO: ITEMS RECEIVED [{"asset_id":"30","asset_unit":"1","status":null,"asset_discount":"0"}] 
[2026-03-10 09:14:32] local.INFO: ITEMS RECEIVED [{"asset_id":"30","asset_unit":"1","status":null,"asset_discount":"0"}] 
[2026-03-10 09:14:54] local.INFO: ITEMS RECEIVED [{"asset_id":"30","asset_unit":"1","status":null,"asset_discount":"0"}] 
[2026-03-10 09:15:25] local.INFO: ITEMS RECEIVED [{"asset_id":"30","asset_unit":"1","status":null,"asset_discount":"0"}] 
[2026-03-10 09:16:28] local.INFO: ITEMS RECEIVED [{"asset_id":"30","asset_unit":"1","status":null,"asset_discount":"0"}] 
[2026-03-11 03:07:00] local.INFO: ITEMS RECEIVED [{"asset_id":"137","asset_unit":"2","status":null,"asset_discount":"0"}] 
[2026-03-11 03:07:38] local.INFO: ITEMS RECEIVED [{"asset_id":"137","asset_unit":"2","status":null,"asset_discount":"0"}] 
[2026-03-11 08:12:42] local.INFO: ITEMS RECEIVED [{"asset_id":"193","asset_unit":"1","status":null,"asset_discount":"0"},{"asset_id":"24","asset_unit":"1","status":null,"asset_discount":"0"},{"asset_id":"334","asset_unit":"1","status":null,"asset_discount":"0"}] 
[2026-03-11 08:13:49] local.INFO: ITEMS RECEIVED [{"asset_id":"24","asset_unit":"1","status":null,"asset_discount":"0"},{"asset_id":"334","asset_unit":"1","status":null,"asset_discount":"0"},{"asset_id":"193","asset_unit":"1","status":null,"asset_discount":"0"}] 
[2026-03-11 08:15:43] local.INFO: ITEMS RECEIVED [{"asset_id":"193","asset_unit":"1","status":null,"asset_discount":"0"},{"asset_id":"334","asset_unit":"1","status":null,"asset_discount":"0"},{"asset_id":"24","asset_unit":"1","status":null,"asset_discount":"0"}] 
[2026-03-11 08:17:19] local.INFO: ITEMS RECEIVED [{"asset_id":"193","asset_unit":"1","status":null,"asset_discount":"0"},{"asset_id":"24","asset_unit":"1","status":null,"asset_discount":"0"},{"asset_id":"24","asset_unit":"1","status":null,"asset_discount":"0"}] 
[2026-03-11 08:18:58] local.INFO: ITEMS RECEIVED [{"asset_id":"193","asset_unit":"1","status":null,"asset_discount":"0"},{"asset_id":"334","asset_unit":"1","status":null,"asset_discount":"0"},{"asset_id":"24","asset_unit":"1","status":null,"asset_discount":"0"}] 
[2026-03-11 08:20:22] local.INFO: ITEMS RECEIVED [{"asset_id":"193","asset_unit":"1","status":null,"asset_discount":"0"},{"asset_id":"334","asset_unit":"1","status":null,"asset_discount":"0"},{"asset_id":"24","asset_unit":"1","status":null,"asset_discount":"0"}] 
[2026-03-11 23:58:12] local.INFO: ITEMS RECEIVED [{"asset_id":"24","asset_unit":"1","status":null,"asset_discount":"0"},{"asset_id":"193","asset_unit":"1","status":null,"asset_discount":"0"},{"asset_id":"334","asset_unit":"1","status":null,"asset_discount":"0"}] 
[2026-03-12 02:16:42] local.INFO: ITEMS RECEIVED [{"asset_id":"24","asset_unit":"1","status":null,"asset_discount":"0"},{"asset_id":"193","asset_unit":"1","status":null,"asset_discount":"0"},{"asset_id":"334","asset_unit":"1","status":null,"asset_discount":"0"}] 
[2026-03-12 03:12:41] local.ALERT: {"password":["The password field is required."]}  
[2026-03-12 06:49:14] local.INFO: ITEMS RECEIVED [{"asset_id":"398","asset_unit":"2","status":null,"asset_discount":"0"}] 
[2026-03-12 07:35:18] local.INFO: ITEMS RECEIVED [{"asset_id":"59","asset_unit":"1","status":null,"asset_discount":"0"}] 
[2026-03-12 07:36:51] local.INFO: ITEMS RECEIVED [{"asset_id":"59","asset_unit":"1","status":null,"asset_discount":"0"}] 
[2026-03-12 07:38:13] local.INFO: ITEMS RECEIVED [{"asset_id":"59","asset_unit":"1","status":null,"asset_discount":"0"}] 
[2026-03-12 07:40:17] local.INFO: ITEMS RECEIVED [{"asset_id":"59","asset_unit":"1","status":null,"asset_discount":"0"}] 
[2026-03-12 07:42:14] local.INFO: ITEMS RECEIVED [{"asset_id":"327","asset_unit":"1","status":null,"asset_discount":"0"}] 
[2026-03-12 07:43:34] local.INFO: ITEMS RECEIVED [{"asset_id":"59","asset_unit":"1","status":null,"asset_discount":"0"}] 
